pretrain_sample_id,cohort,latent_0,latent_1,latent_2,latent_3,latent_4,latent_5,latent_6,latent_7,latent_8,latent_9,latent_10,latent_11,latent_12,latent_13,latent_14,latent_15,latent_16,latent_17,latent_18,latent_19,latent_20,latent_21,latent_22,latent_23,latent_24,latent_25,latent_26,latent_27,latent_28,latent_29,latent_30,latent_31,latent_32,latent_33,latent_34,latent_35,latent_36,latent_37,latent_38,latent_39,latent_40,latent_41,latent_42,latent_43,latent_44,latent_45,latent_46,latent_47,latent_48,latent_49,latent_50,latent_51,latent_52,latent_53,latent_54,latent_55,latent_56,latent_57,latent_58,latent_59,latent_60,latent_61,latent_62,latent_63
LSCC:C3L-00081,LSCC,4.6626725,30.24019,-6.4266176,5.7131515,-6.1910253,12.271769,-3.0953758,4.08433,3.8943048,14.3129015,5.5708165,0.5830683,9.842423,-6.029661,-28.839457,-9.067527,-11.972067,-4.035731,-10.937699,13.179291,-8.623205,3.4163716,-17.583368,-5.250427,11.502896,4.8974924,-18.863358,-10.092132,10.0632515,14.911171,9.543756,-15.982287,4.193158,-3.161817,18.327406,14.574271,-12.166876,-17.051224,0.07597701,-13.546842,-6.9376364,-30.831886,-20.717329,-24.598324,-8.197388,15.387157,13.185808,-5.9985733,11.804454,-9.42609,16.417332,-6.1480203,-6.597177,7.360304,-4.5985937,15.873707,-15.073219,-4.000737,-2.003736,20.35228,-5.2938952,38.945713,-18.263594,23.633766
LSCC:C3L-00415,LSCC,62.83453,33.200783,-16.469296,-25.635405,-56.053726,-4.1772413,38.680515,44.288296,18.250387,-16.122032,24.071,34.551903,4.082442,-8.745487,-10.852743,20.957024,-17.39269,-15.376069,28.5764,52.66747,15.138607,8.740891,2.9897475,-4.687931,-65.91838,13.456015,-67.588875,7.4182553,-24.069893,-2.5603666,-23.341202,-18.902857,0.018800825,19.871956,-32.78221,53.18737,-51.610214,-4.2700315,25.713095,-33.689266,-9.687929,-1.500325,-29.285818,4.63218,9.943667,-15.446967,-31.855158,-37.599064,52.35849,-43.11813,-9.462609,0.4613423,-9.68461,-27.200775,-3.0350554,-4.0067816,-4.45485,-40.237377,-37.87779,43.88851,-10.479435,84.503494,-29.380503,-15.485655
LSCC:C3L-00445,LSCC,-4.469305,14.577722,-4.7160525,23.011454,-16.504238,-3.5039358,-1.4371827,-1.3169464,14.750692,4.9633403,6.219888,1.50074,-11.422171,7.3633447,-15.305604,-6.2154727,0.61402255,-0.8657094,-6.2507296,9.589309,13.7843275,13.9628725,-7.061526,21.081148,5.419009,19.363535,-2.0114245,-22.606075,5.238505,-9.385121,-27.116198,18.67203,-7.8663883,9.368879,10.292505,3.0035195,-11.38541,-6.190494,10.367151,-9.255696,9.575638,-14.2888,-14.310712,-28.200075,2.574499,8.129639,-6.0748377,-3.7584171,-4.4522767,-13.911292,2.9972022,7.799483,-14.717939,2.5304346,10.192745,0.19166407,-0.6091187,0.9587611,-26.918127,-17.811602,3.4342954,7.252447,5.539416,-7.9373612
LSCC:C3L-00568,LSCC,0.0788178,22.286821,-10.720681,2.2627518,-2.347863,-54.252583,-4.5811577,30.365509,10.737466,7.75536,3.352001,14.201203,29.438667,7.5003653,-4.5782156,0.66299903,-5.853948,10.396991,-30.984041,-7.4006157,6.5073156,-0.63554645,-13.853897,-10.228792,-7.841243,1.3477927,-28.111122,-24.137571,1.2331511,11.975328,-46.38709,-12.076055,3.7757463,18.155388,5.931474,-4.5299673,10.949326,-3.864042,-1.6854894,-8.232728,26.502728,-35.931698,-4.6742196,-30.349537,-14.123262,6.2630816,-1.0759844,-15.944821,-2.6843417,-11.683449,-4.924292,-7.3479824,1.5551896,-10.603541,-7.9643726,-0.8219611,-4.077045,7.988882,-21.818676,-8.361227,-5.05621,1.7433441,10.174336,2.1803856
LSCC:C3L-00603,LSCC,-12.819537,2.1013074,5.2499804,-7.162158,-30.317633,7.7102814,1.8158205,1.1339267,-17.524717,-2.8864553,30.216047,-0.7755211,-1.1682937,37.167923,-19.93344,21.299301,-5.197737,-4.869723,6.924024,27.67958,-11.420312,4.042666,8.350041,11.088413,6.904721,14.627893,-27.544594,-3.971387,-0.11622143,1.6188408,6.5235033,-21.675613,-12.797416,-22.247454,-9.862662,28.602562,-21.920135,-3.3488567,17.462688,-1.341792,-9.454055,5.5295806,-50.38887,-38.113335,-16.647926,2.0129375,1.1511804,5.0739245,25.738203,-3.0467503,-11.557193,-11.74323,6.982346,-8.421594,-12.096764,10.438766,1.6943039,-10.432126,-14.190066,2.9994502,-13.084039,36.06032,-5.2171082,7.805512
LSCC:C3L-00904,LSCC,-14.475674,19.891531,-5.4476676,2.2606478,4.312251,-37.116016,-3.361785,10.798157,-9.38022,9.866138,-9.229969,22.886301,5.5315733,19.586014,-12.59952,1.1433516,-4.1470585,-0.8217584,-15.020871,-3.4556122,14.175512,-0.8928449,3.5868096,-0.44117904,11.338508,12.635935,0.84334224,-31.491764,7.959656,3.7542264,-23.06563,0.8873541,-5.092577,16.071712,11.092188,1.9966965,-9.807494,-1.1676314,8.692247,3.2699761,26.564865,-17.132189,-11.5150795,-18.141178,-14.252454,-8.61532,-2.4020507,0.71053886,-0.02990754,4.1412992,-11.044558,-11.180321,-5.308985,2.1835685,4.453043,2.9279015,2.919931,5.3539963,-19.868093,-4.75381,-2.283017,0.043903276,-6.569342,-3.0597458
LSCC:C3L-00923,LSCC,20.360783,8.33854,7.80317,-23.787548,-26.241545,8.986387,-0.9373234,28.722113,-16.775614,11.64817,2.2988706,24.626715,26.438562,-11.320613,-12.388356,31.267696,-31.608515,24.187878,-28.417322,10.903729,-28.385492,-24.140907,7.022438,2.4453773,-12.855103,23.691633,-49.43035,18.90867,-7.605864,26.041763,33.426563,23.701075,-16.19102,34.54252,6.7734623,89.92543,7.8705707,5.191129,-8.889307,-7.9167986,-51.84847,-7.1961155,-29.572414,-30.072445,-14.636464,-49.070225,14.823148,14.553122,50.34528,-2.6551297,-22.263165,-6.345407,11.462404,-14.202842,-30.282978,-24.356083,34.16834,-2.6991007,-36.206203,4.2975745,16.24402,85.91797,8.91587,-27.260263
LSCC:C3L-00927,LSCC,38.468723,43.027523,-2.954725,34.792225,0.10939488,3.1126912,12.861468,10.777753,12.220004,18.641169,5.175501,-1.3028901,22.38201,-14.526436,-14.55618,24.77518,-42.967175,26.85595,-33.85025,8.4926405,32.639545,-14.670123,8.220183,5.40175,7.8891983,42.158432,-6.5539403,-36.20339,11.986154,42.4408,14.506948,-47.04099,35.562435,-8.64389,8.347105,-10.950953,-31.222803,6.5015264,-0.14308424,-2.7319067,8.243519,-23.359686,-14.7917595,-61.08217,12.131166,5.301249,-6.5339384,-22.85315,34.557068,-14.297425,-15.647837,16.568035,-19.106812,41.58522,1.6355686,-14.647565,6.798475,-11.875744,-40.35844,-8.4708395,23.495768,66.20987,-27.331133,28.304434
LSCC:C3L-00965,LSCC,-10.909683,-3.5782492,-0.99660075,-5.6866255,-7.839617,-1.1411414,-8.714514,2.653506,-0.32109952,6.0768228,1.1977143,6.039146,12.578683,13.24598,0.9867074,23.541649,-5.9270535,-9.667985,-5.850375,12.788033,-2.1025662,11.203937,-12.442989,3.0952132,13.029228,13.220584,-36.201134,-3.7589355,7.7200766,8.136783,-9.067457,-0.9538792,-7.0653906,-24.71042,2.3403475,11.798669,-2.7778432,-5.8884497,-11.914309,-14.69198,-11.981683,-11.742416,-26.435562,-30.912127,-5.9215503,4.5105915,3.7938097,-3.326448,16.090557,-13.396364,-1.3375701,-13.486574,0.56183535,0.6352829,-3.1172154,19.22169,-3.534007,-15.073593,-14.911989,-6.3165236,12.247572,-4.236495,2.2666311,7.7965884
LSCC:C3L-00993,LSCC,0.36139548,4.449339,5.5574055,-10.963154,-27.870367,-10.949785,12.61069,18.267172,7.3183484,6.8455386,14.896796,28.808754,11.453289,5.528527,-20.305744,10.060906,2.5099716,-6.912448,14.5716505,25.51403,1.8852817,8.145485,4.510247,3.2362373,-2.1980917,12.6636715,-35.092197,-15.087554,0.1125257,11.292915,-13.709088,-20.123789,3.577794,5.7477674,11.946281,30.110258,-5.2009444,-4.441898,12.05646,-18.250837,-7.6866136,-10.110152,-46.47068,-29.085562,-7.5595727,-2.4868135,3.5000222,-11.758145,16.20726,-13.61464,8.895013,23.754969,-1.4043512,-10.785523,1.2877834,4.1196065,5.705282,6.2977314,-22.984684,5.9934425,8.532453,33.0375,-5.2934694,12.487989
LSCC:C3L-01000,LSCC,10.412805,-0.43518722,8.174506,-13.124633,-21.89874,4.5237103,6.478505,32.57889,-13.313593,18.961065,27.922977,-1.731996,0.43062407,14.625215,-17.530775,18.08981,-25.461952,-7.536361,-9.994781,19.276426,-5.620395,-0.03040088,-8.483891,3.6064916,-2.4945896,16.403765,-24.306652,-2.7314224,6.843999,-20.190834,14.243244,-6.550696,-8.297312,-11.212816,-3.025021,38.508327,-26.190178,-2.5524766,24.367207,4.3909264,-15.988608,-18.593634,-46.309666,-41.984943,0.2724675,-6.7724032,0.9961635,15.566351,26.322435,2.6804082,-9.871115,7.861116,5.3084726,-16.013456,-2.2200146,-2.19508,5.5475574,-10.166843,-21.939678,0.64014435,-18.488169,28.656036,-2.072865,-7.6794763
LSCC:C3L-01285,LSCC,12.506728,25.924223,25.78029,-13.459192,-10.817553,5.584718,27.384579,43.026775,10.059894,29.124569,7.5797443,4.510707,39.190395,-22.383207,-31.210337,-15.243752,-20.92675,-2.7655356,-13.327481,44.46135,16.842894,5.23613,-7.552532,6.299106,-17.696701,14.458808,-41.821392,-26.345764,0.5435512,16.638935,-8.709127,-48.96633,32.066948,13.649755,33.36404,11.372127,-6.993791,-32.031963,22.160679,-11.049107,-5.871619,-25.377073,-45.380096,-33.210377,-8.710955,6.5276856,19.262274,-35.44437,11.156694,-23.223633,18.683678,32.333286,-23.18422,-2.072558,6.420479,7.2972455,-30.347069,12.0845785,-21.44455,30.29434,33.447617,33.28805,-27.521278,35.12779
LSCC:C3L-01455,LSCC,5.604527,11.852291,6.1146026,-3.0025332,-0.07900329,-3.4846826,5.2442627,9.441917,-7.093044,12.193748,15.423379,4.2942343,-5.8707,-1.2399508,-1.4351553,16.103409,-26.78903,6.3159246,-10.788861,0.27474222,-8.0826235,-2.0359979,0.55156237,-3.5099037,-14.456871,-3.5042543,-30.323013,-21.784643,2.679515,-4.2497635,9.280022,0.80757064,7.822137,-3.872501,5.7525563,18.884855,-11.3861885,8.14207,9.8594265,-13.856502,7.36505,-8.911807,-23.485697,-13.437949,-2.1640122,-14.1015,-13.081543,1.0398262,17.121628,-13.336646,-2.728218,13.454023,1.2200296,-23.365763,3.991726,-17.612206,2.7647405,-13.812256,-1.9332739,-8.335201,-14.781348,26.94971,-14.1910925,-1.6043746
LSCC:C3L-01606,LSCC,36.377163,-4.0519032,-10.35837,0.6235867,-29.060051,-39.813187,5.0664053,29.688213,-6.9933753,-12.656904,28.39604,26.293507,3.6525643,27.57302,-21.014534,18.83676,-25.12723,-5.396823,-24.493164,1.0805558,15.441088,2.1915474,-3.1456258,-16.727383,-8.393122,2.1188087,-47.22119,-23.628477,-25.02376,-8.631965,-16.686247,2.592118,3.3192134,33.447845,-19.090546,-13.218304,-17.437315,-29.76009,20.930376,1.0240427,20.784433,-36.907314,5.670902,-28.86918,-13.044966,-17.56734,13.420438,15.75673,23.911654,-3.527085,-5.6894355,3.9107676,-1.9020462,-12.609633,15.446081,11.333401,30.654333,8.939878,-53.13452,-8.254701,-4.4235706,8.10139,-15.533536,-1.9886065
LSCC:C3L-01663,LSCC,-3.9836338,24.5581,4.667312,-18.126661,-22.81564,-6.3904667,-20.291761,37.937084,-24.462198,3.565259,32.988045,-3.0685627,9.620799,24.884491,10.793075,52.485176,-54.733227,-12.265955,-0.5053365,22.481028,-12.810497,-6.504045,-2.158448,-34.386467,-13.309116,-22.240396,-77.223335,9.3311405,-14.894217,0.79019755,-9.85855,-7.859121,-20.362055,-27.421566,-15.827779,30.509453,-5.6972985,-40.135826,-3.1010392,8.754287,0.18120164,-16.498451,-56.847244,-34.962517,-15.15938,-9.46167,-18.279325,-2.9886637,43.528526,-34.806416,-28.174734,-23.40675,1.3906341,-21.194313,4.699458,-17.70225,7.112884,-17.13512,-29.033176,22.772287,-37.77215,28.571499,-49.88983,-10.447803
LSCC:C3L-01838,LSCC,8.89557,28.680668,-5.524462,11.583319,-8.03577,3.587151,-6.371203,13.6686535,-1.2298229,7.118492,11.056143,-1.8467792,12.888216,-2.8985524,-20.020473,-0.5092591,-19.556229,8.363451,-6.2100577,5.2950006,-4.517996,-4.0932255,-9.485385,-13.498363,13.775393,0.33108672,-17.4215,-14.499627,16.754698,9.378446,-3.5072937,-1.6225444,2.602004,3.032122,13.951146,11.388639,-6.877925,-20.090551,-11.144823,-4.463045,1.4936267,-25.45957,-13.754357,-15.224807,-11.07012,4.334622,3.5347407,-1.2997239,-0.982621,-3.5786262,13.869695,-6.105724,1.6110766,0.14424323,3.9610167,11.543965,-15.823471,-4.5132813,-9.996629,5.637562,-1.3633319,23.71366,-11.654937,7.8889728
LSCC:C3L-01884,LSCC,24.096573,30.14114,-29.462597,-20.132725,0.23345478,-34.665855,16.852804,42.3327,23.926622,32.85764,13.606862,14.503524,-10.479647,16.358578,-50.82313,20.89225,-21.942574,20.168915,-43.247402,29.364597,29.372967,8.666228,8.570959,22.751232,-10.86579,-7.13089,-45.466576,-36.033478,-19.190517,9.914829,-41.801632,-10.060611,39.45679,55.96316,8.609121,10.51084,-21.548504,-4.722982,14.305664,-7.9658914,30.705276,-32.604202,-10.363293,-32.64641,3.7536085,-14.716204,0.17001745,19.125032,30.371077,-30.528713,9.667146,2.0076456,-39.317654,-6.452375,25.552746,7.5335865,17.33585,20.41581,-58.93699,-13.49195,-16.199774,32.15687,-24.004007,-20.805342
LSCC:C3L-02127,LSCC,7.78819,30.989225,-4.2634354,-5.5387325,1.400508,-21.427355,-14.12972,28.818996,-3.4251554,-9.874475,16.989809,3.8846872,11.379877,-0.077675775,-30.041647,-1.177878,-33.14744,5.164588,-13.666505,19.419975,-4.824402,3.2536042,0.91150886,12.208805,-13.469949,-1.7494788,-33.184193,-22.612753,-8.880632,-9.6369295,19.23035,-19.115648,-9.812087,2.0286288,-10.1383295,16.452034,-24.480314,-16.258812,17.94004,-12.635348,-26.565804,-25.015764,-26.706781,-33.175842,-27.83596,35.839687,6.41103,20.147793,16.18537,-29.413097,14.943686,-23.403196,-14.543391,0.41416055,-9.986438,11.052895,4.6846538,14.000162,-28.099451,17.50627,-11.330513,10.7892685,0.21169715,25.243124
LSCC:C3L-02130,LSCC,-0.6471244,23.221075,8.069787,4.9677806,-4.506894,-29.174318,-9.033705,7.154086,-21.61643,1.981711,4.8463244,15.687274,-7.1048717,11.852619,-3.8373754,22.829931,-16.329935,-5.856743,-13.608689,-2.8296137,7.996113,10.703628,-12.44088,-23.314928,-17.649172,-6.9844174,-40.910805,-22.689386,-3.196852,-10.483261,-11.187636,-7.821672,5.4037037,14.638811,4.7034073,-3.8402476,-7.2457976,-14.521869,1.9225014,-2.4026525,8.686558,-34.922844,-24.742579,-19.35282,-0.42335722,-6.8018355,0.51511776,16.466904,14.048356,-9.041747,-3.9147804,-9.89729,2.2859235,-23.946022,-0.9056296,4.484461,9.238983,-3.8046482,-4.6374464,6.662115,-16.305803,7.9564753,-15.302547,4.718913
LSCC:C3L-02163,LSCC,-2.4316976,19.120329,-16.61519,20.346392,-17.723938,-46.306202,21.462774,3.787031,-10.896702,0.6155144,-6.444224,26.915226,22.718699,11.663851,-43.263966,12.251942,-37.86737,9.426374,-52.361053,-4.588836,8.483463,-0.3058946,3.335005,-9.849035,21.474237,17.629501,-25.284382,-36.573605,29.373985,42.817406,-37.399124,-23.815191,-2.3595037,-3.5470104,1.4230701,24.201252,-27.029427,2.456251,-15.66342,-17.123081,47.521656,-15.48583,-37.166336,-73.2166,-13.751286,3.7455487,23.194582,8.529263,28.454031,-2.9889815,-0.082466066,-34.07874,-13.329692,-20.930838,-1.9070995,-3.884381,21.194601,19.09275,-63.955425,-12.494658,24.63117,39.283756,-8.704043,-6.2063775
LSCC:C3L-02164,LSCC,20.980995,4.264727,-3.1013217,13.388727,-4.3288608,-31.819792,-11.206851,5.7794065,-5.6874638,10.535365,13.786969,-5.4149623,5.137965,-6.5833726,-31.189707,33.89645,-26.276136,5.24744,-15.003683,-6.909029,32.925014,-4.636091,-4.8384943,0.6379519,-4.289047,19.0499,-21.282625,-42.65984,-5.8067455,-18.814425,6.390365,-0.6220252,0.48254952,23.354101,8.733221,2.2419503,-6.697854,-12.059642,1.7441331,-11.558376,10.076793,-10.373566,-8.779852,-0.95780003,1.1949842,-9.156381,6.307815,37.338688,17.342098,-5.6753297,-12.648266,-7.477761,3.1710258,-3.1415362,1.2150555,24.011383,15.086548,-5.7662554,-10.783813,-10.594812,5.8549533,-5.4678,-17.999935,1.8774955
LSCC:C3L-02168,LSCC,30.158884,34.60521,9.12997,-10.586618,-22.357977,-24.959208,22.009745,17.645105,0.51130164,11.363527,0.21269739,26.777534,20.980532,1.8731606,-19.147978,-9.22254,-41.95576,9.776766,-36.13784,-11.382752,0.7975429,17.512089,-21.831379,-8.290012,3.2821145,15.622747,-15.658627,-25.042376,14.915354,-9.820433,0.14802404,-24.495916,15.408809,11.860197,4.0304775,40.807907,-22.230577,-24.136189,15.241047,-15.968317,12.973106,-36.170208,-38.50922,-46.371746,-11.747266,17.215902,20.783236,-17.146242,22.765715,-24.444994,1.3877137,10.945133,6.284056,3.1851225,-17.630402,-0.5240523,13.437661,2.3829598,-35.749973,-29.058802,9.678199,33.361286,-16.962072,-2.4217744
LSCC:C3L-02170,LSCC,-10.265369,3.5410898,23.847525,13.824499,-18.466986,-26.986494,-4.3058515,27.099203,4.6761365,9.817957,25.686571,40.087704,7.417824,2.373508,-19.837282,21.824333,-25.71095,-6.876276,22.42489,53.075306,7.8813176,18.348337,0.04517442,6.670283,-18.665222,-2.0072293,-39.96313,-31.159807,-8.358951,-2.5039105,-5.407052,-14.325694,-7.56444,27.472963,27.420807,33.17327,-32.282024,24.954023,17.119247,-10.8009,27.296213,-17.176605,-52.14344,-26.261581,-1.8676856,-3.569542,-1.764551,-8.007392,11.774961,-17.229582,5.2961,19.924728,16.631811,-2.6020696,17.198853,-8.123924,40.285004,-17.34527,-19.071817,1.9728026,-17.163149,40.69843,-4.3206735,-3.479362
LSCC:C3L-02349,LSCC,-12.878159,27.348469,6.949838,-4.6316185,-16.059986,-16.001163,-4.3283186,-3.3566387,-0.58839464,-19.032286,13.000095,-15.541778,17.8612,23.188196,-5.968675,4.53822,-35.083202,-12.15422,-4.6275992,31.276432,-0.83106923,4.4069633,-8.604743,-21.492716,-3.0334587,-15.329274,-28.02874,-5.557031,-6.4815774,11.593554,3.1430178,-15.896857,-9.332171,-13.21409,17.260057,0.533961,-22.18142,-3.7533634,8.147352,12.4190445,3.973966,-27.672026,-21.953178,-15.522088,-15.40516,-3.7988439,8.033855,-7.876769,-12.729646,-14.473588,-0.011661176,3.9900327,27.5791,-3.3093874,10.761801,-5.3901463,29.928223,7.2645936,-29.712194,-9.418937,0.53279626,30.973913,-15.735236,-3.3102229
LSCC:C3L-02358,LSCC,31.041735,-1.167476,13.398957,-13.475307,-43.26163,7.141445,22.131475,29.007307,-12.870769,10.289628,38.227016,1.1122146,2.0619016,19.635435,-21.181213,0.65896356,-30.142271,-0.3495742,-0.9374988,35.550556,4.955763,5.306325,-8.741656,1.1258634,2.928028,10.578434,-30.183727,5.5665307,5.638394,-20.738651,2.235626,-13.278971,-6.2809176,-8.756413,-3.1110337,44.84583,-37.55899,-22.475212,9.919373,-11.029303,-24.062641,-18.74165,-51.5354,-14.681268,-1.0531298,3.5169878,-4.5306063,5.843992,39.069626,3.3373601,7.344835,-3.4110565,10.849772,-22.824028,1.0757151,6.1008387,5.827612,-1.2408613,-24.152521,0.9760773,-23.543356,33.125923,-13.427257,-5.1459465
LSCC:C3L-02546,LSCC,5.802332,9.542719,17.582798,-6.7927794,-17.571651,2.4198036,-5.5926805,13.797133,-17.194418,-3.9676838,18.644312,-1.9841294,21.925665,8.333303,2.3660386,10.252722,-38.567863,0.37225378,7.0296063,21.877914,-10.386271,0.7364116,-1.9533088,-18.638042,6.7649527,-4.1839886,-53.7112,9.704559,-2.9549587,-5.9143953,-4.083325,-14.746115,-10.771347,-22.497225,0.78656375,28.93127,-1.1897956,-28.958992,-9.016563,-13.349613,-15.462795,-0.6197355,-34.85415,-14.40806,-12.350531,-5.8708887,-1.5100633,-2.31553,27.156305,-20.506279,-8.412754,-23.07561,4.387669,-17.22959,-7.370746,-1.6393156,11.936123,-9.897615,-21.680387,11.856396,-2.354284,19.037899,-12.360037,2.1052828
LSCC:C3L-02552,LSCC,13.398824,38.145363,9.639155,12.378478,-10.013482,-0.07394706,-18.02165,4.8517747,-16.93943,-4.9558086,12.487286,-4.2936473,18.374676,6.14502,-15.745486,0.25926837,-42.81459,24.777172,-9.8881855,14.078492,-2.300966,13.130565,-11.799901,-13.526264,7.185458,1.8136084,-31.930017,-24.230183,7.917534,3.4599392,7.1088147,-5.2446547,9.346722,-1.7301052,18.720564,2.2390733,-12.577585,-18.549717,-12.705782,-12.982311,-10.586493,-25.067722,-20.339478,-5.45453,-7.458294,-4.6440253,0.069167376,7.7541513,14.940464,-11.415248,-0.44124734,7.032285,0.25871107,-7.1382,-3.9369843,12.079759,14.573136,-9.1085415,-14.901036,-9.827778,4.2384667,25.058907,-9.476487,15.894161
LSCC:C3L-02619,LSCC,-0.82701147,34.153767,-8.514982,-6.9640255,-17.897146,-41.60675,-2.4943182,34.242294,-9.118212,-6.4860806,10.281403,19.286926,18.318655,9.567248,-6.117697,14.93758,-9.881355,17.1749,-19.069592,4.0993614,9.208061,-3.4004405,-9.1302595,-17.00499,-23.105371,-13.455473,-28.586374,-12.052026,-6.394237,3.070248,-31.517742,-15.40983,2.0616221,15.330138,-4.2692513,15.316539,-8.769722,-9.543804,-14.065697,11.270557,10.324546,-29.801386,-2.9415586,-26.051329,-16.827412,-17.306746,-4.8483562,-18.221243,-8.591948,-12.79821,-7.035095,-2.242776,-4.9384212,-20.437504,-1.608823,-7.598845,10.030683,-17.409855,-22.415377,6.2312927,-23.119814,18.205658,-9.042378,-8.66446
LSCC:C3L-02624,LSCC,3.0012243,-4.866561,-28.996246,6.7909975,-47.643772,13.613533,11.779379,3.607454,-33.375984,-13.344711,15.995138,15.274397,-31.567701,34.373314,2.4339755,25.799923,-81.46909,-18.290936,-30.663252,-5.7344794,16.768322,19.169617,-13.1674,18.626915,-41.41418,6.8474965,-32.369022,-49.836765,12.110283,9.15419,-8.58267,33.421192,12.067445,-17.866085,-10.151717,7.8375807,-30.826672,19.897669,38.323772,-18.50047,1.9566442,-19.560528,-40.500153,-69.65156,-10.905196,7.118728,-14.359719,-0.0054051913,25.481012,-45.18627,-14.039947,28.89742,1.7815504,-11.421436,4.452179,-19.170238,0.5509157,42.124058,4.852197,1.1756744,-10.370785,101.13637,-38.321922,34.475307
LSCC:C3L-02625,LSCC,-20.425465,25.708424,24.50261,-4.755228,-35.981503,-10.782132,-8.131537,19.937628,6.161024,11.188804,18.057062,10.472633,0.7417839,30.27318,-6.3343744,7.8183436,-33.991623,-29.579573,0.3822854,36.534233,5.298041,-0.023472555,-1.3798608,-29.86566,-5.9021354,-6.0356627,-15.121071,-9.440837,-20.034163,5.9800005,-12.498281,5.3025937,3.032366,-1.645697,16.193178,13.4284935,-6.770559,-9.643101,7.869534,-0.8912146,39.63972,1.6103148,-39.63728,-22.692122,3.8196008,-16.681171,24.059906,-7.77129,-7.115543,-13.562861,-1.44449,16.901125,0.18942507,-27.725288,-0.71143126,-15.056096,33.53347,-15.961426,-15.215814,-8.715358,-22.355482,26.877125,-13.656573,-21.88935
LSCC:C3L-02627,LSCC,2.647269,9.459672,0.2834125,-13.603891,-22.429407,-23.094774,32.38213,13.239824,-4.406122,20.211695,15.148164,25.088537,-5.38782,21.651918,-13.257344,5.0680513,-12.617127,-22.843727,3.1462562,20.781288,12.525223,-2.0277202,-11.347981,2.0784688,-8.935972,-11.453868,-33.1805,-1.3021584,-11.664307,1.9622862,-30.134308,-5.832593,6.4426274,17.386847,3.564916,30.69747,-27.477463,5.846812,14.713291,2.645448,20.974176,-39.788273,-29.166767,-39.427273,-9.6874075,-9.067548,11.013773,-8.749152,-3.9676566,-15.99637,6.8990426,23.065088,-11.065368,-17.061533,27.659607,-5.594751,22.315392,8.466339,-33.946373,9.079845,-13.848333,15.437378,-1.5380359,-14.796136
LSCC:C3L-02629,LSCC,16.475285,26.363585,30.048447,-0.24640948,-27.603752,-15.51767,-23.93921,27.523867,-25.363012,-5.3477764,14.501999,6.7846456,17.656261,9.317443,-13.687222,7.542944,-56.083454,12.48799,-4.7769585,36.74467,0.6899209,8.321287,-15.3426895,-14.395718,-18.015232,-2.5433595,-22.733437,2.4834085,-17.53216,-15.057609,6.9644194,3.3681011,-2.1423426,7.279099,8.279063,-0.38509208,-22.279669,5.5806155,-5.7477827,-4.173434,20.698523,-28.54664,-24.608294,-29.869383,-22.53065,-0.2670598,25.996828,-0.7622168,-5.115669,-9.670591,-6.977377,-1.1830196,14.495864,-4.8645277,-4.931967,-10.029152,39.053513,-3.1859725,-13.079673,-0.18531132,-12.320532,36.650047,0.3280485,-17.03936
LSCC:C3L-02646,LSCC,-19.290651,15.979472,14.638235,13.806048,-9.962404,-31.182384,-13.912005,36.03966,-16.53528,10.779402,-0.5582829,10.507367,3.6157782,8.925304,-0.7536059,34.666084,-12.8145,-13.451405,-11.492721,1.8648773,5.7351036,3.5642784,6.5942307,-8.374117,-3.3509433,-12.6939535,-47.095818,-17.221954,13.351707,-1.6672446,-13.463614,-10.462747,-18.692965,-17.949394,8.834232,11.619352,-6.1086116,1.2167561,17.219847,-2.9517958,19.773504,-18.035173,-48.5932,-20.20758,0.7337575,-10.75787,-0.12744078,1.7882545,5.9530087,-8.043569,-7.2,-4.650024,-7.310494,5.011547,9.633833,-12.286616,15.428211,0.5209178,-20.180235,9.159932,-25.862253,1.6496854,-21.426733,-8.245306
LSCC:C3L-02648,LSCC,4.326857,4.1600037,-0.52835226,12.004515,-14.384245,-33.438885,-14.515548,8.033452,22.516361,22.545218,-6.0174665,15.405297,14.495932,-13.992679,-23.37598,-1.1790282,-25.730265,30.490685,-14.85219,-11.350407,17.337238,-4.431235,-7.1141324,-18.846046,-7.073952,42.103157,-22.728455,-9.923289,-14.594334,8.373706,-9.218402,-5.2431645,9.868944,-16.593695,1.2224387,27.85836,-3.63259,-8.499084,0.5642716,-1.0971802,10.063772,3.9308999,-46.057644,6.403225,-1.8717047,10.755456,-2.4256742,-7.8894606,23.06584,-14.537144,-5.160221,6.2217903,2.4723186,-1.0487685,-16.726927,20.764088,1.417672,-21.322756,-12.052363,-17.173658,1.9714544,54.87647,-7.448323,0.9484603
LSCC:C3L-02649,LSCC,-0.015995847,11.511424,-16.044222,9.539215,-18.417177,1.1124432,1.267575,2.3471353,20.666513,29.52462,17.423582,11.139378,6.985977,-19.271265,-26.688982,-7.1432095,0.88165385,-0.93469155,-10.539843,-1.1243991,-6.3961906,1.3931372,-25.160147,-1.2929664,1.6075563,6.5558176,-28.214382,-21.123941,6.6558237,24.596876,-10.396966,-11.293076,-9.481617,6.81747,26.26055,9.871581,-3.4174614,-24.184246,3.7564669,-8.622991,10.842094,-31.866974,-21.810429,-41.037903,-17.295424,-2.8052087,13.028725,-10.4054,-4.4895086,-6.884204,20.121332,2.293602,-2.8962927,-2.2540817,-12.400951,19.794182,-29.860012,-9.9851675,-11.1964035,14.629128,10.95175,29.324638,-12.953657,11.073881
LSCC:C3L-02650,LSCC,1.5484596,28.327467,3.9157717,-7.967645,-39.357002,-23.586164,24.024288,67.809044,-10.2552185,25.816893,4.9523125,25.289648,-24.69857,25.318523,-20.06827,6.527411,-20.766947,-36.848408,-23.623182,3.9548888,7.3925734,0.27381825,-32.802998,-13.177381,-11.040001,21.186827,-39.17573,-8.356557,8.463279,-29.483387,7.7830896,4.709834,-7.1415167,-5.7670956,6.943229,44.507298,-44.54211,-3.6099906,21.22617,17.02048,16.281069,-57.495323,-57.11987,-48.9308,11.951491,-10.782249,17.060251,28.685263,22.635437,-14.562589,-6.0964484,11.088482,-10.922728,-18.00541,4.618534,1.7186725,14.118708,-16.847069,-40.148804,-1.6236682,-8.084,10.274894,-32.71577,-29.106321
LSCC:C3L-02660,LSCC,10.543249,20.03494,-2.8292737,1.230406,-1.7318969,-16.012373,-9.248692,7.5064745,5.6818113,7.6035533,16.62491,0.77942127,0.8064814,6.2770844,-20.438795,26.168638,-30.013433,8.517445,-17.74396,1.0374049,17.594038,7.496282,6.006197,10.163512,-7.3945365,8.09364,-9.0223055,-30.571411,4.111303,-5.245039,3.1066809,-5.797613,8.241092,14.585873,5.9307666,-2.5896857,-1.4682127,7.6806874,2.562312,-8.533798,-2.773103,-2.789573,-11.787735,-3.9525504,-3.4706733,-12.319894,-2.3179328,15.323077,24.469912,-15.605306,-9.520831,-0.81575304,-3.3575015,1.3023739,0.8131989,14.600203,10.52515,-1.9267393,-0.5607836,-2.5749128,-6.6101136,-0.3832367,-25.005636,-1.2809098
LSCC:C3L-02665,LSCC,-8.99488,12.359351,6.5781054,-6.6341596,-3.0486715,-31.734163,-4.2820606,23.480831,-21.1803,21.751024,12.22681,18.429401,15.577753,19.686821,0.85407966,24.798613,-18.07097,-15.594808,-5.4643536,1.2024721,11.711785,5.764125,-8.6484585,-16.084543,7.661699,3.7637315,-45.086014,-5.492054,2.2933195,-5.262307,-10.594313,-5.883961,-14.672959,-9.123411,-9.815382,9.330412,-13.381871,-13.20563,4.401158,12.885114,7.610554,-35.300945,-35.371723,-33.772114,1.2719674,-6.679784,-1.445475,5.313675,5.937048,3.4539094,-14.744986,-10.068657,-11.508115,1.2728336,-0.77463984,-2.4409676,7.254949,-4.847734,-18.674212,1.5233939,-11.866137,-7.1810675,-18.441534,-4.8091817
LSCC:C3L-02669,LSCC,20.087822,19.292414,1.7727091,5.9731402,7.6812286,-22.239809,-1.2321179,3.005327,-4.4878335,11.441371,-2.5722425,1.6619649,12.0892315,2.626199,-16.529339,2.118427,-22.913485,4.0098624,-6.626997,14.867476,16.11428,9.948915,-6.424984,-0.689871,0.566839,-0.39635268,-19.450527,-14.733354,-16.7981,-9.260213,-22.962898,5.1479673,0.42391858,2.4386034,5.5200205,10.358174,8.771833,-4.5619235,-17.223867,-18.184036,13.117648,-37.484592,-22.173433,-32.78179,-4.7405806,-8.220714,15.69982,-0.24976325,5.5943646,-6.875083,-7.6836467,-2.317347,-30.771173,-12.217347,2.922298,-7.8270698,17.236988,12.910962,-26.438564,-18.981644,-3.2622435,0.9236854,0.9212261,-6.4922214
LSCC:C3L-02891,LSCC,16.953524,21.938742,23.488724,2.6743414,-22.920238,-3.3643231,-22.830458,-4.6200027,15.893057,20.286476,4.965084,16.30749,22.344633,-19.23406,-12.055785,-0.32680002,-27.496422,1.47801,-12.630206,-9.93867,4.749886,2.8541873,12.010351,2.2625904,2.6623611,18.882078,-27.388363,4.793864,3.680906,7.6233582,5.393917,-25.272118,-13.214487,-7.1740713,-0.72519743,41.08165,-1.6864523,12.793056,-3.9751582,-17.388283,-20.745577,4.895885,-37.92988,-9.220005,-1.9487567,0.7633805,6.7002397,-6.2053943,43.148685,-6.370062,-9.624921,7.083858,8.814659,-0.06378807,-36.711285,-6.2568936,3.794003,-23.551655,-20.165277,-6.5513635,-10.294109,50.49678,-15.028979,6.0984206
LSCC:C3L-02951,LSCC,6.5784774,21.356226,11.410596,7.908461,-16.382368,-6.494675,-25.372927,23.862871,-16.23406,-19.424685,5.465005,1.9109895,12.205083,4.698559,-7.5313916,-7.8861327,-27.506006,13.956743,0.28570774,24.010172,-3.8208923,-5.320708,-18.359783,-13.079857,-12.245865,0.32633504,-21.682497,1.8062364,-8.931676,5.974855,8.241698,-4.7603626,-2.853715,1.5381154,5.013626,8.58608,-20.159906,6.6302342,-5.359904,-0.045112964,-2.2621627,-25.657957,-18.703661,-11.204238,-10.622027,1.0103443,12.756502,10.642083,-3.6801257,-18.287098,-0.91810703,-0.38991287,13.357617,-4.172645,-1.7621274,-3.4774306,25.257494,2.842253,-12.704018,6.036396,-14.276213,36.03652,4.323868,2.4701533
LSCC:C3L-02963,LSCC,0.17846884,47.616776,-3.404084,36.665817,-5.861007,-31.352926,-17.355873,29.995102,-10.711598,-8.618575,-22.149912,12.625714,18.56316,-7.1500816,-13.590493,16.64309,-38.131413,21.152243,-31.361643,8.467193,15.344149,-1.1597202,-2.2013717,-5.5178013,-10.344318,17.177235,-32.516197,-32.90951,24.561226,5.520473,-22.74435,-4.928776,3.6545696,21.148167,10.602755,-0.8976825,-19.981203,27.250286,11.745998,-15.116035,41.08048,-8.460704,-14.147395,-29.510612,-0.40596125,15.008835,-1.0496134,15.598188,5.7379394,-11.77761,-4.403616,0.34472415,7.9656196,4.2525606,-23.109528,5.853758,-4.1085587,-11.799635,1.0367628,-3.1078124,-1.9814314,22.181555,0.7256213,19.18172
LSCC:C3L-02964,LSCC,28.438828,18.446615,-5.523462,2.5135348,-8.926104,-29.000875,-2.6236255,21.861807,-9.436914,4.5890536,26.86022,10.306679,19.750698,3.6945589,-10.973769,17.505604,-10.809607,17.81212,-2.6902547,14.069443,10.183216,10.794966,-7.9750943,0.56708914,-23.67404,-0.011947054,-37.15903,-12.202285,-3.3232234,-9.702943,-8.431299,-1.4806955,11.684694,25.392654,-4.474377,17.690134,4.33552,-8.606187,-4.358245,-3.755086,3.6169655,-21.270323,-7.5576043,-9.581149,-1.7341508,-28.940647,-1.4468092,0.3623066,6.500302,0.4753354,-6.772262,8.899059,-10.682177,-18.293917,-2.9183435,-7.0015984,16.51768,-5.213377,-17.620964,-0.58942944,-1.0853015,25.098465,-8.31327,-2.633581
LSCC:C3L-02968,LSCC,3.2453444,13.309922,24.32198,13.712467,-24.764925,7.020223,-18.987347,7.681906,-0.6669246,19.09017,49.984406,-1.8492641,5.09485,5.084643,-2.903869,2.134828,-10.209557,10.039316,-2.824875,25.155424,6.291013,4.5856934,-14.559506,14.696888,9.879864,15.770435,-50.5404,4.9657497,9.524978,-14.364744,-0.2545144,-17.174932,-23.709501,7.119657,12.702011,22.81333,-14.25964,-5.3100743,0.102117345,-3.9434168,-6.226372,-5.375133,-55.600838,-16.865053,-2.5954363,-7.13422,-26.843416,-11.882493,35.742626,-18.687452,-4.748038,-16.156534,-5.9552975,-20.135168,3.555114,-4.7116337,-8.624118,-20.625189,-16.717623,12.422444,-25.412567,27.607447,-24.348074,0.56830275
LSCC:C3L-02969,LSCC,24.250843,19.835651,11.361549,-11.479754,-7.5871983,-3.9703865,2.590419,-7.0477486,-6.808048,27.728157,32.35419,19.713717,17.629417,9.559904,-30.85489,4.9170494,-15.631598,17.302168,-42.767803,2.1271472,-8.6911545,3.8707163,6.300049,3.5819764,-9.206849,21.94448,-39.840614,-47.327255,3.1793427,6.762565,25.44843,-12.926959,-4.3612347,7.830201,-9.365741,0.74532706,-9.934552,1.8190987,6.323373,-17.08017,11.646903,-42.26618,-15.590059,-35.16337,-0.43012497,0.80700946,9.406368,5.555506,26.671516,17.520218,-10.888922,22.3423,-1.1351118,-32.433846,-29.333078,3.8035684,4.0697103,-27.363745,-8.919612,-17.321966,4.401612,16.264654,-15.261439,-3.7227752
LSCC:C3L-03272,LSCC,2.537006,14.778644,-8.857065,2.8761988,-1.1077197,0.8230084,0.57973593,2.0718415,14.1253195,7.510347,5.2724066,14.233665,23.297977,-14.00443,-7.794159,24.022638,-19.095694,8.873507,-22.767736,2.1443286,-18.430206,20.543991,-12.29192,4.0933676,6.46252,21.516241,-55.240875,-10.525858,7.704818,4.4183416,-2.904798,1.3238647,-8.696581,-14.474533,17.445753,24.092472,2.2509124,-17.478203,-11.160831,-33.628,-12.462269,-3.9325953,-20.159954,-22.016088,-4.7460556,16.067076,0.18672147,0.58483106,27.991865,-31.194653,-7.858183,-0.34836438,13.64434,-20.928516,-16.724083,21.184254,-3.227005,-21.314249,-18.470934,-9.437714,32.875668,21.34319,2.4464428,2.2007844
LSCC:C3L-03678,LSCC,-17.62742,9.530298,4.6701746,4.265051,-9.269182,-10.609306,-6.7277927,11.808059,11.789958,3.844498,-3.1448495,14.8460865,8.935256,9.293558,-10.739099,-2.7224324,-13.5515375,1.2603474,-4.9901247,8.026902,2.0004144,1.80359,-3.4533193,-5.9598913,2.6883185,17.83933,-15.516967,-6.4686103,-3.1426182,-0.7424794,3.8793278,-12.068218,-4.148715,-17.687325,5.358211,13.521447,-9.0135,3.7903025,6.686286,-7.090215,3.0309346,-12.038027,-39.456013,-15.633435,-0.24281403,18.73883,8.57995,-4.819667,8.332868,-11.334081,-8.996441,6.037514,2.4393163,4.03565,-3.8026574,11.258313,11.418246,-10.920024,-10.141022,-10.151931,-5.396627,19.785383,3.3428476,12.123374
LSCC:C3L-03961,LSCC,-1.1587528,17.168251,6.8812594,8.344762,-4.882285,-24.741129,-14.618308,15.550265,4.756802,1.2417601,9.797992,6.7027884,8.625191,-2.8645115,-7.679866,15.996824,-35.983692,7.7633896,-3.8838634,1.77186,3.2859504,-3.0156388,-12.066411,10.134772,-6.797139,14.559673,-24.66325,-14.970698,-4.1122127,-8.19267,2.6175756,-7.6120334,-10.929363,7.436565,6.5431433,0.89426976,-12.136172,4.1745186,5.039801,-9.785149,13.21472,-15.28838,-13.449366,-8.6349325,-9.629079,9.65115,9.500945,10.477631,-6.230644,-16.11266,4.2406673,-6.3699336,1.8971887,-6.555703,-17.367119,3.3417604,5.4170427,-15.921815,-6.0767283,-4.7355213,-0.39683163,9.813265,1.5365738,7.585171
LSCC:C3L-03962,LSCC,8.189707,21.024157,-8.160628,5.431409,3.5795066,2.509098,4.54836,-3.3773062,16.617651,4.384138,6.0839167,0.7654647,14.564525,-7.9562826,-10.013586,12.68318,-21.28,8.098728,-17.856098,8.185678,-7.167916,23.076197,17.883402,7.280943,19.054653,11.346512,-46.390045,-15.919397,16.142147,12.207959,-12.75165,0.03407283,-12.284574,-11.727494,15.361055,6.2279367,-6.831928,-11.97854,-7.2639256,-33.75656,-4.6189823,-16.475067,-16.229874,-9.36852,3.3265932,22.124073,1.9809343,10.0443945,13.103568,-26.148111,0.43872648,-0.73073083,11.080832,-0.24864294,0.8198988,25.156195,-1.2887526,-3.3720043,-28.579527,-20.06298,24.441034,8.580619,10.583718,-0.2142039
LSCC:C3L-03963,LSCC,15.389062,23.477936,4.630544,2.0827518,-4.73759,-2.3816164,8.022473,2.2355444,4.2348905,20.782196,7.4312935,19.629307,25.966589,-7.98509,-30.898546,5.5303802,-8.5957775,18.187933,-36.67928,11.769594,9.738935,4.3351784,7.6223135,4.1678524,-10.346844,40.097878,-35.47359,-46.768143,12.944928,10.656554,27.866314,-23.555601,16.530441,7.511054,-0.026601925,-7.042266,-13.233495,12.86844,2.3151405,-13.93129,6.9858274,-37.49989,-14.705651,-31.597525,16.023829,3.4516022,-7.615622,7.9103856,29.068518,10.388558,-12.026191,25.460777,-6.2437177,-12.806082,-22.916548,22.80698,2.4118462,-35.23183,-2.4273574,-20.242537,13.350074,25.767107,-23.13773,17.653343
LSCC:C3L-03965,LSCC,-6.9908786,10.49507,-10.586618,3.585154,-17.179087,-22.264406,12.094744,-5.2701044,0.41311234,-0.1509633,2.435111,8.061727,16.782682,15.990292,-20.783575,0.16971192,-17.298353,4.846515,-20.43889,5.803246,-8.255136,-8.289913,3.0328557,-2.8430302,10.884113,13.229322,-13.464561,-5.9801226,6.5956416,15.666249,-10.304104,-13.6657715,-9.758423,-14.118396,8.412164,2.9776652,-10.194901,-3.1939523,7.719704,-6.5544534,1.0962425,-16.220442,-22.417439,-26.192528,-7.2333007,5.4615526,15.851643,-4.768777,3.6774173,7.379491,-3.2248027,2.135226,5.5052643,0.46169123,-2.3232985,5.789273,13.599499,1.1621188,-30.973349,-15.660562,8.294429,27.531435,0.5029331,7.92599
LSCC:C3L-04013,LSCC,-7.4261985,22.871426,21.084557,16.261309,-13.827744,34.300323,1.1454413,43.69788,6.4718323,-6.6071115,10.942033,-3.3081875,21.470232,10.67412,3.105798,27.562737,-22.168104,-12.789225,-51.521164,19.880459,11.897383,22.056461,-14.205357,10.179894,-29.134233,26.905867,-63.581924,-28.248215,41.813133,35.017223,-44.924458,-18.015055,23.54435,9.693914,13.128842,-15.530674,-3.8127704,16.518953,0.7752529,-9.532606,8.758637,-14.381799,-20.122635,-78.29503,7.2385607,44.568794,10.262459,-13.349713,12.317398,-35.521496,11.179153,12.308266,9.420809,3.9685588,-27.200615,-3.9175222,-44.145706,24.30194,-19.894136,15.360706,15.458082,48.44676,-12.918529,60.7732
LSCC:C3L-04014,LSCC,5.6344094,15.6647835,14.320621,-2.3259838,-20.16376,-4.904389,-0.16301282,-11.061733,-0.21851395,6.482922,24.166328,14.99512,27.511755,-1.1782718,-12.628058,7.0333796,-24.639212,0.114501834,-6.5488186,-4.82844,-3.434859,-4.245027,7.2744403,4.3626323,22.47081,15.247625,-10.018328,-5.0006022,4.7030644,7.1693583,3.3357866,-23.450544,-13.792013,-10.745438,4.0447674,20.587397,-11.548441,6.5830092,-0.13004918,-14.857779,-16.948845,-5.966193,-36.25676,-30.159641,-8.583577,1.0006719,-2.3689592,-4.4492335,21.953323,15.769364,-9.608707,4.078675,9.057565,2.49402,-11.214117,-4.30811,5.5194154,-21.900679,-19.050638,-22.25956,-2.757199,33.542812,-6.0428576,-0.93274623
LSCC:C3L-04071,LSCC,-23.095644,12.473451,16.690008,-2.5779862,-17.533813,-8.520142,-15.01536,31.505249,4.7467937,0.55285656,19.53221,-3.117908,-4.520068,14.589242,-8.713962,40.76117,-23.92305,-4.949681,4.3079796,14.818498,2.1033049,-5.662383,-6.0273213,-11.925922,-1.5007768,15.101556,-38.167534,-12.959749,-6.2345386,-11.779944,9.505211,8.124712,-20.194036,-5.087899,12.191979,14.093786,-6.49674,-2.4800508,-3.5522203,7.549089,18.146381,2.0591133,-43.040573,-9.676618,-2.4462965,-21.595177,4.5535393,1.506447,-3.311486,-25.031454,-16.603539,3.4153352,13.516211,-23.347876,-11.227975,-0.8607146,10.283078,-20.767584,-7.5807586,2.7047458,-26.272856,11.752589,-2.1979065,-15.345023
LSCC:C3L-04391,LSCC,13.78868,39.514614,10.006583,2.5468998,-0.09456031,-2.6591535,-12.9763565,2.848336,-0.9315146,-2.2918816,7.2410502,-2.396494,39.25248,1.0126097,-28.67135,1.3746117,-27.30304,48.906803,-34.083378,0.73087883,17.647306,2.4522555,-4.6405764,4.2666464,10.269072,26.257835,-24.54232,-25.069109,22.885834,12.723771,-1.2397573,-14.574696,11.676852,-1.9839898,12.966628,19.57328,-11.424921,5.440247,-4.68512,-23.051981,-6.565793,-20.320076,-6.383468,-40.271023,-16.606312,24.697834,-21.191278,-13.663358,29.734303,-14.287509,-1.1326857,20.539564,7.062929,12.639227,-24.6772,11.71469,4.6051984,-23.272928,-8.849097,-22.648985,3.139782,42.56036,-28.3366,15.560161
LSCC:C3N-00211,LSCC,-6.2640414,35.81525,-17.126703,14.634736,2.27235,-24.56914,13.42834,10.25776,-8.548626,12.9156275,-17.333048,12.031101,22.813412,27.695038,-29.820658,6.3729377,-14.083406,12.543973,-24.221828,2.0947332,26.98399,-8.393311,-3.3533165,-7.4962735,17.206104,12.093607,-3.3905587,-43.362236,10.619172,20.622936,-10.793812,-10.294847,8.161684,19.037357,26.337059,3.3024294,-14.715315,-11.91124,16.047096,7.037823,25.048424,-18.383049,-13.749672,-25.462698,-15.578819,-5.6401896,-4.247872,-10.229808,-1.33067,-12.83348,-8.67096,-14.136698,-10.453157,25.543465,16.227505,7.7888813,-0.9091294,5.6882243,-20.888414,-7.0170264,1.7726486,22.82373,-10.903668,15.041551
LSCC:C3N-00221,LSCC,-0.7972318,20.60957,-0.24885723,-6.565767,-27.37023,-15.269066,-18.25945,29.066994,-2.1994605,-7.3108726,17.859718,5.330483,34.36948,23.449188,7.840192,16.18932,-24.21397,7.251745,-31.757046,-3.9090276,-8.202196,7.78407,-0.2762465,-7.89079,-12.988034,4.2704935,-75.82453,-18.810251,12.653209,15.929248,-22.480196,-13.058959,3.1881285,-10.736142,-8.186055,15.292921,8.141919,-23.553314,-10.735947,-7.3098574,-2.8664052,-31.81434,-22.21358,-48.45835,-17.33585,25.970488,-5.695157,-4.47591,30.233322,-33.674355,-5.0052958,-22.361195,7.457484,-22.800623,-18.174166,-0.49914,-19.754215,2.4668682,-29.72097,14.788007,-29.445816,29.728355,-5.4558043,12.084988
LSCC:C3N-00247,LSCC,17.751595,7.0306716,15.108218,4.186123,-0.36465213,-15.127207,-12.501882,1.9506154,-9.724846,11.122559,21.953568,-3.7557592,17.070137,3.2065055,-2.811136,23.124298,-33.300022,10.358515,6.292004,8.241821,-6.8661337,7.2855053,-6.2913017,-5.073987,-14.263131,1.008628,-43.10145,-6.699471,-16.300175,-12.7355585,6.7600803,-9.772378,-2.004388,3.8234105,2.6412675,20.747486,-2.3344154,-9.953662,-6.1193514,-9.995965,6.0190473,-5.225688,-20.013247,-16.355247,-6.3345118,-18.216097,2.4372454,1.9529831,9.426576,-9.561822,-13.602924,0.67023677,-6.725942,-18.833382,-8.610962,-9.953706,14.50078,-11.136609,-8.332168,1.166568,-1.8684208,26.805735,-7.760867,-1.1403437
LSCC:C3N-00497,LSCC,10.615419,-4.4154415,27.639929,-13.0676365,-29.466509,-9.536062,-18.48112,17.526344,6.353224,14.264936,4.3253374,6.624069,13.860664,-26.297243,-7.394734,25.29515,-38.562107,13.409201,3.080507,8.778087,10.391405,0.23026463,3.7494502,-12.180818,-35.016052,25.007015,-48.048584,-16.364332,-24.608551,-5.201932,1.3455683,-3.7323534,-0.21519557,-13.362241,6.9676695,49.273323,19.122686,-17.161728,-11.95578,-6.692761,1.9561807,23.42383,-52.42248,5.3567166,-1.1336771,-4.8258615,2.2654405,-1.8626368,42.559116,-25.899117,-13.370955,2.913114,8.227311,-33.28024,-26.04528,3.4640605,-0.36449143,-28.86478,-6.248917,3.7859674,-16.016048,66.27365,-13.343813,-9.079879
LSCC:C3N-00555,LSCC,-6.2181983,12.273174,-18.033264,-2.7349904,-14.260445,-25.06927,18.502016,8.131567,-0.28639102,6.9906936,21.562002,19.524826,-19.681429,30.036541,-8.401339,-7.976526,-6.587053,-20.595783,-16.330265,-18.69822,20.064064,4.4041247,-5.3815703,11.008806,-6.6481066,18.16981,-13.538665,-36.83864,-12.714235,6.334469,-44.952698,16.922607,-9.250129,10.030094,-4.144664,2.9826248,-32.09741,1.2960446,26.176952,-5.452598,24.524664,-12.500662,-2.7503426,-43.745266,-13.1306505,0.72727823,2.655837,9.295793,-6.16513,-15.731593,-6.5455112,8.817545,-1.0561708,1.6666864,8.089771,6.9137106,-3.2179048,13.415306,-40.085205,6.786601,7.894547,9.232721,-12.689186,6.262238
LSCC:C3N-01017,LSCC,7.5636234,10.987103,-26.651691,-1.3223705,-13.546946,-5.8808403,6.3932867,-1.2449273,9.885169,22.710394,15.822294,18.177832,-0.9535442,-0.42811212,-13.491684,8.234969,1.6590323,1.993224,-19.156647,-11.998459,-2.2294867,-6.707546,-13.353367,11.9309225,2.522388,5.840558,-23.440475,-23.968449,3.8229163,12.709884,-1.2117637,-0.8032076,-12.758866,1.5580624,2.7489202,-2.7371848,5.8090754,-12.99991,-0.91751224,-9.312251,6.9345155,-30.486994,-3.1991613,-47.594833,-5.800664,-3.2808776,7.8890853,-4.7206173,2.890212,-0.39837107,12.153007,-7.172052,-2.7351742,6.9301963,-5.065532,8.315248,-19.43164,-2.1717942,-13.70668,1.3326837,12.261375,20.709213,-7.298247,4.639156
LSCC:C3N-01018,LSCC,24.936369,9.821036,-11.846657,20.719837,-22.84374,-29.868359,-3.2874477,29.221817,-9.254046,7.4979005,-0.53792393,11.242843,17.421152,-3.3862936,-19.73429,5.468481,-17.02079,16.22926,-11.184379,-23.075165,27.85128,-11.779491,-7.832401,-9.425943,-5.437991,31.960876,-13.713891,-25.677649,6.98122,-4.976293,6.5671525,-15.670119,12.267838,5.594745,-11.105652,7.639312,-31.171894,1.6090757,14.8134365,15.532054,14.632626,-35.84132,-9.750632,-47.146923,4.228314,2.1268778,-7.8520966,30.075792,-0.7104583,2.610208,-12.798136,-7.328217,2.0422022,7.6750135,5.206318,15.645343,4.087755,10.684341,-29.155157,8.720023,-6.7961154,26.799927,-21.360939,19.04833
LSCC:C3N-01020,LSCC,2.2298398,17.127321,-10.5248375,10.685442,-24.5629,-39.750732,-15.3460865,38.110687,20.322786,13.491976,8.877373,21.348135,11.767496,-12.147902,-6.564618,17.125492,-25.313963,20.87688,-30.716375,11.548719,31.669798,-25.534607,-9.768013,3.3354568,-35.35849,17.83011,-18.029842,-6.011397,10.739656,21.682783,-16.381739,-11.199405,21.939886,5.16923,1.3721966,-1.3618705,-2.163593,8.061323,-9.798572,16.982924,11.454401,-13.146614,-11.041464,-1.942206,-4.829122,-11.885563,-17.040178,-32.437542,-11.385859,-13.707025,3.6579719,2.9408164,3.3692064,0.68272495,-23.124777,0.016534392,-8.382532,-35.305767,-9.349893,-13.817886,17.576653,64.24607,-36.83822,-0.68401104
LSCC:C3N-01025,LSCC,2.0362887,21.080898,-21.644846,3.092444,-20.741854,-34.522945,2.411606,44.878296,24.46678,17.849218,15.80745,18.497557,42.951115,17.134882,-7.4216857,1.1314365,3.60996,18.935196,-50.830727,-5.681406,0.6059501,1.5723841,-16.611782,12.987335,-8.403109,11.703655,-32.41228,-18.49883,18.581062,21.692587,-45.34994,-23.18765,4.8149853,21.787733,5.172171,-11.566055,3.7261612,-8.855813,4.3300247,-7.6257,9.283098,-39.63164,4.056561,-60.175804,-10.234641,11.382976,4.2355075,-10.379024,10.536145,-22.658356,14.32895,-5.976703,12.000104,-5.568822,-15.939449,11.45065,-15.951637,14.456026,-33.58855,-1.9127727,13.39126,22.482605,-2.939855,13.492173
LSCC:C3N-01028,LSCC,-18.80821,16.556932,-1.0605189,8.285219,-9.291299,-36.993362,-6.9125805,24.359985,15.28972,14.936605,2.212118,9.445221,1.9940693,0.6476183,-10.330991,3.4090357,-14.90232,3.4618502,-17.61477,1.8503693,21.150288,-10.511581,-5.0197077,-9.850648,0.4912779,15.140656,2.703702,-21.043707,0.23507375,3.9693868,-16.981651,-7.8633795,10.407262,17.390604,18.258047,-6.845353,-3.1094723,2.1417446,10.815857,16.797766,27.70505,-3.8481104,-9.32962,-5.6359744,-8.829263,-4.770266,0.88737786,-16.959679,-17.407848,-7.2945833,-5.0399466,3.4599926,-6.8877244,3.8445086,-0.63125944,4.0002704,-3.9715042,-6.4456844,-11.301405,-8.864382,7.0286417,15.07457,-7.596308,2.0797894
LSCC:C3N-01194,LSCC,8.413366,-1.7045335,24.190762,-8.17178,-32.514626,-19.770636,-22.47968,17.64243,14.019006,8.911881,9.818106,11.437941,17.5586,-17.93797,-14.361116,12.320757,-28.43831,11.016069,21.261286,12.294333,13.944286,6.49732,7.842843,-13.8540325,-27.640959,27.56942,-53.65435,-11.527556,-28.905018,-8.986472,-4.5175138,-4.4321823,6.1285925,-9.822311,4.179432,46.931423,18.289738,-18.119835,3.5941172,-6.1791263,5.2507653,24.158762,-62.06655,14.169507,1.2522361,0.5905576,-3.4476154,0.01225638,44.707504,-28.818785,-8.205209,6.0128474,4.402909,-27.988188,-31.412216,3.0871747,10.92708,-21.79167,-8.856144,2.3475015,-19.292322,72.704544,-13.627286,2.4139676
LSCC:C3N-01411,LSCC,-6.0790935,-5.793463,-21.710033,-23.200575,6.3660393,-33.89731,-16.83728,31.283289,45.77396,8.102661,-6.3451023,35.809467,4.131631,23.417927,-6.815133,29.001715,13.7253685,-29.194496,-43.560486,24.390413,4.814349,35.053352,-8.737513,30.377028,13.248898,23.04817,-73.48215,-24.824755,-26.426224,22.569628,-84.30799,33.002247,-24.575312,19.923183,15.039992,38.750122,-26.730265,-20.353561,11.365922,-56.569637,1.8414766,-35.296284,-31.712187,-48.691025,-2.4394233,33.607666,13.746746,-1.3438804,34.453007,-64.06989,5.116137,-3.041483,15.72401,-0.16501237,-9.832557,49.56265,-1.1261773,-23.534517,-44.55445,-33.400684,29.255737,21.918413,-1.3535656,-14.628429
LSCC:C3N-01846,LSCC,24.68397,24.156618,-0.30675718,7.441213,-13.076501,-6.422644,-1.9696338,9.541034,-14.764117,25.278708,19.688023,-4.865919,10.003838,17.71093,-17.377369,32.53566,-30.23141,24.53904,-11.283056,12.22716,-5.534127,8.6728,2.1386676,-7.196744,-24.819216,-0.8105191,-56.529896,-8.61972,8.347569,0.11688432,11.376903,-6.8601217,-7.2140617,-0.5823728,-6.4854865,26.403841,-13.140737,-18.852371,-4.4940963,-4.0838084,2.8282447,-13.223877,-42.413746,-50.52726,-5.2261605,6.9013095,4.7486167,4.6950893,27.555754,-10.524038,-4.5198855,-0.69857794,-16.381975,-36.287487,-16.972872,-10.819979,9.576149,-20.459929,-24.419466,6.9327865,-32.105846,68.93677,-25.124998,-4.6845536
LSCC:C3N-01892,LSCC,-4.8744535,12.257543,-4.091415,-1.8650284,-33.829407,-7.136982,-6.941978,-7.003262,-7.1329246,-10.910276,28.384138,2.7917137,16.622126,18.438543,-30.680494,26.33342,-28.078976,13.337602,-4.6311846,24.099499,-21.696323,-6.3675466,6.539628,15.355223,12.072842,10.004364,-45.057587,-17.7278,-12.174101,5.222287,9.185873,-19.426355,-17.350386,-18.264736,4.9535055,26.75602,4.0892625,-17.240137,10.661863,-6.963042,2.6618376,12.740558,-39.553333,-40.730362,-22.952818,4.4139423,19.317598,10.909766,26.880278,-14.243104,-16.588291,-6.8581185,12.61884,-17.613007,-25.713413,0.48797396,22.47921,-7.7595267,-21.13759,2.4823596,10.139702,54.380993,4.9597993,3.834313
LSCC:C3N-01893,LSCC,-6.065604,16.429415,-9.72947,14.26635,-29.735537,-16.89053,-4.7047634,14.8734455,-4.472259,-0.26882926,38.263157,2.9990036,-8.041157,20.807392,-6.7455397,25.97395,-28.817482,-12.41966,-6.041664,-24.126715,2.3261695,1.4890883,-16.334202,20.174896,-5.7147384,0.8640126,-34.963913,-22.966696,-19.973879,0.24430639,-6.332726,14.918958,-17.571764,8.281163,-1.3949097,3.9858449,-12.841134,-9.469276,23.278543,3.4900467,13.214555,-14.150856,-32.704235,-31.829576,-6.2177396,-6.243573,-0.764454,3.1154947,5.252194,-12.914274,-4.1079493,13.2075,-8.24079,-14.401726,7.1450896,-22.529945,12.276904,3.9547331,-34.53919,7.376405,-22.240892,23.591276,-31.46614,13.604737
LSCC:C3N-02252,LSCC,60.168705,39.648026,26.629148,-50.465927,-14.30946,5.2718525,4.026023,6.6760445,-59.890736,64.28185,102.48155,25.558832,31.343058,37.63329,-44.451893,52.63809,-83.02337,17.28754,-99.69492,17.08662,-37.084373,-3.7507708,46.800102,-9.078116,-32.732494,-14.572468,-125.531105,-78.02419,-7.1452994,-20.456244,53.082157,-46.00126,-21.286392,-11.945653,-50.35937,61.367672,-12.478136,8.875967,25.893993,-15.596316,32.306324,-63.947132,-91.50929,-94.26669,-8.456289,-14.639717,-12.900807,0.36444306,89.8142,40.262974,-12.602312,3.629588,18.18235,-104.80588,-57.455658,-14.051177,21.341,-36.050083,-22.018608,7.8085938,-27.184969,102.70077,-82.247246,-36.671307
LSCC:C3N-02283,LSCC,0.5362669,3.3514268,29.453817,21.199709,-21.366043,16.13477,-14.170971,5.3853736,-1.6083474,13.327643,14.364834,2.2926037,-7.4069242,15.867373,-17.76327,-12.8692,18.736551,-1.6096123,-21.904062,21.838846,0.13326286,22.656668,-15.158595,26.2963,-0.58179474,21.114006,-16.757835,-2.825273,9.446877,-1.9709965,-3.4221666,-2.77925,-6.6535177,-5.8767867,-3.3682435,20.91284,-31.58399,-3.2424772,8.172859,-4.2231464,-15.771566,0.8606932,-41.81787,-28.885096,-2.7419899,4.852729,-1.3096946,-9.479526,27.257347,-18.473019,-5.7837915,-7.137695,-14.096818,3.5480201,5.989422,1.608618,-0.44409204,-13.290256,-31.293974,0.4018457,-5.0610733,43.529842,12.537726,21.55058
LSCC:C3N-02284,LSCC,-11.544596,12.796489,10.996274,5.6702633,-29.210707,-25.024925,9.3798685,21.693748,-5.2395635,17.116726,24.318903,34.730667,-0.7261202,12.26123,-1.4260873,4.5839953,-2.5216928,-3.997874,-8.762256,29.827698,4.9932303,-1.8221043,-31.11783,-3.7456026,9.0063305,-13.972576,-35.069195,20.80944,9.67878,6.391858,-49.563873,-20.962366,-18.68413,4.1062126,-1.5695597,9.049648,-7.563962,12.811741,7.039188,-10.532119,-6.763486,-47.926064,-49.504425,-27.21057,-6.7926517,4.4923306,6.815343,-20.872591,19.854597,-5.065471,27.55593,-11.560364,-6.7411675,-29.283825,14.775518,3.6552784,7.1527305,2.5924575,-11.051999,9.075353,-10.622934,2.80944,-4.643277,1.9084561
LSCC:C3N-02285,LSCC,-8.787387,9.827615,10.558192,15.761978,-28.295692,-13.184228,-17.806692,27.335548,-10.389997,-1.1067148,11.168625,12.4745865,20.082342,0.034566008,-5.2653856,28.533606,-11.733887,3.1030986,0.9186375,9.080385,-13.625004,-5.9038334,10.727116,-18.781319,-5.5167975,-17.871664,-45.937675,-1.024584,10.569656,1.1883038,1.087262,-6.8324137,-15.88681,-21.413807,7.831336,28.147745,-2.5701096,-3.2020934,10.78679,-8.182893,4.924365,-5.639809,-41.768417,-2.8269215,-7.841632,-10.233457,-2.545779,-1.8721093,17.81324,-6.5369983,-2.0372565,-2.1142392,-1.2080286,-4.0062537,-6.2823887,-16.976234,16.326014,-8.057397,-15.77623,19.216167,-27.166952,32.466167,-12.232923,-6.432113
LSCC:C3N-02288,LSCC,47.97598,-1.8849707,7.43402,25.743711,-19.46072,-21.50968,-5.601064,38.23793,-16.57573,4.229132,47.945293,-6.0291786,24.894535,24.333578,-23.283709,44.647896,-79.22329,13.571307,-14.740887,4.89934,16.10556,-11.547203,10.996979,-30.704525,-7.0938106,2.5068254,-55.729294,-37.77394,-0.5928476,-2.4552386,2.9994724,-11.809512,13.355233,-6.389693,-14.497438,11.017064,-38.689335,-39.46539,-0.35346848,-0.8132708,28.158974,-16.629269,-14.857207,-40.403244,-2.2783122,3.8209434,7.1933985,32.717403,33.25614,-1.4750321,3.923574,-14.340044,7.5471573,-37.282074,17.498936,11.152117,13.995288,9.264156,-41.719635,7.555888,-6.5922303,48.99835,-27.310911,6.228327
LSCC:C3N-02289,LSCC,-6.531256,16.888288,1.6451015,7.7271214,6.5287952,-1.6449486,-6.6061378,-4.1309843,0.5395596,1.5405794,8.325704,-13.277465,5.9437904,-1.0055661,-2.4498382,11.45188,-31.35285,-1.203728,2.2175791,-6.3545976,-10.033584,2.568329,-2.1718047,-0.7506656,7.334109,7.94456,-35.673862,-9.276401,9.453819,-2.9940896,4.500977,1.0414178,-17.570255,-17.396864,18.010822,16.414886,-12.311344,-12.82133,-3.1687336,-14.383556,-8.628587,-4.9382806,-20.747444,-3.9533334,-13.169808,10.593758,0.63636506,9.173952,0.67755026,-31.496729,-2.9761152,-14.65819,13.459559,-12.250459,4.708324,16.728998,9.125385,-2.0931783,-10.695678,-8.759403,7.397367,7.320224,5.1879025,3.1285925
LSCC:C3N-02300,LSCC,20.716301,13.554116,6.1162314,-3.855094,-30.907581,-1.6696601,-12.628719,16.289158,-6.7167683,-6.850569,18.786572,6.024207,7.289723,8.945975,-12.978911,14.654301,-30.820744,5.2758274,13.967126,19.682285,0.42614946,12.346441,3.7454543,-2.1531715,-21.442461,-9.804273,-53.747303,-10.968232,-11.775089,-4.1504207,0.40714842,-5.425068,-1.4131192,14.723654,2.0132892,22.480593,-9.493751,-19.662415,8.468173,-14.738339,-5.6024294,-8.217554,-30.586615,-13.5892725,-17.932842,-2.4179087,-6.6700926,1.0720133,23.29201,-23.69964,-8.493862,3.6971521,-7.636531,-31.114786,-1.6978278,-3.169999,17.158749,-1.7483555,-25.5109,28.276659,-35.233032,41.864403,-29.470566,4.522246
LSCC:C3N-02339,LSCC,8.863529,19.865679,15.190904,12.069688,0.6745273,-33.028084,-12.685536,18.57075,-2.2552695,-0.37350932,31.060524,6.8020787,0.0734133,10.207084,4.2014194,2.675084,-55.913036,6.478391,-26.340517,-5.59591,18.29834,3.2514727,-2.5604663,36.07548,3.9056969,16.140524,-8.51018,-36.447212,-1.239167,-8.1598,-4.4959073,-10.750405,-12.942454,13.363083,-11.070676,17.852737,-29.24281,7.593079,14.332501,-11.231275,1.1763448,-4.804658,-15.83597,-23.317484,-19.130787,16.164677,-5.1608696,17.321934,-2.2781832,-37.708492,4.188593,-29.655754,-6.9271293,14.915082,6.3695555,19.174326,8.904915,3.7097812,-36.808144,-15.431284,-13.346226,10.989645,5.442817,13.516284
LSCC:C3N-02374,LSCC,14.744779,13.503812,-22.479069,16.983057,-19.34105,-23.754513,7.550579,29.203613,19.140162,10.604124,-2.2544448,11.162512,11.635453,-5.3257203,-40.0409,6.032272,-13.862593,10.784071,-7.559827,-7.9204974,25.550205,-4.107587,-1.4234154,3.223636,-2.6195273,37.114517,-17.891241,-26.28728,11.783381,3.4291894,16.279934,-25.189785,23.750397,3.5179038,-5.893136,19.574936,-27.155369,0.44917682,25.263279,1.5354702,-5.066107,-23.887884,-21.490623,-41.633186,6.320102,13.975878,-12.773126,21.796408,21.661898,-11.533589,1.7148275,11.932764,-4.930617,14.532617,-5.11576,17.887465,8.421169,8.574058,-25.234018,7.964077,2.4537642,42.306858,-22.967297,27.559975
LSCC:C3N-02375,LSCC,18.5766,17.48809,-2.6464412,-13.8585415,-22.867891,4.920947,3.8466434,28.237118,7.2837033,24.970774,17.831865,7.085538,5.301466,5.2021937,-31.79892,7.9486775,-12.320052,16.031128,-13.182417,24.825264,-3.9159353,13.769888,1.1317744,2.783529,-21.779896,17.613708,-56.689335,-6.944555,-7.279676,2.5316377,15.141867,-12.645361,5.1060085,5.541192,5.435149,45.413685,-14.207476,-24.591501,13.666016,-19.250147,-12.632201,-4.149795,-43.680107,-39.830956,-6.94723,-3.069234,-7.6440864,-0.20696819,42.256435,-22.42826,-2.4195204,8.366182,-16.926117,-33.19921,-15.301197,1.4942424,6.849635,-12.776634,-25.803225,23.434546,-24.710165,60.24204,-21.24801,-2.0239193
LSCC:C3N-02425,LSCC,9.172884,13.763487,-4.28701,-19.21037,-40.53022,-6.464094,19.774496,34.96017,4.3169637,1.7850605,36.059505,25.799025,6.541077,4.132496,-39.459938,4.5671763,8.506521,-8.842634,15.262816,38.225254,1.6206855,0.70480776,1.2387533,15.12179,-7.1396794,4.362975,-40.644875,-10.692743,-0.30785012,12.677303,-6.852573,-23.445765,1.5788823,5.7012525,1.899329,43.34585,-30.680294,-7.4290996,37.22183,-24.525976,-14.18021,-19.927572,-55.220207,-42.228085,-16.913935,-3.9534202,-4.4493756,-14.229136,28.692219,-23.059582,23.704865,39.068245,-0.38978723,-11.969362,-7.9923005,-8.180603,11.033794,5.6334476,-27.502886,21.849092,-2.810043,53.963634,-20.739782,6.6701274
LSCC:C3N-02426,LSCC,6.7948456,37.184486,28.697681,-23.615225,-37.233704,-6.2145042,-9.104789,-9.331872,-34.910656,-9.931021,32.27487,7.8239536,11.217499,13.576404,7.807982,29.71064,-57.71157,10.028409,0.649771,10.230994,-11.450269,4.027709,0.8692668,-33.87927,-22.393063,-20.312418,-86.72121,-10.057643,-21.512932,3.3521154,-22.796928,-7.206791,-27.306828,10.214224,4.8515835,33.839806,-7.3801913,-53.063572,-15.357977,-25.417402,3.5784926,0.103360415,-43.415154,-9.761717,-26.628275,-7.734116,-9.385298,-15.158267,55.91424,-31.853256,-11.687125,-18.743746,17.87068,-51.82238,-12.511459,-24.37356,22.435928,-13.73484,-23.94309,36.82813,-38.84426,63.70119,-49.21482,-3.0157623
LSCC:C3N-02434,LSCC,16.34442,33.522392,-16.212025,-10.561063,-0.92970866,-34.638737,-14.025107,34.008102,-4.7589483,-10.378017,28.581942,15.007084,4.019511,-1.8234861,-38.842167,-4.31819,-18.698278,17.507046,-20.670929,33.312366,17.22271,2.0375845,0.15423137,24.197187,-13.294668,4.4549007,-44.68231,-44.931767,-8.117382,-17.580925,22.525345,-30.935963,-10.463548,26.662977,-19.15658,12.885133,-21.785116,-20.542084,25.555729,-13.490397,-34.665157,-42.282974,-27.153,-36.708252,-29.432026,39.2899,-0.3609942,34.02764,40.42102,-30.233139,19.643248,-33.72928,-32.190903,13.826189,-15.664869,31.809692,-2.623261,9.522746,-35.00913,24.027645,-12.015301,9.329966,-6.188336,25.032507
LSCC:C3N-02435,LSCC,5.0570903,17.04399,13.684965,2.080379,-17.426819,-4.971818,-3.135032,23.418734,8.807076,8.521055,15.378099,11.658736,1.083461,6.669269,-2.3700583,9.540597,-13.344238,-1.7445828,-8.93377,4.7105637,1.0942589,4.2510257,1.3219066,8.927155,0.30573174,18.273024,4.4904976,-9.132548,8.444691,27.383207,-17.579964,8.203778,-0.77591515,12.458527,16.782272,-9.063086,2.9104226,11.708932,5.5291862,6.16047,16.519289,3.452675,-5.393374,-15.1881695,-6.455425,-0.18659212,-7.677928,-5.3040004,-1.1539363,-8.174254,9.849213,-1.1478465,-0.6791287,5.862846,0.7129612,-16.235807,-9.134747,6.1407413,-11.211166,-3.7897573,3.5937424,8.277473,-0.9072564,-6.6588364
LSCC:C3N-02494,LSCC,10.694774,14.073253,7.6819315,-5.964372,-16.727324,0.062001724,-16.960066,0.052052557,-5.2139792,0.05444226,16.557161,5.6194534,13.828987,13.685602,-5.525383,16.065416,-1.5598493,11.126839,-3.3197486,17.05475,-1.8322577,19.278423,-5.5795937,-4.426223,-12.186745,7.1603284,-36.631104,-17.384748,11.03427,-3.8152373,4.8134313,-9.385042,2.004331,-0.45153865,-7.2941327,16.087833,-4.0477786,-8.607632,-10.21509,-13.127266,-5.0759325,-11.270772,-15.975216,-22.35153,-7.914829,6.4250593,-4.9308834,-3.7382705,22.435701,-17.672445,-6.294239,3.4630883,0.8835985,-12.569753,-27.554008,6.234077,-3.7373257,-30.86515,0.30278346,6.208005,-9.7666855,20.085594,-11.842741,15.763873
LSCC:C3N-02523,LSCC,-10.7057705,14.801848,8.2002735,-8.255598,-27.518013,-38.96808,0.118171886,23.160072,-11.000836,11.134016,21.19214,32.029297,-1.4547528,18.577805,2.1925132,34.303413,5.2271166,-1.1338822,-3.0855875,-6.8390994,12.279458,-6.866811,-22.330156,-3.0845542,2.823068,14.04327,-49.977654,-5.797718,-12.659287,-3.5191433,-45.90652,9.866609,-24.147648,17.862072,4.6934476,1.8462486,5.650074,-21.747416,1.888311,4.6310835,2.2535546,-28.040148,-32.559486,-49.226295,-4.270202,-0.15815784,1.8893399,2.5744014,10.057618,4.7906876,0.80503064,-12.399796,-8.658985,-31.665678,-7.707374,0.5978091,-9.665277,-5.048585,-14.335761,13.66514,-30.148632,-1.3054316,-14.6777115,6.832993
LSCC:C3N-02575,LSCC,10.272326,18.94226,-14.605482,6.127513,-21.728802,-7.0303707,3.885351,19.282087,-1.2237339,11.828829,9.739168,12.657697,11.703894,18.833004,-30.698168,0.7844423,-3.0234697,15.602196,-5.8468337,20.952509,1.3364445,1.8778465,2.162206,-15.302271,-9.62319,11.646765,-45.60312,-4.846377,25.905245,16.28817,3.0532384,-27.547785,17.744205,-25.152933,-3.7860444,27.285215,-13.467654,-13.736538,10.747376,-5.967224,-34.353386,-27.674845,-36.498653,-32.47835,-2.6226416,23.191498,-32.987453,-7.920073,55.612408,-19.912771,7.407669,-4.0654535,-15.397524,11.600223,-8.257505,-2.5321193,5.032966,5.2092595,-11.601947,18.312017,-15.177948,51.648457,-30.575432,13.772586
LSCC:C3N-02675,LSCC,-5.5699944,59.591084,9.594802,-41.567696,-37.063465,-1.792243,-7.1285157,-6.6338997,-64.76577,-26.75503,3.799271,14.401286,-11.686157,15.097086,12.993007,76.76327,-77.2947,-12.950082,-4.5064974,-6.181677,-7.1097198,8.860957,16.235329,-36.2825,-46.891537,-36.563454,-89.098274,-32.466244,-46.894897,-11.603662,-8.2093525,12.294891,-34.88307,10.209772,-2.0024812,29.392216,-1.5873758,-58.60124,-0.74392205,-22.939817,27.028568,-5.7193217,-48.123535,-19.680113,-36.65025,-8.273863,-2.150799,1.8721364,65.833916,-53.236065,-31.495863,-16.047436,27.61219,-62.966175,-9.659647,-49.68749,31.07614,-4.7436886,-20.894918,54.73123,-54.992832,72.21208,-77.53483,-2.9291153
LSCC:C3N-03051,LSCC,-1.2761639,15.77439,0.51386166,-6.821812,-21.395443,-39.169937,-21.254974,27.031353,-7.022866,-23.543165,25.970974,17.217306,1.9878099,10.84279,-32.27255,12.920481,-31.40572,6.8057137,4.3479714,27.848324,-5.3005476,-4.8996153,-10.364428,17.629978,-14.704629,-2.7316008,-33.95155,-15.848982,-35.281876,-19.495567,19.520782,-8.583479,-33.919186,33.231308,-10.96007,16.28673,-33.331657,-13.076408,29.891342,1.7633163,-22.560661,-39.159695,-35.602203,-39.931313,-37.92899,16.152044,12.876449,18.778875,-5.837341,-21.094604,22.290491,-14.8463125,-4.324887,-18.98202,1.3556185,13.4395485,19.291777,1.1685733,-34.35096,19.133625,-13.16189,21.699562,-19.282225,20.62392
LSCC:C3N-03072,LSCC,25.848183,21.188341,-3.697797,-11.859494,-16.16074,-16.822386,12.576245,0.9885605,-21.011847,28.314304,36.950096,21.374533,22.087479,16.283335,-21.387003,6.632833,-20.958662,4.983901,-47.235744,-4.831261,1.0540572,-1.4165876,5.8146935,-6.742848,-11.44792,15.066659,-44.245247,-41.480423,2.0680428,4.85681,7.596807,-10.663023,-23.093748,-0.55902016,-20.125786,18.350761,-5.1480117,-21.41354,6.7314897,-8.870329,3.7360704,-47.29152,-29.046795,-45.6191,-18.909527,-0.066920534,4.3971233,1.6805036,18.484913,22.590868,-7.599579,2.662536,-4.2690454,-38.81665,-17.355354,-2.208884,-2.4955115,-6.1763387,-31.516287,-5.1119404,-17.469658,22.181345,-23.551928,-1.8645024
LSCC:C3N-03076,LSCC,2.9270575,20.464417,6.0866847,2.5063612,-13.589425,0.5520859,-12.257739,0.75198346,-9.058962,-11.932954,20.819536,-6.1463113,20.468224,36.25865,-14.095059,5.8207016,-29.116985,-6.95076,6.8904796,27.02667,-13.737557,5.7596617,-2.9818103,-6.3974137,5.1912484,-4.8195105,-34.415253,-6.7411966,2.5163462,-1.3608968,16.482012,-28.833246,-10.955776,-21.905058,1.7637092,22.803604,-31.171257,-12.583745,6.7057076,-7.4673166,-21.080341,-10.925759,-42.327934,-13.022481,-17.192621,16.629225,-0.18150237,-1.9419625,22.796427,-25.798632,-5.8718944,-20.872208,5.0662904,-1.9053751,1.1905427,-3.2020128,21.741522,-10.523555,-19.975744,6.830264,-31.220667,32.96288,-19.81426,20.325912
LSCC:C3N-03092,LSCC,14.207273,16.984259,17.753096,-7.607259,-7.6479554,-1.9686964,-16.070107,15.358902,4.3748,9.623256,25.007998,-5.3194714,20.80076,5.9281516,-18.29677,17.378242,-18.67137,22.022324,-11.682342,14.816691,-1.4354576,8.559257,-11.692725,4.726243,6.526506,10.146126,-20.673891,-6.693794,17.284021,9.524104,-3.232697,-11.964819,-5.827237,-5.512965,5.897524,17.266182,-18.418026,19.190195,4.4577475,-20.433386,-2.221213,-14.005237,-19.526064,-27.999855,-8.52914,-2.3105803,-11.239717,-15.5600815,17.748121,-8.322792,-1.7667358,15.541059,18.518297,8.527389,-25.611618,2.9717991,4.3008814,-26.801075,2.401591,-20.545,5.0501304,30.969225,0.034298938,8.966708
LSCC:C3N-03093,LSCC,16.4665,21.823343,7.4489007,-6.1974425,-35.080822,-6.9126487,0.026259141,45.83875,4.7357464,14.943267,32.303253,18.002403,-4.115185,-19.830486,-9.592164,22.303783,-16.670687,11.837844,7.072074,15.49928,-0.051085133,-5.6856155,1.4394972,-4.5257134,-41.918217,-3.5111403,-63.190037,-15.709832,2.9788868,-8.759771,1.4915601,-3.4578059,0.074567884,4.6023064,1.8754648,51.55144,-21.685522,-1.8888834,13.7360115,-5.3527102,-1.4356636,-7.42907,-45.08211,-3.1711295,3.0617115,-28.284176,-32.159153,-4.2774534,31.175947,-30.866592,1.177614,17.74737,2.1274676,-30.012411,-14.625389,-16.666443,-7.4986825,-35.677555,-16.513268,22.153948,-43.832623,74.87047,-31.755228,-3.2610414
LSCC:C3N-03204,LSCC,3.2123399,4.1604786,18.8431,-1.0727396,-29.76777,1.6143758,-15.949229,12.636923,-2.3787,17.816542,48.397053,5.7364573,-1.638986,4.5900817,-5.1369195,3.3831065,16.762646,7.807872,7.860193,28.819021,3.1283288,7.7415113,-11.287874,33.4636,1.8718548,8.031128,-46.974285,9.149293,11.073359,-16.449896,-7.79357,-11.481616,-24.714493,11.630781,1.7950121,25.890305,-13.366539,-6.629748,6.7355404,-3.3367355,-21.332005,-5.02736,-54.938133,-18.302202,-1.4050409,-10.273508,-26.643728,-11.722633,26.063475,-20.215544,3.143724,-13.077393,-4.3242006,-1.9389899,-2.2195945,-2.564044,-12.562662,-22.012163,-12.755462,6.586514,-30.564928,32.08768,-11.81289,-5.7527833
LSCC:C3N-03424,LSCC,9.820718,7.659079,3.0251114,-4.316188,-34.011726,-8.223038,-5.7386055,19.43048,1.4582175,10.022936,11.266619,16.49144,-3.9340756,-9.65375,-7.124688,17.030285,-19.179502,15.197147,-3.2823756,1.5853124,4.2420087,-11.193521,2.2256057,-17.061153,-16.051914,4.7728605,-41.56837,-3.0160244,4.1866984,-5.8266993,11.195839,-12.994924,-9.0977955,9.586231,2.6989768,25.805788,-6.6096034,-8.096369,-6.701924,-1.4713794,0.8190188,-25.220215,-27.569729,-14.603723,-4.241764,-16.836084,-18.363379,-6.465128,12.835279,-16.40829,3.92014,15.211856,6.843114,-20.006626,-14.974395,-9.707866,-2.459047,-19.020601,-4.386004,12.875888,-4.0174932,51.982533,-36.1483,6.6961093
LSCC:C3N-03425,LSCC,-26.346241,12.415234,-2.80703,-2.7496142,-18.267607,-18.343113,-7.728613,30.133486,3.8641372,10.486247,-7.062747,19.336037,-1.6187478,9.565531,-36.649525,8.437424,18.388845,-5.632022,12.921859,14.3864355,3.2573676,6.910679,-3.8293526,3.442213,9.611206,23.031183,-27.322811,-15.662047,-10.687719,2.4346037,-2.0430665,19.407759,-16.94429,-9.724381,19.839449,31.262438,-4.9724865,-8.335396,23.795563,-0.678802,-0.5242403,7.6272078,-51.466663,-18.63501,-19.986568,-9.19356,11.033479,3.458133,19.445704,-22.50074,-8.136713,-6.439443,-10.99844,-10.91745,-12.8141365,-5.288226,15.688556,-14.239699,-14.653489,5.8287277,-19.255,23.263866,-2.5464115,6.910693
LSCC:C3N-03441,LSCC,-9.7173,6.3955183,3.6820848,-6.2374177,-18.02263,5.32331,-17.693813,33.670033,8.094219,4.2687345,35.309494,15.903871,-4.231303,3.2274954,-24.444172,29.574705,-15.248634,16.213757,15.945487,17.701614,-12.742789,-15.792511,1.7553788,16.67431,-4.4779754,12.546473,-33.664738,3.4993417,-1.6345103,10.308494,9.440426,12.605442,-13.088111,-3.3971438,10.49241,15.870437,-0.31240284,-1.1115832,13.731142,1.1583043,3.1601975,8.954269,-28.923658,-10.327668,-14.471108,8.818811,-11.284725,-11.402299,17.818722,-24.895794,-15.658839,-13.018669,-3.5680141,-13.842812,-21.67584,1.0046339,1.5257168,-4.598239,6.0900187,1.646765,-3.0782118,24.767963,9.333763,0.41610283
LSCC:C3N-03486,LSCC,9.361522,21.376478,4.07843,-2.461746,-13.626818,-1.6185203,-8.811257,40.192493,9.366906,-6.0448737,1.4685959,6.660181,6.677114,-17.4494,-15.687055,-9.784962,-21.605751,6.712261,-9.527538,32.364826,5.164651,-2.4355316,-5.6642656,-1.4207733,-16.45918,13.902258,-21.257305,1.1176708,-5.2644286,25.886215,11.671209,1.0403645,9.544381,0.8545331,11.396226,24.048758,-20.561604,7.5451746,-3.9045398,-6.8172793,-10.223308,-15.005081,-25.25616,-17.561087,1.0829849,12.362998,19.1332,2.5171912,8.851624,-19.98801,-0.9975092,6.3114934,12.123008,6.5628705,-10.277,2.2397654,9.0785475,12.387163,-21.52722,7.8449135,-2.8079054,50.22941,16.038216,4.9384465
LSCC:C3N-03662,LSCC,10.980114,30.431108,-5.5564866,-4.1608944,0.6185568,-4.082954,12.966335,3.024308,3.384715,33.350666,2.0517638,22.429178,25.796633,5.473986,-20.47413,-10.577158,-15.554783,19.266943,-50.283546,-1.2728759,11.763937,1.9511349,-2.1629467,4.5995708,-12.909807,28.739302,-23.707134,-36.57337,20.61296,14.6303005,10.475075,-15.801832,-2.7588606,1.71883,-1.8527666,9.141196,0.0170809,-2.6546388,5.624857,-11.165486,6.769194,-38.598495,-18.963093,-41.317303,-13.66682,16.87061,-1.7426319,-3.8093154,29.456968,-2.447303,-1.851511,4.3265467,-8.506645,-12.275717,-22.77706,12.004432,-3.408226,-8.490356,-3.1071587,-7.3613844,-1.0572789,28.109974,-20.437613,10.827497
LSCC:C3N-03848,LSCC,15.441588,0.7731849,37.351727,4.0887885,-33.3266,-10.403351,-4.3147774,7.5825067,-3.8793755,29.7661,33.23127,11.947545,3.3395083,-5.7210126,-4.1785307,5.798069,-30.644003,12.437479,10.453525,13.287497,7.848233,3.181633,-8.203215,12.929219,-14.849018,23.989664,-54.238953,8.2725315,-11.807262,-13.296402,8.621618,-1.3395159,-18.549023,21.273972,0.28940046,39.09755,-10.957981,-3.1133976,5.155301,4.6851306,-12.099049,0.89139867,-52.91725,-3.724115,-0.25792405,-16.955986,-35.502003,-12.861666,45.75486,-18.772217,-13.431814,5.3982253,-10.882744,-27.108,-9.143464,-21.512894,5.1833158,-20.529724,-6.891854,18.051775,-18.837078,56.92203,-31.530567,-8.41588
LSCC:C3N-03851,LSCC,-5.7080383,6.7263947,-5.4452047,-4.167829,-13.513286,16.812618,3.3729627,-12.182154,5.4733825,-5.490931,8.431663,-6.7969112,5.778887,17.933048,-32.755947,22.188545,-18.644972,-9.44976,3.7216606,28.045012,-9.2816105,-1.8944736,6.0287695,25.273201,-0.04181984,28.720428,-26.885315,4.4737005,-6.421325,19.563473,13.81987,-24.231384,-12.908089,-34.547176,6.807604,20.668295,-17.165947,-3.2890294,19.920208,-8.150655,-14.6956215,5.5806804,-40.789604,-44.255833,-21.221392,8.910178,6.4958224,1.7145501,21.368483,-10.277976,-14.375433,-8.314318,9.606697,6.4888744,-11.5928955,17.544788,6.201702,-3.6278412,-28.000803,-7.4958644,10.353527,45.13614,9.994771,10.998126
LSCC:C3N-03875,LSCC,-5.574452,7.1640353,15.921171,-0.43292624,-37.704857,-18.608965,-3.7414138,16.592817,-15.950749,8.619902,8.2065525,11.565312,13.905572,5.0616093,-10.521062,11.65319,-7.1961894,-6.2517715,10.640645,23.947504,-14.4003105,-2.2925558,-8.905214,-21.83995,-4.3652997,-2.8724542,-49.695984,2.9351015,-3.1408176,-1.9220289,-15.296869,-14.564793,-22.511194,-7.8374767,18.339806,30.948963,-1.0718544,-11.057968,15.682373,-21.02413,-7.8193603,-11.436408,-54.64151,-6.6810656,-18.413448,-14.845904,-5.295657,-4.878683,21.762407,-5.7618284,8.694219,-0.07976667,-4.7542267,-16.408634,-6.710004,-14.8756485,12.645811,-6.578919,-20.941448,18.595022,-25.64367,30.901482,-12.623931,0.060508907
LSCC:C3N-03877,LSCC,15.624626,18.63749,-12.322495,-16.219597,-43.47408,4.4814367,8.633054,23.065998,-16.385843,28.649023,37.126423,-4.7461243,1.7996678,54.309258,-23.684896,38.963554,-10.290928,25.89587,-22.112206,34.545494,-2.8667789,20.083069,-2.738382,-8.265445,-31.449356,-7.279076,-74.67337,-20.410847,30.841331,6.4901137,-1.4055806,-1.3195999,-14.674606,-21.375006,-18.414083,28.65281,-24.749832,-25.020634,-6.78599,-5.4990067,-3.790465,-9.529918,-45.682785,-82.471954,-3.9083636,35.419292,2.1044285,-8.499128,56.869534,-16.430637,17.046003,-16.776163,-11.820266,-31.140503,0.64980054,9.803725,-3.0649424,-29.217249,-35.385254,35.63053,-20.036152,89.76574,-24.518385,-17.85915
LSCC:C3N-03880,LSCC,18.97872,18.1233,9.998288,-6.422298,-6.8964224,-1.8895421,-21.402103,-3.341842,3.6857934,2.313923,21.109163,7.0319586,17.82384,0.39647105,-13.04424,13.732008,-5.4094057,24.583616,-14.067204,18.28621,4.6945643,17.90883,-9.6169,7.125605,-9.036739,15.374621,-35.895874,-30.008957,14.607555,5.7093015,6.1718698,-8.578345,12.117807,0.5432118,-1.4585309,10.415565,-8.280114,6.27914,-7.852687,-19.519888,0.8391985,-12.523506,-8.154555,-29.222029,-0.13487491,2.2217164,-9.887247,-13.820884,18.93627,-13.426172,-3.9406765,18.994013,4.853726,3.7394643,-29.306595,6.0665045,-1.2337437,-40.590946,-5.030214,-13.868276,7.3493714,34.907578,-0.48242828,15.963957
LSCC:C3N-03882,LSCC,14.348138,5.2216463,-9.37473,-10.574267,-39.627434,-11.825273,30.041527,34.446552,5.3757873,33.977234,1.7376171,21.930904,2.4327724,7.5227733,-32.767445,-13.794548,-11.76639,0.8941735,-26.653757,15.445975,8.96204,-0.5157907,-11.383073,6.0711775,-15.638396,48.85749,-6.5465016,-6.0234113,19.305798,-21.61633,27.254211,-32.369663,10.265275,-24.889837,-7.696482,52.45297,-53.874954,-6.443089,32.764874,-0.47027862,-29.097237,-28.836353,-58.480854,-63.15623,5.0325513,22.3793,-21.830763,7.692811,28.612505,-0.55535287,2.8854418,21.46892,3.2972255,5.5703745,-7.545177,11.001845,-6.07598,-6.235799,-22.732283,-5.189047,-6.5721807,50.79832,-15.793121,18.891823
LSCC:C3N-03886,LSCC,20.708687,-0.70338094,15.110546,1.2013943,-29.133522,12.718159,7.5636086,-3.5357292,-8.540856,9.020402,32.055733,9.6641865,9.504686,24.583717,-27.93164,15.467155,-13.626428,-13.766302,-15.904294,8.579782,7.042594,3.106316,7.9460015,26.838694,15.194704,39.611862,-16.939762,-25.283382,5.828134,18.877998,-1.3456119,-13.330767,-3.1726003,-18.466492,-12.09939,25.636045,-29.88227,-0.26894805,14.149903,-11.144879,-14.343948,12.130291,-41.853268,-55.563766,-8.834047,2.4185524,8.973215,-3.1741283,31.47243,11.6197815,-16.925333,0.32080922,1.8620081,1.2926557,-7.5637712,5.1730075,-5.1517215,-16.732952,-37.637123,-6.906394,-7.6944056,49.992558,2.8156004,16.117785
LSCC:C3N-04124,LSCC,10.199594,13.231781,7.6508822,6.94659,-10.317607,-18.247553,-0.085574195,2.7194128,-9.22301,7.737575,23.402998,-6.0431905,16.400007,12.180531,-34.06581,14.935036,-24.7475,18.858517,-12.812987,1.9876207,-22.67834,-4.9991336,6.3047447,-7.6585197,1.8992132,10.463447,-32.390038,-11.428515,-4.658773,11.873608,3.4989598,-6.5172367,-0.8480557,-7.038381,2.415662,30.986975,-12.852211,-18.7723,8.019437,0.7918385,2.3670256,6.503295,-34.24785,-35.22745,-15.165202,-18.456966,9.611844,3.5703595,23.92613,-1.3631241,-13.205586,-4.8449645,-9.931974,-30.55018,-10.947957,-2.778341,14.174716,-10.711006,-25.364044,0.12269951,-4.547463,56.726933,-18.21109,-5.298121
LSCC:C3N-04127,LSCC,-1.1138619,10.736743,12.097861,0.9357819,-26.69797,-0.62243974,-32.060787,40.551174,-4.4707665,-10.894042,14.576872,8.907014,4.1406155,-3.5146425,-10.776138,-5.1290565,-10.379164,11.288474,1.7353894,43.720234,-2.52319,-10.256704,-17.655384,0.41000706,-20.972286,2.0743082,-34.71157,7.4447517,-0.9996637,15.478923,12.115042,0.5800144,-6.583425,11.554982,8.443948,15.391417,-13.281476,12.423544,-4.739519,-1.8919455,-20.070713,-21.243162,-30.095186,1.7077869,-9.350049,1.2392035,-5.342074,-0.8828809,4.14662,-24.392796,10.463817,3.1144176,11.976111,-7.5448236,-8.5824375,-0.38292906,17.206207,-14.300803,-9.091937,14.256826,-18.518988,53.09342,6.433207,3.7804184
LSCC:C3N-04155,LSCC,7.7509313,2.2151244,-5.7778974,-9.052428,-31.457132,-27.516418,-42.478085,52.267887,31.921003,17.34453,54.935886,23.289715,56.61411,34.949436,-17.934862,28.391304,-15.967902,20.598831,-65.291725,33.047283,-19.440327,17.738731,-22.868052,-0.44978374,-17.126526,-10.8739195,-117.936325,1.7844763,12.348705,39.668972,-41.584774,-13.354593,0.49512252,-7.2625494,0.61506116,21.51604,6.5170703,-25.884634,-2.927572,-33.232117,-0.46308213,-68.20958,-31.096045,-87.59392,-11.402707,29.546299,-3.9958885,-38.75673,61.84709,-45.227913,3.3884578,-15.450569,21.914572,-25.906776,-20.573914,27.614857,-16.535276,-12.697813,-46.51742,18.461199,-33.131374,65.400795,-17.034378,-9.883594
LSCC:C3N-04162,LSCC,4.8275766,41.035408,4.9916964,18.926493,-2.7979918,-14.324699,-5.9405136,16.57123,0.48287678,4.5133634,-17.687616,21.491003,13.900237,1.5092576,-15.791675,2.0805135,-25.289137,9.960194,-35.727432,21.282488,-1.0227958,15.085312,-0.47316283,-7.7202864,-8.503449,18.085936,-31.019958,-18.66798,22.100117,9.973044,-12.970247,-13.069417,8.2029705,-7.0961137,11.396186,8.648136,-19.104507,25.65664,13.454464,-22.19175,14.738947,-33.28393,-35.784943,-39.141052,7.9674993,28.47649,9.810231,-6.245777,19.685087,-4.4998927,-1.5393347,16.638248,-5.9200296,-3.9508622,-14.408723,0.25659636,-5.116483,7.7567854,0.63660794,6.5167437,12.295896,29.297005,-5.149073,33.26175
LSCC:C3L-00081.N,LSCC,19.568047,3.4317734,12.445344,-14.534928,-21.180075,50.44188,1.5665944,34.993763,-9.446496,20.633055,26.195604,-12.871763,-6.0521164,26.937141,-30.097597,36.047035,-71.70286,13.010725,5.985333,41.07543,23.742632,6.3339877,7.1585703,-28.68831,-0.33500662,-19.960876,-47.173492,30.658894,4.48039,-15.623178,6.843085,-7.6584234,-21.12978,-12.636953,-11.177479,8.873716,-54.18162,-9.751725,-6.9067574,-16.58698,14.577739,-27.321526,-8.674778,-24.314585,8.487111,26.33915,-7.558716,-6.171553,47.0443,-32.80038,-18.704092,-22.218672,2.3625531,19.973225,10.810193,9.416386,-9.5549135,-1.6599542,-1.8750733,30.561626,-17.878767,35.188385,-25.046247,3.9215217
LSCC:C3L-00415.N,LSCC,36.026745,21.524546,26.165253,-36.958344,-3.2321217,13.11599,20.036634,-2.1715012,-7.747771,2.0466132,43.70139,-8.925276,-11.043522,5.0377736,-12.946178,22.07103,-34.37217,11.333348,5.61224,23.866096,5.3062973,-21.067966,10.743528,4.544697,-11.937812,1.9736162,-53.241463,3.8489966,-10.83172,14.497361,6.195629,17.324678,-3.3054276,0.032985598,-10.7257185,58.041725,-31.098406,-10.719409,12.044098,-15.120526,-3.675379,16.740774,-11.133686,-2.2888548,-6.973623,-11.081065,-27.688574,-42.931744,57.81972,-30.903996,-20.256258,-24.738997,-16.947115,-18.536913,-4.5639987,16.67172,-14.057739,-10.249836,-14.018515,26.827791,-1.8951473,56.695835,-30.717745,-19.125261
LSCC:C3L-00445.N,LSCC,0.7751986,24.67275,5.529663,9.610375,-35.2795,3.4118137,3.228796,22.66713,15.81463,37.32071,27.920015,3.6885772,-1.8094511,11.03481,-14.247375,0.31160226,-9.25917,8.072079,-5.291107,1.1853489,32.97999,-1.4224939,-18.487492,38.840355,13.283126,33.549927,-8.784122,12.286155,12.303142,-7.348133,-2.3154235,-2.1923816,-18.215847,13.883326,13.667031,10.452255,-5.58487,24.446327,-5.990319,10.765231,-0.35206014,-4.9755473,-17.66184,-12.973596,14.766553,-2.444621,-13.818204,-11.214607,33.158836,-9.949935,-9.46488,-6.998268,-15.564132,3.7466605,-13.752033,6.4032173,-9.485638,-20.304792,-22.777468,1.5816444,1.2510464,10.832364,-13.531438,-0.7585852
LSCC:C3L-00568.N,LSCC,4.2009254,23.607042,14.092351,7.471137,-26.494259,-18.798233,-13.465743,8.961885,-10.627761,2.6313944,41.930405,-5.3354864,4.3165126,8.024536,-5.422448,43.36075,-30.416533,-3.319589,-5.5009828,-18.552399,-5.5525146,-3.066933,-14.59052,1.3846121,-0.06901935,-8.975878,-29.481108,-6.439862,-9.380819,-3.6688216,-14.25526,11.298705,-26.624142,-9.230675,3.802203,5.1975427,2.614196,-17.067577,-1.1237124,13.866164,-3.1212523,-9.034176,-26.661264,-14.800963,-11.648175,-9.314043,9.520114,-2.2770884,43.586117,-10.690541,-6.64894,-5.9182005,7.2975106,-11.33386,-13.080024,-10.139176,12.362015,-1.3082277,-32.743645,2.0060391,3.2131777,-7.052701,-20.387255,-5.7802567
LSCC:C3L-00603.N,LSCC,-5.582787,0.35967076,-3.8227918,-14.836214,14.579685,29.472599,3.4404664,30.703283,2.2439442,17.650724,42.253,18.134659,-16.003454,12.483965,-16.134775,59.887936,-27.247358,-5.699623,9.693826,21.82883,-4.3122764,-5.9354,0.448776,31.0025,-6.516934,7.0468264,-19.115627,-6.664593,0.5348027,13.83034,15.897289,16.156212,-4.8813467,-7.5215783,2.1834953,-12.122263,20.427048,34.618153,10.287598,16.26135,8.8,-4.792233,-2.7021508,-30.327717,5.609015,0.6585978,-12.86237,9.6430235,45.268486,-28.538628,-23.121822,-13.089226,-18.55262,9.333738,-15.723056,6.437061,-17.214752,11.253566,9.435592,28.640299,-8.206878,-11.495722,-23.240406,-21.655758
LSCC:C3L-00904.N,LSCC,16.643364,38.414524,4.8463335,12.857744,-12.92724,-18.4538,-15.836221,2.9088624,0.056338206,-0.87861145,19.952707,-4.556721,9.727713,1.4633482,-1.4543318,42.282967,-47.049057,10.86303,-21.168015,-1.9129976,11.185061,-3.264302,10.228616,-1.4300375,12.199007,-7.424782,-16.436806,-2.876926,7.2567267,15.658467,-31.086876,-10.489446,8.4369335,9.26655,8.542436,-8.634691,-11.048082,-9.277532,-16.252552,16.895937,11.063097,0.102932036,-10.633294,-24.212065,2.2660506,-15.96702,10.581934,-1.0780087,17.104366,-6.6761436,-22.930902,1.520414,10.540753,3.5134358,-8.876562,9.084807,-3.8178434,11.300784,-54.971294,-17.281637,14.6173,2.2371585,-35.004322,-5.7729278
LSCC:C3L-00923.N,LSCC,-2.781831,8.219252,0.2915013,-27.521292,-16.652855,25.940294,-24.7643,-6.1296554,-24.025402,-22.931555,43.35478,-18.955688,6.506723,29.209045,-12.596029,40.942818,-39.815044,-3.837257,19.629597,25.8102,5.404474,-13.035856,7.067377,5.9167705,13.800344,-30.604801,-47.71766,7.708409,-32.88353,-1.0867144,-2.0902126,20.788465,-21.834248,15.49988,3.1485279,20.859978,1.4193186,2.741161,-7.960165,-2.3989727,-15.549381,13.579473,-38.40109,-22.372442,-22.028109,4.295117,5.818981,-22.11057,64.90629,-63.039394,-27.140038,-36.699387,15.537941,-7.087086,9.135197,7.3204074,12.678582,-8.014591,-10.336649,39.097652,-7.297753,26.745335,-49.7365,-13.149518
LSCC:C3L-00927.N,LSCC,23.594074,24.883642,31.487267,-14.190424,-30.285082,11.861982,-20.558485,-5.822332,11.749191,12.012894,28.007277,20.395956,5.9169054,2.1634028,7.0321174,-1.2523514,-32.434204,-7.391221,-7.1907434,-20.693142,28.054848,3.430461,13.280435,27.669283,-7.246995,-3.3863199,-26.797745,9.688368,-1.5095651,6.967826,-24.714762,-18.438917,-18.570593,19.881708,-14.841546,45.4106,-3.100361,18.983614,-2.1575496,-30.609156,-25.110834,14.278942,-12.2016115,10.901187,1.6814101,-1.4245973,13.012389,-17.570585,78.078476,-23.44084,-12.120738,-12.830583,7.9042425,17.03526,-35.899837,-19.204144,-20.53106,-5.1986475,-33.64272,39.842937,-15.415186,58.083843,-39.243652,-12.208527
LSCC:C3L-00993.N,LSCC,17.605843,36.678486,5.066768,-35.84584,-50.69124,4.6882,13.677946,-6.995647,-22.834948,-24.639544,49.961227,20.297638,-27.546078,24.636124,-9.0543585,96.87656,-33.95391,-9.514405,30.714102,-14.2326975,-11.441201,-0.2990167,27.840044,11.680529,-41.168423,-42.69423,-47.45831,-14.3406105,-17.903603,1.7504011,-8.933346,4.104993,-18.076143,29.335104,-2.4470413,42.56085,-13.810506,5.7837157,15.133123,-21.725399,34.408577,14.070637,-42.730446,-50.878586,-7.1025043,-13.249648,13.20189,-33.623245,63.753468,-79.81704,-26.550333,17.155428,16.11071,-15.115786,-31.706371,-37.67329,27.987988,-10.995747,-17.505901,34.325752,-23.661598,100.26021,-71.03726,-33.89129
LSCC:C3L-01000.N,LSCC,-1.8177905,41.009453,-2.9980543,-14.225539,-11.026389,35.232304,16.0471,36.66256,-12.331684,29.820864,35.936214,-26.873695,7.087313,25.3004,5.3401756,58.777275,-52.43481,-0.68481886,-30.690355,26.89089,7.7809033,-1.9736075,-25.737652,1.0629287,-8.383824,-1.4788735,-32.072308,11.509675,23.99416,-16.62505,-6.0021996,1.5947258,10.149997,-13.723015,-3.7210262,21.302912,-22.369545,-8.29446,-17.5387,32.961494,11.211993,-3.515209,-19.67904,-49.949547,11.393415,0.36183783,0.6114503,8.488839,65.379875,-29.075989,-13.466173,-22.012518,26.728445,-41.29592,2.0535345,7.123166,20.855467,-5.399287,-30.140295,14.75488,5.7323346,19.684792,-36.53694,-33.097538
LSCC:C3L-01285.N,LSCC,21.614008,66.88122,-27.221842,-42.123253,-79.16339,-5.691141,13.821409,7.3258038,-13.646415,-57.89984,89.367004,13.571165,-37.356018,53.856396,-17.481693,129.66763,-32.768433,-24.886152,56.81874,-17.479591,-6.752033,-19.193966,15.785067,48.127785,-31.568848,-51.58088,-63.167038,-12.531327,-24.34732,-0.56580275,-29.43423,9.012442,-12.104912,38.82932,-22.554745,34.731144,-18.258976,16.898836,35.554737,-20.883001,44.68088,18.890135,-45.3388,-79.04247,6.486281,-23.393076,25.52424,-51.405174,85.758415,-100.802315,-31.760357,27.547874,31.938414,2.1283255,-42.81098,-51.193123,33.061024,-10.910574,-40.43436,47.2514,-20.638985,96.558395,-87.06139,-47.396065
LSCC:C3L-01455.N,LSCC,3.5685613,19.725843,2.8055558,-26.388872,-28.591593,16.84123,12.079211,26.391932,-7.6689906,14.386974,14.273498,13.077165,-20.564451,-0.87113976,3.1970704,49.448868,-58.206608,-3.0887635,-16.63133,-0.17513904,3.8910155,-21.0021,1.6080277,-0.2969448,-13.184644,-21.425533,-45.124302,-19.348303,-21.489883,8.11867,-6.5859437,18.983643,-8.189682,0.34767333,-1.7005173,30.43837,-15.6655855,10.112632,30.904135,-14.27708,3.687556,-4.417624,-46.50031,-26.304129,-7.6001353,-7.0860553,-7.315111,-16.906025,65.863075,-50.37689,-9.576284,3.971353,1.4581509,-13.257687,2.9227805,-37.55387,-8.36189,-10.860783,-13.983665,11.933052,-45.125294,61.00816,-55.146935,-17.101341
LSCC:C3L-01606.N,LSCC,38.695805,14.172297,-3.5190809,11.8760605,-17.420734,-37.49185,-9.76525,7.089098,-7.973742,8.482201,33.25349,15.084285,7.5277,4.7326503,-14.001816,20.968801,-47.63656,14.7886,-45.371033,-5.5119743,23.578033,-0.88277304,4.616003,-13.038668,3.3555913,-1.7828864,-29.934483,-18.134552,-7.7635493,-15.197915,-14.618811,-0.110152766,-7.5791216,3.6546302,-2.1507983,-7.403408,-6.9215574,-26.367527,-23.905163,0.60300434,21.919676,-25.72616,10.789041,-11.610957,1.0884988,-11.75713,16.52082,16.971294,33.38632,1.8426391,-3.042088,-9.553673,7.511257,-20.671104,16.58219,16.329445,18.743864,7.7550216,-55.584618,-23.07152,23.14625,-10.81543,-16.22632,-9.562082
LSCC:C3L-01663.N,LSCC,-4.5675178,4.376136,0.25086454,-4.6228023,-12.364616,0.10916807,-3.3824923,25.256336,-20.654833,-22.131191,33.67524,-36.390625,6.168895,12.645948,-16.805647,44.702343,-46.39577,-7.4572225,10.879964,12.411212,2.2080345,-22.841042,-0.21323639,-20.40862,-6.7956343,-22.044363,-39.239677,-4.7314353,-13.022258,-4.0272565,-4.3391247,-3.59681,4.0486045,-23.893793,-1.74976,19.193714,-12.58634,-20.056654,17.66446,9.343456,-4.4849944,7.9608426,-31.685678,-11.350265,-12.5440035,-9.399733,-17.044847,-1.7178185,52.171238,-47.51897,-27.576021,-17.703793,21.098875,1.3807118,2.4989011,-12.665798,4.5979257,0.6042131,-18.211176,17.376705,0.19052926,27.890572,-53.43994,-0.039914668
LSCC:C3L-01884.N,LSCC,11.41742,23.514708,11.706318,2.9485774,-12.517701,-9.279133,-15.2776575,6.22247,-8.504765,14.260421,41.00061,-4.632114,9.843202,17.22764,-11.147839,45.023182,-48.646645,12.700005,-16.90258,-5.5584207,-3.0998,8.945553,-3.9655015,-13.691547,4.9984145,6.3771853,-19.133638,-9.314832,-11.156782,-0.7501463,-10.546289,17.238684,-18.847942,1.4218926,12.438693,1.4701622,-5.923163,-14.59875,-10.861853,24.263144,8.452923,4.5421844,-25.385366,-17.168526,0.16535929,-25.659845,17.782394,4.7611914,40.41718,-1.6202645,-10.82747,-3.309112,2.259988,-2.6295345,-1.5454826,-1.336004,4.271878,-3.6063454,-29.02154,-13.271496,15.701893,2.3200827,-27.189144,-10.057844
LSCC:C3L-02127.N,LSCC,50.140522,-2.593085,18.543217,-8.972492,-32.415718,-21.954351,4.315277,25.047855,-21.213509,36.014706,73.65221,34.273617,-19.500666,20.21601,6.6964936,68.26021,-120.021965,-3.027376,-4.4320755,18.091644,24.809937,25.387354,19.055517,35.25571,-27.285507,8.110033,-57.33535,3.5212083,-30.11621,-50.599834,-7.9702344,12.938113,-41.601376,25.199331,-13.201473,31.823835,-57.914772,2.7466888,31.121984,-6.6544423,18.78532,-43.142216,-55.19175,-76.25125,-53.317314,34.678898,10.218293,41.133137,49.719185,-37.797268,1.0530906,-51.002426,-35.763622,-1.3118038,3.403007,42.94589,7.3095946,-10.584646,-23.42767,13.489501,-28.962866,36.288757,-28.746298,0.50715727
LSCC:C3L-02130.N,LSCC,19.094059,108.38477,-8.965377,-53.750336,-16.131092,13.897221,16.545227,3.915581,-31.748308,-42.079426,30.617338,-0.23584083,-13.972094,62.125824,14.862416,76.03444,-59.789715,-43.368694,-27.626125,19.406197,-16.435467,8.808447,0.15343457,-27.118963,-54.35841,-47.75177,-74.3738,-38.845665,-41.771183,4.577457,-37.358173,-7.665421,2.751276,12.860673,4.8574357,11.6532545,-29.325207,-47.3183,17.044323,-18.981955,28.957857,-5.1814084,-29.451208,-52.567123,6.9410567,5.250339,6.3605633,-8.221503,114.2884,-84.956924,-10.389443,-21.39705,39.448994,-54.04289,19.325577,-43.42726,20.237514,-13.644218,-34.021416,37.387123,-48.804836,62.058636,-81.800316,-13.96878
LSCC:C3L-02163.N,LSCC,34.86681,64.192986,-3.8653824,-10.411281,-29.761953,-1.5655336,1.8521831,1.8805646,-11.970233,1.901487,52.815495,-18.059052,10.508873,13.227037,14.304252,80.5617,-73.373085,15.161854,5.794393,-11.321721,-29.340326,-0.08471466,0.01533824,-4.078719,-7.717362,-33.673264,-38.529297,14.13989,-17.700857,7.8664856,-27.526249,6.252064,23.464325,-7.273089,-27.263508,13.320383,-47.712807,-6.6169143,-1.0442038,27.57742,6.8956966,18.499348,-15.645629,-64.98182,1.9653337,-3.6175718,19.69804,-18.444372,70.42385,-14.757782,-18.634298,7.168139,34.57043,-30.41757,-25.827854,-12.07638,7.7316604,12.943195,-72.15471,12.615499,13.0932045,49.12225,-63.219776,-25.647905
LSCC:C3L-02164.N,LSCC,8.049144,0.9606482,-8.221465,7.0739408,2.0807955,-21.720842,-21.980186,10.534806,-1.3793693,-2.3866758,24.294329,-4.1513853,11.066099,-10.304121,-30.90906,43.523438,-26.578161,-11.990994,-18.309164,4.444947,44.09111,-17.090998,0.07245344,16.508114,10.330599,12.112317,-19.975769,-27.188038,4.4320283,-25.465656,-4.4866853,-1.7666909,-12.676343,11.772882,28.68451,-2.495657,-5.0925956,-5.1243725,-3.2640402,-11.456333,-6.6443186,-0.2643577,-8.964355,1.1870383,12.643733,-8.319176,-0.89821875,46.107655,31.165548,-12.722314,-15.9228945,-19.506708,1.6783938,5.7341156,9.877464,27.359228,0.08185958,-1.0872895,-15.334041,-1.8128047,-3.8669007,-19.86173,-19.599884,-5.50595
LSCC:C3L-02168.N,LSCC,7.335242,33.133713,-5.715495,-10.194883,-9.269274,31.48618,-2.3150647,58.284153,12.15209,39.81806,41.486477,1.1034682,4.100119,14.054841,5.9696236,46.562275,-41.456493,-14.103128,-33.39588,6.9494877,16.74756,3.8149767,-14.642565,9.357786,7.774052,23.585445,-21.23621,14.137169,46.198418,-17.443989,-20.299719,6.942627,8.224749,1.8058528,-0.87928736,33.167427,-17.103292,25.018908,-10.504153,22.787489,19.789663,-1.9363325,-12.520618,-24.460714,19.106834,1.6900667,10.466814,23.815907,54.40296,-28.999762,-7.6099706,-17.60857,8.107096,-30.346128,-3.9324522,27.940874,-1.6930251,-1.4143139,-34.472443,16.570158,-14.688377,-0.7443177,-20.161913,-42.89805
LSCC:C3L-02349.N,LSCC,-21.030552,63.81116,9.32343,29.010092,-29.796755,-12.221975,-22.722008,3.1954124,-33.395153,-38.08813,60.02759,-48.191418,42.658794,66.11967,9.159363,57.449997,-114.27725,-23.329506,-12.453679,35.650604,-37.813614,2.0676591,-41.44398,-49.054188,-15.914803,-39.16461,-57.4446,28.241709,-33.140472,-0.6666748,5.615398,-13.339368,-20.975927,-43.97997,23.480026,-4.9454474,-54.363396,-46.98562,-8.202314,42.898224,16.691328,-36.64596,-34.44997,-48.55893,-14.190556,-21.440973,30.632,7.61367,20.55148,-35.917152,-7.246664,4.126596,60.19959,-3.7194877,-4.4250975,-68.18839,74.59778,25.142021,-50.37457,-6.9726553,42.896046,73.84109,-75.717995,11.211307
LSCC:C3L-02358.N,LSCC,11.984506,24.439264,2.279671,-15.060913,-7.6686087,25.179497,32.51244,26.492945,-17.694311,13.697033,43.788094,-25.105791,-0.034175113,31.946627,2.429721,49.393417,-71.50087,16.768711,-29.843208,58.207825,9.4526825,3.3313615,-2.923479,7.6611586,-2.487835,-9.719847,-59.21727,-12.945622,-1.584441,-16.005106,1.159546,21.593431,15.4011545,-7.851493,5.868423,21.21811,-17.223314,-42.641094,-24.543032,23.200108,10.362079,4.0654206,-10.275345,-41.57377,-9.044711,-2.7442975,-22.543036,5.7441044,93.0455,-23.611256,-26.74446,-35.8626,35.087784,-41.656815,24.626804,24.09568,17.578333,2.426759,-40.61638,28.898176,15.218483,19.451752,-23.430628,-38.41045
LSCC:C3L-02546.N,LSCC,-16.6937,-18.167238,20.53554,-6.907242,-10.169418,3.5890493,-8.742871,37.624844,-4.49086,-9.67845,34.583763,-13.586873,18.752987,19.543638,-13.784167,38.42729,-28.111101,-16.435453,-5.137664,15.862456,16.128305,2.9557354,6.819045,6.576844,18.95825,-5.755583,-35.296516,-1.752113,-4.586801,-12.080512,-11.595122,-4.949668,-13.666855,-20.889269,5.1879272,5.673565,0.2712072,-5.8601565,2.6477616,-1.7119607,-12.710865,11.927121,-30.179018,-16.115808,-6.6245656,7.7636914,5.0449953,7.7646217,40.143173,-39.108006,-19.796173,-27.01332,14.901896,7.788577,15.31739,3.6938128,-8.05934,-11.946005,-15.903289,22.128088,15.144823,-7.783162,-20.338331,4.4688563
LSCC:C3L-02552.N,LSCC,18.686821,11.474619,-0.58289075,-1.7761936,-8.313079,-9.09919,0.5323908,5.982739,-4.5191603,-5.3324623,49.734894,3.9408803,-10.310154,21.217518,-3.109001,60.881958,-61.77183,-18.84149,-7.306567,-13.731502,7.161141,6.8930907,-2.094009,12.292068,-1.2560053,-7.8670564,-16.242283,-22.171171,-27.472185,-12.817076,-24.951996,28.629606,-21.003496,10.050798,-6.2686725,17.330912,-7.5181866,-15.643722,7.3790197,-1.7018932,-2.9806883,17.796629,-22.051382,-1.7224642,-11.197471,-22.557861,12.792966,-1.823159,69.83688,-26.268326,-24.564081,-8.675739,3.1765943,-11.650638,3.064288,14.712026,-7.02368,3.6259282,-35.122665,29.314062,-18.04282,1.2633634,-38.91834,-23.651833
LSCC:C3L-02619.N,LSCC,129.96991,136.20898,23.18297,-48.47844,-94.03707,-114.002815,-111.50851,9.173865,-64.00611,-158.40295,162.14151,-29.217972,18.145939,12.478388,70.00556,76.46598,-205.62334,110.63852,-87.26013,-39.942257,55.860123,-80.7582,93.442696,10.912919,17.419733,-74.54003,-206.31471,-47.185654,-17.399948,-77.17033,-167.99706,-38.17611,-15.578621,-4.4105816,-33.46953,170.40714,-16.137016,-1.4937599,-27.086342,-112.49502,21.115906,69.67421,-14.57298,-21.159609,-49.80372,-20.48758,-66.30336,-114.652336,249.07036,-153.91736,-64.1437,-48.895493,84.12545,-73.77241,-62.710712,-10.492757,38.267685,-100.36649,-144.90938,67.75495,-67.80797,71.94919,-144.3548,-148.93105
LSCC:C3L-02624.N,LSCC,5.9976645,8.862855,-60.08799,-3.5632591,-56.79238,5.3480387,26.253443,16.690002,-5.3114834,-14.128378,47.044765,-5.405053,-11.765209,48.12547,-5.043737,44.6614,-122.39448,-26.906078,3.568916,-33.971485,9.232891,-25.831635,-10.782755,15.7649355,-51.06026,-28.745796,-79.89756,-12.175768,-36.945076,17.555126,-40.34534,14.17616,-0.9498576,10.002543,-11.78673,24.733805,-28.61042,33.558506,70.19326,-3.2813246,19.510788,0.49506164,-60.30354,-47.90518,14.762946,8.907108,-11.051566,-57.698563,61.824326,-85.61767,-19.644545,48.71696,1.7484784,6.4616814,-28.449814,-75.083084,-2.6982784,5.7330036,6.0333405,26.02954,-45.802784,140.96191,-89.582954,1.7240515
LSCC:C3L-02625.N,LSCC,35.707348,24.862906,-1.0191268,-28.676636,-14.367735,14.754587,23.54257,19.922546,-8.27955,-10.178352,55.732887,0.22686073,-23.729433,22.824474,-8.031015,34.49079,-81.92813,5.0233536,24.1102,24.861853,4.8367805,-5.4408712,25.258469,9.225796,-7.1820107,-22.589848,-64.88399,9.226039,-27.306187,6.0385466,-32.929234,41.192265,-9.532394,0.40985575,2.7441423,38.32304,-41.80172,-43.942528,3.4104056,1.2812535,10.06421,2.8003066,-10.151973,-4.670892,-7.996595,5.8848505,-21.05079,-19.61381,90.740074,-31.530727,-21.87818,-49.489155,-9.423765,-19.694592,4.113047,18.168446,0.1420393,23.718273,-20.074667,25.977686,-11.838971,20.702316,-18.022982,-6.4479704
LSCC:C3L-02627.N,LSCC,78.58834,90.35624,-21.93077,-63.6977,-68.66325,-11.45458,26.724766,-20.282429,-37.72874,-102.737724,104.874596,36.675167,-50.538452,59.634796,-25.816565,155.39851,-86.78761,-35.440113,74.63403,-0.78471625,-37.180862,11.867331,80.24832,-16.192308,-110.86397,-92.70998,-111.541954,-28.29521,-42.706257,-25.184652,-65.52865,-0.45002824,-0.45232,66.17131,-36.216656,97.94091,-83.10306,46.311886,23.008457,-27.38784,107.00793,-0.014813896,-84.54008,-115.96652,29.021557,-55.943443,24.587257,-110.71713,111.61016,-165.82898,-11.381061,77.407715,44.23103,-69.750374,-66.05286,-122.59057,68.328476,-35.005337,-60.66317,15.0250635,-62.753704,240.72945,-111.64093,-76.7609
LSCC:C3L-02629.N,LSCC,-1.4434907,-3.057288,3.6540272,-10.795167,-6.4504023,29.49754,-22.084545,-2.3646045,-2.3704696,-7.437876,48.585724,-14.127712,12.852178,19.984386,-21.483,7.7586966,-34.812042,0.122427344,11.897988,33.312817,8.466551,-16.390003,2.9844053,-5.1031675,16.561665,-12.687669,-38.237846,9.032318,-16.370964,-0.6217236,-10.838653,-3.5571947,-12.812557,10.219291,11.730176,14.119784,-6.999293,23.093128,-0.47048944,-16.368734,-12.2856,18.43027,-37.040657,2.373269,-2.0399954,11.116937,-5.2881966,-12.648988,56.836517,-60.676678,-11.510177,-24.767817,14.699082,-6.9956303,12.903498,14.789248,6.4222927,-10.967096,-0.86029476,25.732634,-10.535307,19.586514,-32.7879,-4.5829787
LSCC:C3L-02646.N,LSCC,12.998552,6.9664965,8.772014,13.879125,-13.877933,-12.957975,-15.805653,49.4892,14.852885,24.037712,14.738349,-4.9150143,13.09902,-4.872358,21.835909,58.97,-59.607742,-15.683418,-78.40936,0.34673348,17.190308,-2.5801046,21.984486,5.325437,-13.155188,-18.071825,-46.158844,-27.253489,27.798687,7.8945436,-50.232643,-60.251354,-26.836834,-42.962128,33.750633,8.455941,-12.809173,40.121456,-1.7617663,-17.62942,30.602798,13.793549,-16.820068,-40.46775,16.42956,12.485188,12.115915,4.9693832,43.729137,-42.069016,-21.727678,8.049948,24.96676,33.48944,51.904472,19.35633,10.396638,19.70293,-48.97485,15.954347,-17.825882,22.895859,-55.61078,-4.060807
LSCC:C3L-02648.N,LSCC,21.350872,43.90511,14.421023,-25.904013,-12.959711,-2.3289413,-15.545339,6.9026957,9.653331,-20.255846,36.091057,7.321173,3.3746564,-5.2531075,0.6871297,46.00636,-32.071632,-32.83891,-4.1919394,-15.509712,29.858692,-18.631514,8.59058,8.6788025,-13.81829,-24.846622,-31.833023,-12.218202,-0.09415722,9.03575,-54.597046,-15.091932,-5.501769,-9.621434,-1.3137966,38.448708,1.1345133,10.083707,1.6040174,-22.83922,10.649009,-5.507293,-26.960493,8.620017,26.346571,3.054185,5.974085,9.135956,62.03268,-46.60506,-44.81483,-10.771745,15.633051,-23.087976,-18.614883,-2.8919618,-15.65779,11.764506,-21.846188,31.166903,-42.768414,-2.2674754,-50.840595,-17.37016
LSCC:C3L-02649.N,LSCC,1.3738519,4.9075994,-29.093632,-16.324167,-25.264088,9.93528,-10.502738,50.03742,6.9427786,-34.522766,76.54581,7.6079164,-18.254892,9.261181,-19.386078,74.698425,-28.025915,22.739841,-1.0093634,12.409098,5.3866687,-14.524296,24.07636,20.800438,-11.901014,-18.821272,-64.7741,-0.90164477,24.87751,-19.351568,-23.503721,-9.316275,-7.8853445,-7.9458184,-21.830935,15.724165,3.2938402,5.3686795,22.993004,-13.8397255,12.085203,17.563404,-13.527929,-11.460576,15.96341,-11.936996,-19.920774,-1.8903582,78.68221,-64.45208,-23.632719,-36.381744,13.850283,12.673895,-26.75971,4.290003,-10.542168,11.271497,15.11235,5.2259793,-19.214039,0.43620235,6.462021,-51.986908
LSCC:C3L-02650.N,LSCC,1.6022863,31.15687,0.65649676,-1.400955,-18.214281,22.944036,10.481225,42.63198,6.8823476,35.360977,22.764082,-16.452324,9.939401,3.2135222,-1.3695191,36.998737,-40.892357,8.384012,-26.869625,30.074493,11.201145,0.83492494,-11.127662,0.76446813,-7.0058727,19.988155,-23.953377,15.395402,36.511566,-14.6305895,12.15887,-5.569543,12.141977,-11.181092,8.610519,22.514973,-17.245779,10.197706,-21.527042,17.526548,9.854471,-17.814857,-16.080915,-29.78752,15.087219,8.535541,-8.930583,8.430388,45.522583,-6.670189,-5.3425274,-10.244867,25.004631,-33.337032,-3.7128215,11.920176,3.8721733,-3.7150311,-10.270026,7.1006885,21.538391,16.74567,-31.89403,-15.647502
LSCC:C3L-02660.N,LSCC,11.031461,15.9732275,-0.12749693,-1.6678243,1.502317,8.790855,-5.3519573,6.9407945,-0.788826,-1.0985221,42.900703,-8.160829,4.692334,14.608876,-17.282833,36.07641,-35.665462,-3.7639027,-6.8837323,-1.374767,18.704407,-11.22258,6.980816,7.563742,4.648674,-8.81482,-21.128485,-20.263544,-7.368295,-1.3359143,-13.396122,12.959218,-4.687287,2.374017,0.9103707,14.16271,-1.1015512,-11.789652,-6.985195,-3.9590724,-7.34517,24.967245,-14.677584,4.897521,-5.793997,-15.224016,4.1639643,-0.5646465,68.578606,-30.02382,-16.175797,-21.101835,6.4533553,-2.5799508,0.49860692,12.6182575,-5.09895,-2.2169273,-21.806175,24.065535,-14.183045,-6.607493,-20.92618,-24.358784
LSCC:C3L-02665.N,LSCC,-13.906914,14.1676035,-0.18983886,11.889122,10.6640415,-22.198757,-9.618656,38.223293,4.512327,16.127422,7.8394566,-22.60983,5.969339,0.7599502,-13.39916,18.131195,-9.47653,-16.11907,-7.9079413,-2.6531355,33.95244,-0.033589818,-2.6555705,6.8747125,0.7693722,17.225441,-14.486632,-21.391993,24.77604,-1.9250507,-28.093382,-10.602709,20.13689,-8.952151,5.754333,-3.0150461,-9.512513,12.889696,12.886994,11.09148,-0.026091881,0.12646556,-9.758453,-4.7173967,-5.7851424,-9.370632,-14.580034,22.587944,32.49499,-29.735802,-25.077986,-24.216673,14.266553,21.06185,-13.566046,19.642,-6.0339932,6.3895392,-9.996381,12.4727,0.255849,-21.53882,-38.793888,9.08697
LSCC:C3L-02669.N,LSCC,24.762465,20.247427,-8.98316,6.4365163,-13.667449,-20.787977,-6.3167286,21.024305,15.819327,5.819147,52.216385,-5.610137,9.318538,42.378708,-15.029107,74.63939,-32.96181,6.7738295,8.896998,-6.151925,24.201544,0.5117717,3.6113632,45.781338,-0.0880771,-0.6625109,-42.594696,0.85617423,-9.53533,-17.947151,-13.040708,-4.848821,-0.19761553,21.85799,-1.7227534,24.15519,32.339733,31.850418,3.9900587,-6.402436,2.058553,-2.4282482,-2.2762008,-3.826607,-3.648567,-24.511103,3.03801,-6.701104,30.34826,-29.738188,-29.830633,3.0989878,-12.19246,7.521409,-24.039812,7.0201774,7.6266127,5.1188593,-4.9352584,22.197422,-0.47297025,9.509312,-4.6172853,-20.336344
LSCC:C3L-02891.N,LSCC,24.965452,21.957218,37.49262,-15.982788,-38.572464,11.4527855,-17.975113,-11.719065,10.133481,12.809832,16.508566,28.597422,2.7603939,-5.180792,10.938557,-4.386824,-41.315887,-6.061948,-18.824362,-18.952158,33.0637,10.811588,17.871935,24.382473,-7.2402353,-2.715286,-31.799936,4.032164,-10.018379,7.6546054,-28.07673,-16.914267,-30.033007,27.590261,-14.184434,51.78343,-10.408425,16.084316,0.217086,-42.85588,-33.293324,16.89937,-23.135057,8.488729,-7.5873756,-3.3997064,14.80924,-22.072363,93.04792,-27.12073,-15.299506,-16.572289,17.173704,8.454076,-34.668163,-22.240372,-18.394194,-4.5326214,-33.15518,39.751842,-14.228564,66.2899,-45.891323,-10.780498
LSCC:C3L-02951.N,LSCC,-2.7443893,24.777767,-17.927078,-16.344759,-0.9380712,34.180405,-47.628826,-0.8369352,-24.960245,-50.18156,68.60327,-49.22143,20.940546,70.73023,-41.3466,25.912666,-46.253395,7.3123136,31.524952,38.13099,-10.095801,-40.49968,-8.496326,-6.6142898,-32.03293,-64.46001,-84.40868,15.661507,-42.224014,6.4964466,-32.36592,-2.5285282,-20.769186,16.152891,-9.178098,26.869968,-28.724918,30.220018,0.15621452,13.275076,6.7312126,14.434323,-65.79901,-60.396698,-4.852202,34.643425,22.113619,-43.71846,100.99386,-102.1153,-30.178743,-49.672993,12.370245,-11.929386,2.8409798,-20.266201,2.1991143,2.467491,-24.060581,45.68704,-12.38431,64.3197,-82.6322,-22.998278
LSCC:C3L-02963.N,LSCC,31.510149,20.136301,2.6454856,10.071412,-23.333862,-23.306509,-20.042366,37.263485,9.612157,6.4787345,42.942944,11.780565,20.504524,14.350534,6.6149616,57.6876,-62.27,6.1015887,-53.284946,-15.556666,8.721953,-6.614595,32.408234,-7.6649117,14.350539,-10.446804,-45.13809,-16.932518,20.823675,-17.204817,-35.393147,-4.157295,-7.1117268,-30.518942,5.420789,14.387495,-32.482243,7.5563207,-2.5837877,0.51800215,15.288638,21.973413,-9.522832,-1.4684249,0.92943245,-14.510606,12.058755,20.142183,56.178413,-15.837852,-12.593725,-7.034884,17.62589,18.62949,23.808422,16.222767,16.126377,9.234058,-68.23635,2.395924,0.9561136,-14.184214,-30.984797,-30.048462
LSCC:C3L-02964.N,LSCC,13.139187,-2.7463138,5.5685687,9.248268,1.2423437,-14.569349,2.132237,-7.8253555,-13.500191,3.5119133,31.805954,0.13576505,17.717344,19.092514,-8.075399,24.176718,-55.650158,5.732005,-8.048282,9.826242,10.869353,0.49273062,0.47825247,10.210078,-3.2459342,11.492992,-43.16354,-12.378835,-13.152833,-14.965034,1.3862668,0.033683345,-12.028097,7.3875813,-1.5155255,22.706299,1.1163806,8.17604,8.389267,-18.18424,-6.7591805,8.794552,-7.9283433,-1.4024725,-2.9858108,-19.83201,-3.5031762,5.888287,37.64296,-9.015344,-26.53765,3.7754974,0.26356217,-0.58535147,-11.83142,4.8057747,12.73443,-6.786391,-9.249992,4.885044,31.9765,10.74925,-4.0772614,-10.148682
LSCC:C3L-02968.N,LSCC,14.350329,5.657624,31.879467,1.5131793,-22.880783,9.481524,-13.289441,-6.6569986,0.40649223,23.456553,43.661045,-4.6219554,3.0274498,17.227947,-0.36466202,-18.881407,-22.62825,8.693527,-9.659736,27.169365,20.029957,15.977297,-14.090189,17.999943,12.051112,14.104514,-27.480825,27.783144,-4.593576,-5.4887285,-13.606116,4.2511153,-18.225204,8.771637,8.080674,17.798906,-24.020473,9.818492,-20.879019,8.558832,-12.28112,2.3831005,-42.49295,-0.012414791,4.924987,4.551351,-10.656355,-19.28162,69.83802,-25.861269,-9.334899,-20.127422,12.278699,-9.432553,-4.7163,9.951715,3.947459,-14.79567,-25.728594,7.686908,11.492037,28.865341,-25.394445,-2.943902
LSCC:C3L-02969.N,LSCC,31.876087,25.890488,1.3424294,-1.2785153,-33.722,8.643738,-5.400002,24.13603,-16.170666,8.383241,70.61701,12.406561,4.6769376,27.022396,10.711321,43.444332,-74.61344,1.1913508,-50.719337,-2.8261914,14.803171,-19.844358,24.115005,2.0844998,14.009512,-25.869072,-67.846054,-17.044744,1.9967797,-12.97987,-30.186064,17.996134,-4.6596084,-1.2549299,-10.612508,5.474659,-13.890053,-22.143833,-19.947151,13.152017,7.61945,-5.7567286,-26.256334,-12.0761385,1.7733691,-20.286871,11.21239,12.535901,87.21905,-11.856267,-22.41443,-5.868025,15.824605,-61.368343,17.30978,1.2658621,8.316797,6.286007,-57.27154,-3.4705074,-13.938143,-15.376448,-29.666882,-43.39963
LSCC:C3L-03272.N,LSCC,3.290883,12.984492,17.225285,-22.447496,24.465542,21.12073,18.926277,0.30869228,9.213058,5.7764854,31.392008,-13.561215,-3.2898471,2.6711762,-8.760685,11.67603,-30.25205,3.0069735,-4.8689194,10.985952,9.267578,-14.189158,10.648134,6.3710575,12.894694,9.044261,-28.949879,10.631324,9.208168,5.461905,-7.016255,15.422716,0.20722732,-7.978319,9.106664,36.633095,-10.12412,9.182687,0.102673456,-22.446505,-2.4176762,14.52743,3.1420553,1.1092545,-2.5600805,-4.0302267,-20.929794,-12.626,36.53032,-35.8921,-5.1516323,-32.570824,-11.712818,-14.3682575,8.43763,28.491417,-10.727598,-7.2525296,-2.044172,-5.013496,-6.2056074,14.108963,-4.0515175,-17.599049
LSCC:C3L-03961.N,LSCC,69.33845,-0.2704352,25.155245,-12.490385,-2.5673316,-10.859038,-7.0826,7.7931376,-28.544725,36.372475,43.051476,31.900578,-35.1896,-0.0024912134,4.3478804,5.7564054,-144.41528,19.312923,9.862895,10.949425,-1.3507082,0.035528414,47.782436,2.055146,-17.072119,-4.9479804,-76.00684,2.8256989,-27.426992,-12.812179,-53.12042,10.228528,-8.625156,15.616014,-4.403107,42.11504,-51.864555,-7.2301664,0.21028988,-27.823914,15.955076,-9.70505,-33.707996,-34.91314,-44.880615,23.780947,0.22206977,-6.168758,76.91749,-31.280184,5.0287867,-40.300888,-12.989274,-41.507973,-3.1146865,19.354153,-18.424353,4.4853535,-20.379286,9.551567,-17.843727,75.31735,-41.91634,-19.81562
LSCC:C3L-03962.N,LSCC,-13.084417,14.93451,7.846759,-8.330568,6.6551013,7.980197,-4.202835,6.008068,10.809255,13.60335,18.864614,-6.760624,10.800785,10.924183,4.2405853,21.165215,-23.247229,-0.102066875,-18.633596,-15.669839,16.829533,-7.0749207,-0.37218022,5.807269,20.439133,9.938222,-20.83587,9.134413,19.73078,1.5846164,-7.58034,5.5682764,-8.759554,-7.641625,14.156638,18.688042,3.9661372,15.809172,-6.725718,-11.452905,-5.948828,1.5914713,5.7653213,-5.400969,0.7926704,7.7946496,6.6122413,12.640932,8.876708,-18.092575,-6.5992627,-16.862936,0.6660971,-11.976588,-2.4599292,24.778793,-7.6535287,-12.253486,-8.085977,-1.1144469,1.7163374,-3.5458615,-9.568734,-14.312098
LSCC:C3L-03963.N,LSCC,24.048054,26.622213,9.629116,-5.760816,16.758768,22.161297,-6.5587044,32.540764,-7.476974,14.049866,51.400764,4.816478,12.854387,8.583473,-1.7632626,35.131565,-60.528164,12.345678,-42.899166,23.249212,34.41323,-50.822983,15.269396,28.344267,-5.4489717,-14.967529,-81.431465,-44.153805,-8.596342,-1.7039701,-29.851978,17.941412,13.000011,21.76077,-9.2502985,34.93005,0.043689605,-21.704731,9.598536,-11.02611,-13.726643,34.4353,-26.103373,-8.048697,-20.951874,5.7681174,-35.776375,-0.97719646,149.0725,-83.48466,-41.62357,-31.182554,-9.919038,-25.006561,-4.4430356,17.509575,6.1892276,-13.03951,-35.316063,23.307676,-30.348873,20.692562,-61.752373,-39.620308
LSCC:C3L-03965.N,LSCC,2.804396,14.750974,4.985703,-0.5555201,-4.644253,6.7626286,6.123868,13.021336,-14.793132,8.0848875,23.388046,-8.245093,10.344004,12.686593,6.8642445,27.922735,-51.905487,4.0147567,0.90792274,11.145099,-9.391237,-5.1341295,0.3055709,-2.4498825,1.5480762,0.7662709,-37.431877,15.76855,-0.036675688,-10.390682,7.9958825,-4.945489,-4.4534025,-16.432722,8.661391,-4.3235903,-14.217329,2.0076625,-4.2063413,15.160493,6.6464086,-4.942639,-23.74119,-17.062222,-1.9845579,-1.510931,-0.9851278,13.496891,34.470676,-18.526686,-7.6365175,-18.158325,16.888828,-11.095123,-9.980713,-7.591115,20.428398,8.665386,-2.3010685,4.1158133,14.2011385,20.57777,-14.176071,-1.984679
LSCC:C3L-04013.N,LSCC,-7.7437787,12.227599,-5.2563453,15.884021,7.234177,-12.690634,-14.934359,23.657448,3.3424902,6.027539,34.290794,-7.7550697,4.500945,1.8301241,-18.684923,22.247469,-4.6483603,-11.945611,-12.808209,1.5806415,21.137362,-2.0093138,-4.194772,25.698872,8.088859,7.443139,-27.083807,-15.418,23.931421,1.8278388,-41.342236,1.6420271,8.61582,-4.3539886,7.9394603,-1.6853156,4.303333,0.11591365,3.097553,-2.935458,-8.605056,12.131584,-16.676682,-9.643835,11.850376,-1.6754313,2.000779,17.025427,56.507378,-23.793123,-2.2878776,-23.96198,12.806002,30.960829,-23.350174,12.8335085,-5.9821944,13.260259,-17.477545,-1.1363554,9.490773,-15.915621,-10.60798,-4.464253
LSCC:C3L-04014.N,LSCC,26.823948,19.935556,45.652725,-22.280731,-46.166767,13.110522,-12.982893,-14.422695,0.15892078,5.526092,40.8378,35.43676,9.940324,-3.2048204,14.815228,-14.711383,-66.851845,-8.397093,-29.821928,-1.1319147,44.998962,11.042874,6.0717607,13.181898,-3.6810308,2.3697653,-43.831963,4.6942935,-9.630604,0.47675583,-23.874535,-27.676498,-18.001732,28.337723,-16.016033,53.452473,-7.303579,21.197784,-3.8292396,-47.630226,-45.769547,8.736591,-31.205877,10.05833,-11.522769,-12.497782,1.9573141,-21.145819,116.531364,-20.767775,-16.811668,-17.969435,24.95406,16.124277,-34.77513,-36.777313,-22.50285,-11.563525,-37.98992,40.667698,-19.37166,59.5331,-46.777576,-14.098815
LSCC:C3L-04071.N,LSCC,1.9255196,21.97851,-13.852385,-17.30743,-9.03122,2.5639105,-11.293901,48.01556,-3.415927,2.4125154,46.59897,5.5860553,-11.606409,4.167956,-15.857522,68.93596,-43.628548,-7.279208,12.07636,-3.532226,8.868046,-19.21002,7.596999,19.88464,-0.32884458,6.009142,-27.076046,1.5017118,-1.0232308,-2.3315494,-3.2988882,25.282524,-15.616901,1.3425311,11.935469,-5.8056793,-8.102375,3.608998,5.29987,14.59124,14.758347,6.8811336,-14.488083,-8.373387,-13.265113,-13.529202,-6.320536,-4.212729,14.186697,-36.296787,-31.177673,-18.181515,-15.160202,-20.969208,-17.11557,4.104208,5.7286086,0.22344051,1.4988164,1.9498718,-22.473265,-6.112009,-17.568193,-15.748356
LSCC:C3L-04391.N,LSCC,112.27094,94.34816,47.281868,-64.578575,-73.55355,-56.6185,-59.904697,8.758431,-60.48266,-119.33972,119.24352,-20.523428,2.0046365,6.4282975,38.28356,76.99156,-140.32602,73.01179,-48.832542,2.0748448,42.7668,-48.20094,49.359703,10.338242,-11.666591,-50.764843,-160.65015,-17.221722,-44.405666,-40.363586,-95.906395,-11.602987,-30.974913,26.791048,-39.824898,131.76463,-31.133232,-27.349617,-0.07958205,-70.652626,3.7581131,39.756676,-32.400726,-45.663742,-47.083576,-36.1601,-55.24216,-96.7236,224.49184,-129.13867,-35.781174,-27.376745,58.338276,-65.311905,-46.00775,-29.71417,20.16313,-73.97249,-124.47996,57.72402,-47.927048,84.14759,-117.49178,-128.68434
LSCC:C3N-00221.N,LSCC,8.925065,5.682311,2.6659539,2.9608855,4.056544,-8.238048,5.1364527,14.817926,-3.2431617,-4.9847326,46.04486,-21.528042,-9.158386,5.6873116,-18.960142,36.106987,-34.47441,-4.0765734,-4.8322196,21.110409,17.164474,-11.792984,9.722851,0.6243982,-12.366504,-31.312248,-49.756386,-28.368937,5.9911714,3.0997965,-38.08789,17.725428,8.8843355,-16.492424,5.8278356,24.996075,-11.613044,-48.361805,0.33921784,5.174419,-6.6224957,24.746864,-20.223387,-2.9813502,-12.074721,-4.942508,-12.375665,3.5056336,108.500374,-37.449554,-15.491277,-45.61435,23.281012,3.4049125,-2.4376945,8.266234,2.8411121,24.42686,-40.864468,16.011787,-14.535206,-2.4453328,-21.273056,-18.078205
LSCC:C3N-00497.N,LSCC,22.592873,21.924713,17.724346,-7.9772983,-17.60209,-15.782106,0.40323445,-6.209598,13.357243,1.4410144,12.045933,-5.919997,5.616357,-22.754936,-3.1132205,4.049045,-29.511833,5.0145626,0.30376175,-16.071358,17.771149,-3.8069155,0.9958423,14.737008,-24.193249,2.4587095,-41.2769,5.9972634,-31.061214,9.050541,-35.81175,4.845846,0.9729146,5.856166,-2.9815953,41.97918,0.39156806,0.89674973,11.190511,-8.316537,10.280696,18.866549,-12.740702,24.831072,5.0369587,-9.218009,-10.382985,-19.256907,63.65423,-38.006123,-4.572894,-12.779337,-2.1223664,-12.296506,-31.744673,-0.20486066,-9.698047,-1.66473,-11.783549,10.30119,-6.72721,41.298046,-23.626472,-22.689068
LSCC:C3N-00555.N,LSCC,2.273296,12.322205,-33.197582,6.9949584,-49.45788,-10.383694,16.610458,6.9115176,-4.8057218,-11.916683,49.410297,-6.259441,5.966186,31.109459,-8.321348,21.088253,-95.0174,-17.31472,-6.792344,-14.318877,3.5067525,-13.05836,-18.98257,2.518937,-32.779297,-11.697096,-61.499985,0.9714436,-18.49818,10.189408,-33.55632,14.622289,-3.2956896,-1.4084333,-6.8433237,13.734129,-25.603313,10.537852,36.374832,10.197406,9.072292,-10.318273,-40.980442,-28.021652,8.813711,2.770527,-9.967131,-41.274662,43.63012,-40.376522,-12.708366,31.894302,3.6139274,0.96889067,-20.844826,-46.78372,8.681341,-3.6258214,-13.636073,4.369968,-7.9496217,96.32556,-64.46845,-5.81132
LSCC:C3N-01017.N,LSCC,18.741024,49.692448,-52.726463,-15.288684,-32.179287,-8.422644,-18.493872,40.383865,5.6829867,-45.906628,64.52862,11.176112,-19.474356,24.217468,-2.569267,88.72594,-41.796448,38.749027,-11.828241,-10.610991,-5.0589175,-16.793089,26.885738,15.91617,-30.78741,-24.586563,-65.71553,-4.7442126,14.212192,-20.905684,-35.381027,-16.412796,0.33987555,-2.3248498,-34.42762,17.152729,7.1622653,7.630275,19.385849,-9.970254,30.521181,10.678578,-9.574781,-44.612724,15.025611,-25.783089,-7.431253,-9.837418,82.281944,-75.97459,-12.56244,-25.64991,11.33912,-3.0845408,-34.137592,-19.163029,9.73464,12.835243,8.304095,8.368558,-19.849009,32.169025,-27.002043,-60.50939
LSCC:C3N-01018.N,LSCC,11.047658,2.4149199,-12.482692,13.254861,-11.816792,-22.10808,6.2426596,11.464834,4.638949,10.971948,12.071017,-0.7808221,11.602447,-5.8214345,-11.552243,22.42004,-26.717485,3.314494,-33.995564,-14.56581,36.139378,-9.25852,-14.376923,-0.29956883,-1.3979326,19.72817,-3.1253653,-6.797209,0.6843686,-17.852219,-9.5729885,4.191545,-7.7123513,4.721261,11.653729,0.12741393,-9.902062,-13.955836,-8.728389,6.812638,5.171795,-12.032864,13.377151,-12.888393,8.290429,-3.1368499,10.593754,25.424168,15.338381,2.4881065,-13.875824,-10.657308,0.94921076,-2.6882644,1.0390048,26.106169,4.7680483,4.534986,-26.611628,-10.169147,16.571274,-9.241996,-21.902655,-0.2526577
LSCC:C3N-01020.N,LSCC,4.5125523,36.495586,-9.868527,15.871607,-9.383487,-18.780243,-4.8407445,0.0005806105,17.400702,-3.4505887,30.373207,-2.7756472,17.599825,-14.683837,0.2739536,40.681023,-33.764103,14.718105,-43.286354,-12.416818,28.954506,-12.65895,-15.326151,15.130571,-15.237379,7.1640997,-17.904663,10.410875,19.091381,11.703718,-39.770023,-4.6106834,5.79194,11.519456,-1.6518437,-8.723313,4.482494,18.497765,-14.553215,12.19424,19.388905,-6.0567555,-7.0374603,-18.251604,9.84434,1.7205901,3.004416,-16.779247,12.57145,-15.375088,-8.224647,-18.691717,1.4228714,4.101423,-38.805393,-2.91022,-10.287342,-22.84131,-33.18418,-22.356535,10.452644,24.384844,-38.77951,-10.866078
LSCC:C3N-01025.N,LSCC,5.2719274,14.554821,-1.8499293,1.6483693,-8.947717,-29.827065,1.534394,10.210314,5.2213216,13.904649,53.835533,-5.7616262,-2.7894409,12.527098,-4.607606,26.12951,-13.893465,8.650308,-7.965232,11.175186,-1.6788079,6.305657,-26.836634,47.241795,-3.346973,0.860671,-39.69864,-2.868247,0.9718137,0.23677284,-42.049194,26.563787,-11.284261,11.856006,1.6659673,8.578682,19.377623,-23.10062,9.375341,5.7648535,-13.223827,20.561123,-17.91212,-13.916773,11.177652,6.040033,-0.25865588,-7.027644,90.87011,-33.644405,13.694577,-33.115437,24.346968,6.823612,-32.47826,24.387379,9.320423,13.410922,-24.341259,4.1898065,27.826992,21.322308,-13.42561,-14.28517
LSCC:C3N-01028.N,LSCC,14.820318,34.389782,-16.82088,-26.583199,-18.264967,8.502467,15.2477,30.905878,3.351522,7.2981124,42.958344,10.52381,-18.962751,17.185072,-2.2019784,33.813164,-54.62772,10.815042,14.551285,11.170003,-3.814344,-15.623949,2.284122,19.105064,-9.208512,3.6288886,-42.408974,19.772131,-20.545187,3.883959,-23.448849,36.022724,-10.29698,8.727299,-1.8326412,24.10873,-22.573082,-22.925758,10.512911,20.038603,5.270376,10.076754,-1.3696195,-17.380169,-0.8616335,14.596789,-10.966929,-18.617723,66.50963,-27.325665,-17.453495,-38.367233,-12.424937,-25.481674,-13.45879,12.281478,3.715693,23.224215,-9.604436,21.574978,5.6962094,28.428707,-20.251055,-6.0892987
LSCC:C3N-01194.N,LSCC,12.964652,27.09413,17.844604,-22.14089,-16.433277,-9.940292,-13.401637,-3.222275,3.328021,-13.796674,7.5999026,-4.5347714,1.917505,-10.917502,4.2328696,25.179472,-33.142338,-9.565133,11.792789,-11.853642,20.98564,-3.4040523,8.50818,5.9086876,-24.930742,-19.834171,-42.76478,-7.1309147,-19.3572,8.780114,-28.28246,-7.270777,1.179895,-7.6865015,-2.2171075,38.89851,6.8216844,6.122151,4.345971,-17.043413,9.957327,6.8835897,-16.932934,20.705408,2.3815348,-9.031704,-3.3097,1.6058657,58.30672,-44.104115,-25.845621,-8.213297,7.196461,-7.5950713,-25.308794,-7.65176,-9.20935,-2.2267003,-15.331331,20.156424,-32.20177,26.09572,-31.270628,-12.39074
LSCC:C3N-01411.N,LSCC,-18.77531,16.275902,2.4999278,-16.839035,15.992186,18.513933,0.93165034,12.633781,15.4668455,12.576412,23.5407,-4.9409103,13.287529,0.039266847,4.2959313,30.397219,-21.481468,4.108627,-7.9772205,7.967214,11.431829,3.660694,6.293826,16.130531,5.438576,11.163341,-25.774998,25.312449,22.60246,3.34603,-11.172738,18.235247,-2.9803052,-8.84518,13.832996,23.304497,8.619136,22.459534,-0.90083903,-17.89277,-2.7127166,3.2639105,-3.3803084,-13.34779,0.10152409,13.889685,-5.4614573,-2.576887,18.196316,-28.063656,-5.3133307,-30.92604,-15.515347,-6.3454533,-6.5338874,22.514805,-0.39599085,-11.722494,5.174375,-8.860506,-10.414902,8.731632,-5.443448,-9.564304
LSCC:C3N-01846.N,LSCC,15.443163,18.608477,-9.104699,-2.3294423,26.459978,9.924204,-1.0683191,28.872229,3.3304157,0.1741024,56.210693,-15.266679,2.7729313,31.992287,-16.737988,43.15689,-41.556866,-10.053804,-8.302995,18.512175,21.351263,-24.024565,8.948862,32.23938,2.993325,-1.9483411,-34.39193,-16.320566,-1.8445175,-12.095073,-16.335484,9.311006,7.1435704,11.52408,-0.525959,39.85239,10.295978,28.383095,10.918437,-19.13828,-5.453018,20.783567,-5.9669604,8.373348,-4.0236096,-29.500744,-10.786512,1.7812127,47.76765,-43.2558,-32.82552,-9.058758,-12.061751,-6.931426,6.8170743,14.296754,3.9715095,-0.5711037,-4.2809415,23.975952,-9.18204,-10.594873,-7.9993396,-43.6343
LSCC:C3N-01892.N,LSCC,-4.7592196,2.83264,1.3688595,-20.79067,2.0856717,26.9483,7.5958757,29.663921,-18.057932,8.59659,33.983383,10.216552,-15.724264,13.442064,0.36270538,67.84243,-32.75174,-1.7289075,22.16496,8.939556,-6.8181763,-6.8749247,3.4314015,32.481297,-7.19052,-1.7510253,-25.295437,0.46403068,-8.491044,2.8690665,19.079567,14.148675,-14.3764925,-11.264915,1.395223,-5.211463,9.136474,12.3726845,3.1077416,15.509888,15.926699,-8.122216,-12.58222,-36.869316,-5.591021,0.19809543,-11.004881,8.47124,39.05813,-32.087543,-23.21626,-20.145927,-6.3894615,-7.1709666,-18.248055,-3.768334,-8.261989,4.0007324,9.302036,29.676352,-1.2429421,13.045416,-27.378805,-10.120188
LSCC:C3N-01893.N,LSCC,-24.195896,8.904372,-20.185595,-2.3190942,-79.93923,13.886397,22.794924,26.208693,-35.561092,-14.323334,55.056694,20.326324,-33.502083,17.471382,-0.038996663,84.49611,-112.77823,-37.66672,-39.67102,-7.6307387,-5.1383324,4.7766595,-33.540016,26.759762,-2.7304533,-25.69311,-84.52019,-37.590145,-51.97589,-7.5944953,-9.432871,29.417875,-25.32135,3.8038683,-12.726481,12.953967,-22.674194,1.2997859,44.244717,-10.544262,12.85511,-19.828444,-93.97487,-67.776825,-5.483583,9.845085,18.78806,-13.283485,105.296394,-62.57049,-8.58668,2.4466248,3.7314575,-24.007849,-0.6896944,-53.228107,16.234589,6.666797,-37.936054,50.151745,-60.970192,79.11223,-103.40208,-3.9426942
LSCC:C3N-02252.N,LSCC,7.5626516,32.381474,6.647584,-20.961351,-4.8476524,17.059193,7.6430044,10.192383,-30.04355,22.996851,41.190346,18.974873,1.450088,9.337912,12.405953,45.780098,-50.082897,2.4507694,-48.49802,16.301085,4.0364704,-11.770882,3.1504114,5.239812,-15.82836,-10.179572,-50.571396,-23.085106,-8.596727,-8.450325,-1.6480049,16.761452,-15.759952,15.329397,-4.1579905,3.0539963,0.62015945,-15.392644,-0.50881964,1.5107594,-4.0259356,-0.7895191,-33.609104,-37.015625,-22.756607,-0.36865094,0.22954431,12.291556,78.48697,-29.856916,-23.445517,-19.11622,1.1194515,-54.865982,5.8817606,-4.0651603,19.633814,-7.180861,-9.401917,19.739262,-18.366533,12.952882,-42.392185,-28.31763
LSCC:C3N-02285.N,LSCC,4.3530602,3.1154315,16.136198,-23.713531,-56.541504,6.303543,-7.4928856,23.9515,-9.354373,-31.784101,23.392603,4.2554317,20.640787,14.915215,16.911629,79.63577,-50.604633,-2.574265,3.8252714,-3.8362205,6.932186,-20.363544,34.313744,-4.791486,4.6687016,-44.290215,-53.54351,-23.625845,-12.538582,5.61302,-1.7440351,3.3706954,-24.237585,-38.42023,21.578152,42.50314,1.1157011,0.7270205,0.70026416,-19.697466,5.924424,20.999962,-24.486074,-25.391249,-4.9690456,7.4991403,7.300333,-2.6686342,49.905647,-38.780094,-41.356575,-5.511422,38.835613,26.149475,-4.6764245,-4.3824315,16.096003,-4.810698,-34.567192,38.793385,-17.464035,57.112125,-34.378666,-15.130549
LSCC:C3N-02288.N,LSCC,9.761326,2.6039565,10.006345,17.095266,-8.2592745,-3.307524,6.540285,-0.9241023,-1.9751348,12.090546,17.40664,-15.014127,24.671492,4.2780113,-19.54674,20.283548,-42.07596,4.5242505,-17.890789,4.445951,18.226307,-4.577884,-9.4192095,-14.939489,3.808389,8.872511,-23.461687,-1.0417824,1.2709615,-2.565519,3.992538,3.4510863,3.827449,-7.4408607,7.4103165,13.820957,-26.724998,-24.79483,-14.2467165,6.720973,-2.4155896,0.87844205,-0.84957314,-12.837329,14.518033,11.096317,6.7971325,17.992664,41.123264,5.054906,-12.010206,-17.655195,12.562715,-6.875503,-5.0738583,15.450827,4.7673078,8.590074,-25.11068,-1.2045946,34.96159,16.012308,-23.405352,5.437292
LSCC:C3N-02289.N,LSCC,-2.9721081,11.823059,14.396234,-17.843458,19.052523,-2.4292712,-3.2893617,-13.155284,-13.1302805,4.494308,24.42729,-16.519806,-4.0885105,10.724398,-2.8307617,40.96958,-38.195137,-13.465829,2.6016867,-15.572398,7.415837,-11.666452,5.5094824,2.719901,-3.6401057,-12.489638,-26.471281,2.611793,-2.8642068,-5.4383817,7.8807855,17.796537,-13.063652,-11.260219,9.103327,23.435736,-2.1405284,9.155224,3.9346097,-19.902435,-5.8076906,4.3648286,-9.056458,-1.5658449,-17.740305,4.9403105,-10.655514,0.41453907,10.760213,-48.0664,-8.549029,-8.07856,-9.380225,-24.066456,12.50532,17.960138,6.30858,-15.386559,5.3192697,6.049863,-19.02672,15.685572,-17.749538,-8.82521
LSCC:C3N-02300.N,LSCC,28.563229,13.72931,2.6226828,-2.7260926,-36.250935,-5.5577874,-7.982827,19.655724,-3.7155924,-3.3059874,30.131647,7.176832,7.476093,7.471105,-24.507662,14.68137,-23.720968,6.9368443,19.682482,21.559431,11.91298,10.311602,8.218995,1.8532143,-24.947113,-4.049386,-61.52322,-16.593277,-6.240617,-6.04336,-3.525581,-5.315123,3.2198763,18.373497,-1.1610864,33.7996,-15.737531,-16.43177,13.034998,-15.666077,-7.954797,-8.85021,-34.75813,-14.472348,-16.870953,-6.8160086,-20.131395,-4.9980054,32.840343,-28.187744,-7.0852375,1.7078576,-13.4969,-26.947273,-3.81833,1.3669903,11.86908,-4.7681637,-27.399786,32.752094,-37.25012,51.17587,-36.678204,1.2527771
LSCC:C3N-02339.N,LSCC,61.525517,-2.019654,24.081358,-12.500839,1.2299459,-18.521832,-6.2573123,47.617306,-23.861403,40.716766,77.76387,24.64545,-24.481493,1.6120722,10.315721,25.863285,-123.35583,6.8470287,10.746194,27.419012,0.3881491,-13.1710415,39.559143,17.797688,-24.696203,8.225087,-67.122,-2.6157932,-28.171421,-37.56366,-35.085346,4.411543,-25.640272,3.7857914,-17.444653,60.568756,-68.70299,-8.143713,24.364782,-17.002523,27.535473,-20.851128,-36.741673,-40.890167,-49.28644,30.83088,-11.248751,22.168108,52.820145,-50.354332,-4.1446023,-66.076866,-38.097572,-25.341469,-5.5962663,49.121414,-7.33118,-6.8955073,-29.631502,13.444319,-46.22678,36.212563,-20.623562,-10.160588
LSCC:C3N-02374.N,LSCC,18.86148,0.39531624,-3.0276487,-5.75242,-10.132984,-12.876263,0.9198057,11.825085,-14.558436,-8.11351,31.478601,-6.949272,-15.505116,2.704076,-12.114968,62.34785,-50.036594,-13.4403305,-15.101723,2.6993504,36.59725,-4.9136724,-3.8399847,12.155048,-10.341217,-3.3104835,-19.00486,-30.612715,-27.255856,-28.467888,-1.7747859,18.997288,-17.418192,6.9043255,2.1056912,14.541975,-15.191876,-22.396408,-0.172273,-0.9858557,-1.4313582,-5.5020328,-15.620431,-14.376303,-6.215404,-9.118324,7.183204,28.619604,55.759674,-24.993069,-22.147663,-24.243385,6.021952,-12.894702,16.659466,15.089755,2.975644,9.322278,-28.2782,17.770384,-14.2367525,-5.3246374,-34.48709,-14.727583
LSCC:C3N-02375.N,LSCC,33.64625,16.32195,17.384787,-8.337057,-2.8209298,20.692804,18.060791,-9.076825,-18.550577,-4.0049114,57.517372,-8.253782,-6.016939,15.479972,-8.731019,26.094902,-64.52752,11.223717,-17.639107,16.629124,8.383737,-2.4713418,10.580256,5.5561256,2.205586,-1.5579199,-47.90947,-26.70139,-22.898073,-1.2778734,-18.421938,28.571562,-18.181538,8.0102215,-5.6128974,36.36811,-15.651658,-42.00603,-1.4839748,-9.807292,-14.633404,31.099874,-29.33119,-8.555641,-24.564375,-21.99762,-3.6950204,-22.492796,119.85298,-32.563137,-30.372278,-31.756731,11.452669,-29.800158,10.640448,10.370515,0.34328604,-0.9873086,-48.882015,27.051363,-3.6455264,22.137861,-24.133532,-29.535213
LSCC:C3N-02425.N,LSCC,14.363627,31.887207,2.5215306,-25.21304,-48.210987,7.2254868,13.366221,1.4883217,-20.512527,-35.537067,60.559532,7.98316,-23.087969,30.81582,-2.2524521,106.83663,-26.98849,-17.502256,26.826284,-11.813453,-15.973528,0.17173505,18.283285,17.7503,-29.071495,-41.31588,-41.06599,-10.660549,-14.567949,1.0954292,-16.14822,5.1099043,-11.323076,16.820692,-11.053201,27.155006,-8.550586,3.3084595,16.77405,-11.267648,34.235897,14.635841,-38.292225,-65.40812,1.1939671,-14.555723,16.727713,-32.888042,62.3221,-78.68117,-19.861914,14.63476,17.51648,-9.999968,-25.559793,-34.20659,20.648281,-18.395145,-27.59929,29.911606,-15.615128,82.33012,-64.542,-37.100647
LSCC:C3N-02426.N,LSCC,13.560308,68.963745,13.419257,-39.821075,-16.13841,12.654501,20.085566,-16.5859,-39.876045,-26.065777,35.13895,-6.598197,-2.827597,30.828165,20.365381,33.250908,-75.047844,-2.4993367,-21.827398,20.060661,-11.7593975,2.4422495,10.618516,-21.092155,-31.517536,-26.66681,-85.0469,-31.018795,-46.748444,-0.68851346,-29.970089,17.035551,-21.580338,5.271425,4.910476,39.479183,-16.181303,-71.246765,-5.0239973,-18.356907,12.669672,27.14649,-16.321857,-25.568853,-21.047768,-6.253518,1.0026675,-29.637304,109.8361,-57.330738,-26.14083,-45.749763,23.280752,-48.83794,-1.4796991,-17.26318,15.642517,-0.08753218,-48.264576,49.338787,-7.496498,57.752064,-52.60146,-22.010906
LSCC:C3N-02434.N,LSCC,37.13572,-6.3396225,20.586485,-15.313271,-13.216093,-27.664524,-4.0014944,22.327684,-18.591265,16.1015,56.624977,21.062721,-24.0166,3.047732,4.6073465,30.293499,-105.0073,-0.34688282,-13.177775,16.089205,11.611786,16.138552,27.018902,16.8176,-20.813345,6.75226,-47.85877,-12.005205,-16.748442,-45.744877,-2.9213405,5.473035,-27.481047,0.56727684,-19.82678,29.020746,-48.38689,-15.997421,12.480387,-10.866935,8.3279,-22.801424,-30.169432,-22.24943,-37.6147,27.932007,-3.2544901,37.703594,57.333572,-24.151302,-0.7934218,-50.74191,-19.376629,-13.715652,6.15143,30.754002,-1.792655,0.56412303,-31.652563,8.299483,-24.017578,13.617632,-17.674719,5.4605203
LSCC:C3N-02435.N,LSCC,21.223526,32.371967,-27.633766,-7.1267676,-49.110855,0.8704071,5.3845005,29.424648,-0.59300566,1.4066721,64.06944,5.7477984,-8.114141,30.70839,-4.2956333,51.0547,-58.663303,-1.1780303,4.7747793,-19.295044,-3.7911885,-11.116719,3.4137957,18.34213,-7.9797997,0.07137166,-33.762474,16.935291,-4.287758,3.4377966,-31.086887,16.709911,-22.0618,13.34588,-3.0775673,-0.36204058,-14.774175,-1.3239467,-1.1263529,34.66883,17.886501,-7.6103783,-5.591792,-20.314451,2.330537,-9.081801,10.92428,-15.552379,32.135075,-11.633526,-22.917845,-3.7840288,-12.274774,-13.445499,-23.148396,-6.675122,4.3758636,14.975126,-28.402767,8.656674,-3.3609884,3.5630617,-22.718618,-2.361617
LSCC:C3N-02494.N,LSCC,31.239744,28.19504,22.450882,-26.602419,-20.38193,10.056469,-13.169504,-1.066382,-26.596151,-36.660778,49.708218,-26.944979,-3.8078463,5.777287,16.757523,24.680195,-52.43084,22.77222,1.0448205,22.92966,20.764946,-21.895205,11.296736,-2.130419,0.8875942,-22.233727,-58.7231,2.3781676,-13.022137,-12.423663,-29.886429,6.9312086,-11.006289,-0.3556567,-3.924311,58.016735,-19.82129,-17.18472,-2.4335935,-16.578587,-6.490469,15.604572,-21.209433,-17.544151,-20.94336,-4.352506,-27.443262,-32.720295,82.0697,-60.71983,-25.81963,-29.615532,10.013331,-26.77204,-15.105988,2.234391,-2.9053576,-25.60309,-27.551899,27.812553,-13.021218,22.406277,-46.58058,-38.287075
LSCC:C3N-02523.N,LSCC,-8.527575,75.61484,-2.3982594,-62.596474,-38.38278,22.035707,-3.1945333,2.7634854,-33.654194,-27.738703,46.24427,1.851676,-29.540186,55.74391,17.101513,95.938156,-49.57679,-32.818523,-3.2021859,1.6851209,-7.809912,1.2311194,-14.34947,-1.308639,-28.332443,-39.3381,-58.741463,-6.214417,-48.417496,-2.380235,-43.962383,38.2001,-27.48026,21.504526,12.055207,12.454266,5.092239,-47.55421,7.5510464,-3.5751784,33.795387,1.6960955,-37.58156,-52.571354,-3.9962523,5.1471024,23.188072,-7.3559895,78.321236,-57.01509,-7.6188765,-15.047144,30.718458,-44.620747,-9.5259,-20.698029,15.434849,-7.2305336,-25.165857,44.10579,-40.403225,46.465572,-72.38299,-16.069324
LSCC:C3N-02575.N,LSCC,8.799247,9.8917,15.6832285,-12.179831,-0.82689685,-3.5113335,7.2584343,10.900039,-15.298758,-17.629734,27.391256,-17.993084,3.121082,2.6241407,-11.919665,26.242004,-49.992783,-3.6623282,13.64083,20.311432,12.534342,-7.790241,5.048516,-8.876038,-18.022228,-18.777924,-55.810394,-12.875615,-26.978535,2.230234,-9.648546,2.2683904,8.418833,-18.153978,-3.8214269,32.83954,-11.237427,-28.398537,13.364055,2.2947674,-16.286217,20.387674,-19.364351,0.7299452,-19.124386,-10.160309,-28.74169,-12.774095,77.617775,-57.896496,-31.94445,-33.15586,14.715179,2.73559,4.761639,-7.5517564,9.328837,5.432989,-21.504145,37.64606,9.469737,38.028248,-50.287296,-7.6073647
LSCC:C3N-02675.N,LSCC,-18.678364,106.95672,4.308887,-83.480095,-63.97601,8.073605,-7.008006,-17.210808,-102.8915,-34.70112,15.002106,11.5733385,-33.928375,27.801748,35.54552,129.37825,-124.39738,-19.4841,-38.36289,-14.281442,-19.951584,23.41051,16.968254,-57.904053,-59.784077,-62.73715,-119.46813,-47.45449,-75.53071,-15.077981,-30.190334,45.800774,-59.867992,1.9682673,7.4779773,37.30599,-2.0762002,-118.240746,-7.512388,-30.92973,43.53644,-4.582422,-69.87934,-33.735035,-60.000916,-11.586188,17.795765,3.7729409,115.31196,-87.02154,-40.12969,-39.592045,53.97372,-94.39919,6.5131536,-77.942345,49.890568,-4.515539,-44.347656,86.27899,-67.65889,92.50581,-112.24064,-20.595608
LSCC:C3N-03051.N,LSCC,22.3419,-5.051943,21.553097,-1.8615327,-21.188675,-12.27441,-16.728277,-8.699644,-12.190327,9.551996,45.3444,11.28716,-9.793037,15.409727,-8.538568,9.004502,-92.008896,10.344029,5.025943,22.040127,3.7686877,18.950352,3.7182748,15.738638,-12.973461,3.1631265,-49.347176,4.7208495,-34.616287,-33.557953,17.757761,-0.6583579,-33.9695,10.749619,-1.8750097,18.303244,-38.11972,-5.372958,20.582565,-14.239216,-12.449259,-29.383642,-47.607277,-31.111544,-49.040802,40.216526,-12.369654,15.546278,46.495926,-34.911716,8.853105,-32.60831,-5.2678027,-18.208023,0.025664337,18.281832,13.437168,-8.916821,-9.111809,12.47623,-12.600938,44.52853,-27.628626,20.836962
LSCC:C3N-03072.N,LSCC,15.512547,31.663483,11.317288,-15.020708,3.5534203,19.501436,6.234835,18.096558,-18.917221,5.9842415,36.032017,6.2810817,5.53121,8.669821,16.992477,43.601,-47.690212,4.647263,-26.519585,22.031755,18.226803,-16.641407,2.8196237,0.0025957078,-12.955931,-23.761106,-53.794453,-21.844347,-20.645271,-3.2309115,-23.065838,18.099276,-1.1569494,17.114927,-0.6306101,17.6301,-12.758692,-42.06204,-6.1192064,-0.11474048,-5.989541,23.304707,-24.369192,-20.858507,-23.020973,3.0934534,-5.79541,-6.9717865,103.00645,-51.978626,-35.679516,-31.780844,0.43794486,-28.961851,8.28672,-3.233091,18.669922,0.80048823,-29.862543,16.227993,-16.817724,9.707622,-42.163834,-25.214808
LSCC:C3N-03076.N,LSCC,-1.9554657,20.939629,8.462521,-10.065842,-20.56016,0.045539875,-33.243458,-6.0469747,10.049871,-13.150673,20.386366,2.4082432,10.051212,10.386682,0.68983287,13.62561,-32.592556,-23.659233,7.9327745,-1.7818643,17.173014,10.090009,-6.0704,11.093935,1.6966273,-21.441069,-24.062983,3.933823,-9.131574,-20.236435,-9.574696,-20.393208,-14.297307,6.076584,10.53908,25.498291,-19.167309,9.485623,3.6888077,-16.247389,-36.150112,-9.879918,-15.492117,12.687015,-6.5250926,13.884551,12.701709,3.8637269,51.55153,-48.09766,-15.145867,-25.902327,12.626861,22.22501,-10.033558,-7.164157,1.860754,-4.5172596,-10.105364,40.925755,-45.218296,20.261671,-56.251125,6.194369
LSCC:C3N-03092.N,LSCC,32.58126,49.30495,19.485453,-33.837868,-28.197493,-4.8467207,-17.91894,6.7085423,-24.335054,-51.010086,56.58799,-31.454208,2.0792358,2.809407,15.139706,49.533806,-65.136986,28.313745,-10.773425,6.6603284,25.596973,-28.75564,17.728022,6.5059624,6.6612916,-22.914547,-61.8854,-10.623471,-11.799308,-15.817142,-41.987434,7.7223673,-17.192282,6.044923,3.071277,72.01413,-16.085104,-13.840826,5.4700594,-33.070312,0.24407941,22.292898,-19.366173,-25.408255,-22.985647,-11.97611,-27.831207,-30.620161,98.63525,-69.774086,-27.41888,-21.468285,30.4936,-31.930767,-22.474232,-1.7684267,4.8087816,-30.746868,-38.322765,18.497555,-24.78935,31.111282,-57.831776,-57.095345
LSCC:C3N-03093.N,LSCC,-9.92303,22.001352,11.145342,-23.554018,-33.723457,20.93207,5.712346,48.665745,-10.791154,20.240944,21.707598,14.221018,-20.198147,1.9480901,14.00263,73.293495,-73.13861,-12.174406,-31.515768,-2.1354184,3.5785847,-15.54605,-6.446251,6.5070662,-4.0627227,-26.353989,-45.73153,-20.291765,-21.093208,-0.62246984,0.9752174,16.845686,-14.5273905,-13.574142,-0.7715088,24.604893,-23.538826,3.6098044,23.064005,-13.512885,13.528753,-11.8743305,-59.82008,-53.05632,-17.078268,1.031549,2.7148001,-0.8373263,65.38442,-49.929394,-8.263455,-6.755188,-7.780684,-19.676937,8.279589,-26.775772,-3.1762004,-32.945217,-34.198357,6.4389853,-66.94272,54.340244,-57.261005,-17.98413
LSCC:C3N-03204.N,LSCC,13.490759,19.22528,24.67799,-14.633409,-13.197975,14.162819,-3.399337,-1.6247793,-9.86717,17.556496,29.612303,1.0863652,-14.418007,9.112045,-0.9549387,-0.14909807,-32.19119,-1.8945223,5.040883,26.568785,16.998695,13.603708,-6.7054105,18.48311,-13.165886,6.5750146,-41.11591,20.453993,-21.378902,-0.79219073,-10.929533,17.445993,-13.81969,11.395115,7.871211,19.3588,-16.073895,-6.7453513,2.519645,1.0057794,-8.576593,14.672815,-40.343716,-4.0024185,-10.7887,-4.61358,-22.003538,-32.035168,84.11166,-49.345306,-21.98848,-29.983652,-2.5511298,-14.283318,-6.5596404,1.0513933,8.076354,1.6588649,-11.056238,25.62847,-4.0609984,46.118282,-33.261547,-8.476424
LSCC:C3N-03424.N,LSCC,11.728889,13.261392,-11.415571,-0.22559768,-25.543362,7.8047276,-1.7537524,19.64476,-3.1078434,6.9339023,12.091437,11.291655,-13.988266,12.671381,-3.9684346,34.065308,-32.351334,24.931105,-12.104175,-8.901484,11.434477,-6.003883,5.8802876,0.42682606,-12.142603,2.3537316,-28.432209,1.7385714,9.739485,-9.625291,6.4030414,-2.43241,-10.968058,10.774465,-3.5450962,12.70865,-2.1232321,2.4151576,1.2783464,-5.9302783,9.622957,-15.299503,-13.1867285,-32.86737,-6.209281,-7.139551,-10.386306,1.9684364,33.314034,-33.502186,-1.3150253,2.4674067,7.593469,-7.3922186,-15.302038,-10.846509,1.625906,3.3082488,8.0569315,15.1725645,-1.3142254,37.51244,-38.11144,-6.739514
LSCC:C3N-03425.N,LSCC,10.371218,29.355669,-5.643894,-14.497261,-2.2704594,9.795585,12.898457,11.059023,-11.723881,3.9140444,37.54542,-15.347228,-0.9182555,11.694513,-3.121629,72.1544,-43.006042,0.22078979,20.025713,-0.69139504,-11.590064,1.7501285,-3.2458122,26.239994,2.2810843,-18.649723,-25.743832,0.07229275,-11.441164,5.0013857,0.079935625,25.668787,22.289244,2.6704578,-12.936886,2.0711074,-15.395836,-7.6904106,9.440804,17.831509,-4.8729563,15.493984,-8.580431,-39.056267,-9.517732,-6.7493906,-1.0701834,-2.73221,55.573997,-25.104588,-23.061104,-8.502796,12.888809,-11.303314,-10.780967,9.387766,3.1073933,17.18821,-31.873957,21.72945,4.1230865,16.518517,-41.255436,-14.731822
LSCC:C3N-03441.N,LSCC,9.621537,27.632887,-31.308743,-17.45245,-16.518501,6.8874617,-11.766017,59.695885,8.913621,-1.9998204,78.80616,16.224808,-11.881306,20.21162,-22.564875,73.61564,-39.62929,-2.7006042,20.501768,-13.437624,0.30790946,-20.73815,12.499102,45.28992,6.4806485,-5.4043293,-40.11413,7.025093,9.512901,8.154189,-28.460419,11.875415,-10.607832,16.263575,1.0036219,-0.38849288,-10.987925,18.17006,19.670067,10.542996,14.122207,7.7458687,0.5748929,-10.312139,-1.3331318,-10.075268,-6.976387,-4.0850124,38.227837,-44.36401,-25.963898,-26.26408,-25.057041,0.29836655,-30.926086,5.358831,-2.012202,16.825327,-4.151233,10.851957,-26.791739,-12.531482,-4.379456,-15.391121
LSCC:C3N-03486.N,LSCC,-3.532085,1.9482285,-1.5280359,-6.1965733,-1.6083399,28.331991,-31.036943,18.570232,-1.547667,-8.981058,43.252316,-20.265388,14.361675,19.208904,-28.79462,21.822998,-28.285337,-6.829933,10.063339,27.806847,4.195597,-17.469053,6.45413,-3.22955,10.487923,-14.490507,-32.201576,8.70022,-7.1034603,2.5085676,-3.4658995,0.02485843,-5.1431775,0.94053733,8.356023,12.792104,-8.641347,17.623238,-4.450149,-6.0070543,-1.693334,14.483359,-30.23461,-4.277406,-2.6261704,13.953484,0.40537944,-7.2427936,43.70897,-59.84054,-15.703496,-22.42959,17.267544,-5.7655573,11.216446,12.249901,1.3759007,-4.7282577,-3.8711655,31.239254,-15.399275,12.421764,-35.804165,-8.1037855
LSCC:C3N-03662.N,LSCC,11.603795,31.2974,-16.51272,-6.215147,17.615488,19.431673,-8.47214,31.639921,-0.64615417,15.530655,42.04943,4.781545,4.026254,17.701553,10.086093,27.573517,-45.84038,-2.8756864,-40.701794,19.048569,10.972026,-35.70011,-9.875158,18.916265,-6.513821,-4.0592203,-44.889473,-7.991532,3.880706,-0.642481,-32.485527,-1.5841458,19.933725,30.278807,0.4078468,-12.357089,-4.136068,4.484857,-0.83883744,0.7469779,6.0398836,18.739779,-14.655855,-26.972166,-11.9732485,7.8636975,-7.4996376,7.725765,73.73592,-70.885735,-17.327486,-20.488455,-18.136215,-28.746344,-0.4337747,21.704138,20.40565,-5.279387,-7.6490507,12.869222,-31.189777,4.5694737,-46.373337,-26.03927
LSCC:C3N-03848.N,LSCC,17.452772,15.278212,27.610775,-16.13295,-27.23888,18.070566,10.899188,8.934821,-14.0886135,24.24484,37.974785,-3.8823857,-21.307735,16.201233,-11.77082,30.664202,-35.86964,3.9689949,-20.174252,22.761911,45.625107,4.081381,-8.204678,39.53192,-4.171868,18.592525,-40.30638,-1.3088336,-18.940817,-5.597408,-3.8893774,25.247831,-23.474463,34.328457,0.96528757,27.887455,-4.459679,-7.5372663,-6.2135878,2.2961905,-25.164928,10.262867,-36.49299,-22.788668,-4.6907487,-13.456503,-24.280828,-18.520283,100.10131,-34.037773,-34.861057,-30.875315,-10.3726845,-19.30234,-8.97988,-2.8336027,-10.548421,-4.1740384,-17.4975,42.253323,-6.645006,26.351837,-50.386425,-15.094445
LSCC:C3N-03851.N,LSCC,28.170246,46.269306,18.01815,-11.810024,7.613985,11.942894,25.436403,1.455594,-43.297474,-23.539576,37.918045,-19.001945,-7.2184525,36.820587,16.774239,67.83237,-110.58732,8.679281,18.774635,15.594672,-28.1143,-29.107046,16.854956,10.264648,-14.846722,-2.5462356,-116.82411,10.087806,-34.473503,-14.905017,5.317845,12.483018,-24.95045,-42.930508,-3.668219,15.634957,-34.26873,-31.53924,13.409264,12.186042,30.975063,23.176748,-24.040533,-42.109333,-43.517735,-22.625196,-38.00218,-24.262064,100.23173,-60.633457,-36.53616,-46.330376,18.236635,-29.147738,-16.511822,-6.7425165,11.062299,-5.14356,-28.407022,29.766033,24.448027,53.27344,-31.200972,-15.879701
LSCC:C3N-03875.N,LSCC,-5.2287745,11.166694,4.9786777,-24.196024,-40.740566,12.225506,1.5788524,30.733374,-11.810515,4.3864384,4.747348,-1.996422,17.50616,11.646296,16.9224,81.38538,-35.155876,-26.744759,-16.854694,-9.763568,12.952297,0.07222103,-0.1051667,-4.685911,-12.896627,-16.420015,-26.384314,-7.093618,-5.7558017,-4.9583397,-5.4173307,13.842595,-24.336218,-21.841711,8.148407,21.887524,-13.168698,-3.538218,-2.4462707,6.8868146,16.549376,6.126822,-12.201704,-37.539646,0.8799753,0.12750672,26.486525,15.314082,38.61041,-15.711022,-27.670845,-1.1031635,19.067678,9.6811285,2.672112,1.3820608,13.115309,-0.8448149,-36.01419,30.6852,-18.439026,24.347265,-36.28168,-16.60168
LSCC:C3N-03877.N,LSCC,21.490444,11.125474,-3.318491,-0.7570608,-4.801978,-5.7458177,9.649964,1.0345411,-25.691452,4.111492,16.017141,-4.4159,3.9170387,25.231377,4.350353,39.782875,-51.96749,7.552401,-9.632372,8.484506,4.6953726,2.3156154,-4.478039,1.3811836,-25.595465,-6.2491364,-38.00293,-17.123434,-26.320408,-10.61549,-4.8891673,13.929446,-6.2222786,8.68577,-8.377344,39.47866,-4.91458,-20.217525,3.8439226,-10.785635,-12.043634,1.2473367,-10.502831,-13.717377,-19.759443,-20.065247,0.25180164,-7.763362,49.30745,-24.054441,-34.490685,-13.224034,-2.5723333,-28.823725,-3.383414,-7.4421887,12.371192,5.8453584,-21.867228,27.690165,8.502942,50.081657,-24.835194,-17.577694
LSCC:C3N-03880.N,LSCC,22.517027,25.295122,22.310764,-28.275095,-14.2508745,14.952639,-1.5673442,2.499665,-28.353868,-21.234327,34.190372,-28.886272,-12.049841,2.5923266,8.572089,33.823383,-51.300182,21.326197,3.6075194,22.31617,16.299925,-12.823848,11.162796,-6.3149076,-4.1983104,-17.314447,-53.12807,-2.773294,-17.433458,-9.92605,-23.209362,11.763661,-13.178858,1.275832,-1.2705675,52.183865,-23.427145,-27.09502,-3.8414848,-14.722067,-0.44944194,9.995263,-20.895147,-17.19384,-24.605316,1.3017776,-21.871885,-20.985662,70.88642,-58.8287,-26.868532,-32.81898,8.980292,-28.455784,-7.1829157,2.074804,-4.6707206,-21.003958,-15.955459,29.500435,-18.22412,23.096107,-40.619568,-32.09217
LSCC:C3N-03882.N,LSCC,-5.7128253,26.46639,26.148003,-31.622734,-6.14191,26.321203,80.0746,46.35785,-51.05579,25.668474,75.58614,-75.2363,-0.11300869,85.16357,-9.289456,87.36987,-100.39489,49.912685,-40.60675,126.58553,6.746231,-15.464235,-36.641098,1.3983669,-3.2517886,-8.308928,-101.903824,-10.590743,-2.8120568,-34.641396,-8.912025,45.239742,28.927439,-19.99035,27.952654,49.607628,-50.97846,-82.859146,-31.742765,41.367393,38.8297,-5.8316183,-29.259478,-125.74885,-33.46425,4.630614,-54.966614,20.670696,110.88764,-53.60409,-37.80131,-63.099957,63.16156,-84.61877,49.792885,55.439167,39.28193,-6.713954,-58.216515,62.890915,7.694599,38.674812,-22.866373,-68.70989
LSCC:C3N-03886.N,LSCC,5.0387273,36.229725,19.134789,-5.3938107,-24.807756,12.563386,-35.285194,18.845646,28.391024,17.853281,25.985994,27.082993,8.096164,10.025019,16.12647,11.061663,-36.445866,-15.359823,-29.800291,-15.793307,37.487114,3.6156402,9.487825,36.467197,-11.857795,2.2189753,-24.724468,8.080836,17.786924,17.180332,-47.373,-27.152882,-17.595814,13.254457,-8.687307,34.734592,0.5799922,55.84047,-5.6190586,-40.477245,-10.085117,8.132185,-3.8457897,5.1323605,1.5700057,-2.0312068,28.134466,-8.961745,69.34225,-45.69756,-15.416291,-10.318653,7.472606,10.637064,-47.7425,-2.6453984,-29.367455,-1.5828222,-26.731134,35.211723,-21.98041,34.785614,-39.029995,-15.342631
LSCC:C3N-04124.N,LSCC,37.67462,77.878265,-1.8627684,-20.40029,-5.0918884,-7.3715954,29.12559,-2.6214516,-21.694408,-11.181518,57.647423,-41.059338,2.7676408,13.006491,5.130946,117.12309,-108.35463,17.533607,23.638863,-4.9173484,-43.446472,-9.495603,6.7730865,-1.9888992,-7.505896,-62.948494,-57.34355,-10.527337,-51.56267,5.380546,-20.495848,28.512468,66.68528,-16.008434,-20.020826,27.121395,-52.638077,-48.36179,19.613882,30.712038,24.109545,35.091454,-19.127846,-98.937,-11.04107,-10.853784,18.168196,-34.25135,93.03593,-26.996788,-53.21907,-18.906092,32.60797,-40.49834,-17.053009,1.9362509,14.850635,24.346888,-99.13837,13.220664,8.266581,79.68738,-94.30448,-36.44211
LSCC:C3N-04127.N,LSCC,-4.619721,2.181041,12.494989,-25.1491,-12.412522,32.84311,-29.796434,-7.363148,-28.532682,-25.739027,42.310642,-22.101974,7.1097136,34.48086,-24.520514,15.817967,-42.025898,-6.3015413,26.457253,47.16017,-3.415658,-18.099474,2.1209557,-11.214712,-0.6437278,-33.491814,-61.925953,16.97184,-34.38891,6.9618645,-6.0940456,15.229602,-21.418993,6.3811655,-0.43637174,18.108055,-16.034916,-1.8914564,-6.5254025,1.3485047,-15.718948,5.507455,-49.16452,-25.904062,-19.971127,16.625446,-6.225092,-28.938202,77.336525,-70.80306,-21.83858,-39.975292,11.182179,-8.131807,12.057345,-0.44041905,13.831207,-0.8960029,-14.934208,38.992504,-9.466728,42.125835,-51.522396,-4.187482
LSCC:C3N-04155.N,LSCC,3.348057,10.452249,-9.566138,9.952371,3.4647171,-25.57041,5.511385,21.841404,7.7295914,-3.9833703,44.82412,-13.533189,-8.102514,-4.81205,-21.39382,24.951206,-26.424173,-8.57821,-0.41036722,17.69333,22.026783,-11.604148,3.02975,17.706112,-9.5974455,-14.475368,-37.27537,-27.68499,20.8043,6.7213902,-40.258167,12.881925,12.434093,-7.999176,6.0623584,11.799379,-4.0753264,-33.37524,10.957575,4.002676,-7.11381,19.243849,-15.467868,-6.3856945,-5.4282064,-9.648449,-19.090157,10.043409,89.9394,-29.38297,7.636859,-40.88713,10.694456,8.2811,-5.0134554,15.196683,2.6324844,30.46146,-35.252377,5.6373606,-5.049828,-11.81451,-18.594604,-6.927077
LSCC:C3N-04162.N,LSCC,18.251442,10.670279,-4.0383363,4.581613,-19.892973,-12.815437,-17.108494,30.887543,7.061574,4.938584,-14.536684,2.4752934,15.072691,-7.947234,-8.893596,17.862411,-24.20857,-3.4840991,-0.05504319,0.13686624,12.752466,-25.101112,19.854916,-16.622072,-10.673286,-17.588814,-45.605125,-13.753071,5.4024057,18.092947,-4.4470725,-8.024704,6.581805,-16.68049,9.85591,30.2358,-16.313944,21.078299,18.156181,-5.28856,10.113548,-6.5940084,-3.5417655,5.9982667,0.020888425,-2.390184,-6.1153326,4.367574,32.520676,-11.745726,-18.038612,16.305414,13.762905,32.719486,-11.222429,1.1365464,-2.2715054,9.0494375,-18.85974,23.222387,-11.959625,44.60686,-18.58096,-0.4103604
LUAD:11LU013,LUAD,14.22191,31.285334,-8.269427,-0.21869951,-12.4339285,0.814754,5.0171323,5.0526066,-3.71448,14.5458355,0.9870516,11.614331,10.502184,-15.377869,-23.745783,-8.975269,-30.239738,14.157817,-36.605305,-2.5771444,17.236485,-13.670723,-3.3116176,8.895803,2.0194573,25.944267,-7.209114,-9.246062,-14.866089,5.3877535,12.13565,-0.20131455,3.3064084,-6.0604897,22.28281,-11.177226,-15.286267,-1.0672933,5.066835,1.8675591,1.9500057,-24.770296,-14.272237,-72.90522,-15.033246,-2.207964,7.5411243,11.350312,-6.2165585,-12.76682,3.4635053,-6.5216494,-13.046427,14.451781,4.4571705,3.5120165,1.8397267,24.065212,-18.692835,-4.786813,2.017034,12.022777,-20.634806,2.742886
LUAD:11LU016,LUAD,12.90579,14.735088,-4.8926225,-1.7223792,-0.49793503,-17.203123,5.9588766,4.6915574,-9.862309,17.488756,5.587471,16.87017,15.716814,3.3803422,-14.696426,-0.28330246,-15.220424,4.041267,-19.403263,1.7360936,16.220062,12.308332,-15.570515,3.9515624,-4.250218,10.461938,1.5942287,-19.696918,-3.0143626,5.5978374,-8.7728,2.6233304,-3.4193087,-0.35814914,7.9306746,-6.880501,-11.222906,13.561117,2.6065786,-1.602785,27.634045,-18.820814,-6.4195614,-42.102814,-2.458708,-22.712896,8.146868,7.003688,-7.155014,-0.49024126,-1.3633736,-8.256065,-1.846725,10.559742,10.016723,-1.4552667,10.0892,10.790128,-19.666368,-17.012047,-0.15252829,1.8895302,-6.9843698,-7.383808
LUAD:11LU022,LUAD,-15.190715,-3.4501255,23.205853,-11.266965,-2.0002363,-21.355444,-29.058737,34.99792,23.958914,0.16053256,22.611809,8.28525,23.688253,28.444187,-31.092676,32.046364,-3.0532994,22.794287,-26.300814,4.5033307,-27.520504,8.934752,-8.729942,7.7961464,-9.868002,14.183874,-76.54988,-16.254555,4.7686067,37.810986,-27.623846,-11.37954,-48.036644,37.372013,-36.380577,38.977417,-11.795484,35.61671,20.136545,-18.640089,-4.9002743,-38.20881,-60.728943,-29.870314,1.2870343,4.672691,-12.716881,13.310405,38.074383,-45.082157,0.23180634,12.447646,40.647575,-0.3352933,-15.718242,36.275692,-31.037539,-41.692253,-13.204429,-0.56799483,-21.585081,49.34489,-6.4588714,-17.256342
LUAD:11LU035,LUAD,-6.124521,15.54337,-4.321838,4.024012,-3.9908557,-3.2581873,-4.9678125,24.238316,3.9553628,9.041065,25.393152,4.8323207,19.096657,0.96836185,-9.97762,19.254717,-10.132271,1.830989,-7.9411736,-0.33609524,1.23796,10.081834,-1.5659202,10.114091,11.566963,16.461166,-2.218959,-12.118008,18.010166,7.8253307,-6.802225,-9.266233,-9.356374,9.771116,5.226237,8.863479,-11.465774,9.976711,14.670082,-5.8492713,6.925349,-6.1416607,-20.564585,-23.119806,-10.258475,-10.497742,-0.58617604,-0.18686175,-10.155908,-10.547379,-3.6577015,3.1113029,6.532121,16.213531,-13.123726,17.114521,-0.09200681,0.15870558,-5.9882474,-13.221645,-5.795832,7.14924,0.5671516,5.8759274
LUAD:C3L-00001,LUAD,1.0840932,20.436413,-8.143649,1.6983035,-20.690722,-10.520441,-0.8798832,-7.735073,-15.110691,-6.1253743,24.592691,-4.0931306,4.969645,26.541714,-20.965342,11.149914,-34.95553,3.9427917,9.09055,7.4114885,-22.729729,-4.7357235,-6.594962,-1.0172153,13.452478,-5.6666145,-15.326993,-3.6401289,-1.2239077,-3.747681,5.69943,-11.159581,-27.707348,-3.4801986,8.3412695,3.0805292,-11.30578,-0.9028642,23.072277,-15.730182,-9.899726,-19.882048,-29.52855,-14.23584,-22.563328,2.772443,10.84303,7.7923756,6.7500415,-6.0674987,20.465012,11.196612,15.570188,-8.712096,1.1538253,1.4023367,18.427162,0.6645359,-6.296621,-8.356566,0.042533986,29.32615,-14.770978,6.610643
LUAD:C3L-00009,LUAD,20.09935,19.986216,16.793695,-0.112143904,-44.77846,-3.8586738,-15.248941,11.795507,-35.083107,-17.992802,41.126587,-4.600301,20.738312,14.630575,-10.115571,13.376576,-31.121058,10.808626,5.2702413,-2.065119,-2.6063805,-5.455262,4.5842886,-22.192152,5.567148,-5.6897955,-50.848286,-6.0197787,-4.7485714,0.7514697,-6.78672,-4.79344,-18.441248,-0.9943656,-2.4760118,27.344913,-15.076931,-31.632462,-5.3868065,5.3971863,-6.9356136,1.0579836,-34.695362,-2.8598986,-6.9644275,-24.328993,-3.8031082,-1.7311499,28.02415,-2.116406,-5.6733837,-4.11263,6.718267,-20.527954,-13.134808,-15.524059,7.9600697,-7.316108,-29.994959,5.5012193,-4.4270134,31.404469,-18.25238,-1.4139228
LUAD:C3L-00080,LUAD,19.248486,-5.2709084,32.49383,-3.994054,-11.641488,27.880661,-2.8012302,29.792042,-28.933395,-0.6662339,62.889637,-4.8626523,20.190126,19.00228,0.4475266,18.048042,-57.73674,2.1937196,11.376636,20.669016,8.909702,-3.773143,1.2679093,-13.424482,-6.8652015,-23.75151,-73.10606,-5.4033055,4.958294,-7.053863,-6.095326,-6.9904585,-9.5203905,-1.1960315,10.317377,27.747002,-4.9465957,-28.067867,-10.888395,-28.653545,20.444044,-22.304852,-39.073994,-5.091231,-26.532959,-40.678173,-21.07617,-17.9167,17.651604,-25.708689,-5.9561214,-10.126192,15.277207,-54.976925,6.698556,12.2909,4.0646005,-25.776884,-21.121399,0.063124664,-11.157433,45.544292,-6.5770645,-8.227043
LUAD:C3L-00083,LUAD,12.957032,32.59179,8.609905,13.886886,-8.053878,-9.247919,-10.220988,-6.8818254,8.362642,4.4105825,27.140417,5.531637,13.451509,2.6206386,-28.295042,-0.6057669,-39.569645,34.765316,-46.689823,15.011751,14.055361,-2.664522,15.254309,-1.9124215,11.2057905,8.86798,-20.78904,-29.175425,15.693937,10.773412,2.4752207,-6.664323,11.3062725,9.23777,11.077467,4.167339,-9.501785,-17.095013,-20.634768,-17.115225,-7.270653,-29.365839,-15.330279,-15.753949,-15.598305,4.6452417,2.2720835,-6.2863693,21.735193,2.2941415,1.6790438,10.3256855,11.845345,-2.8939035,17.276556,7.905316,8.276435,-16.149902,-27.307808,-12.949071,17.750648,20.78446,-23.94118,-3.4463615
LUAD:C3L-00093,LUAD,2.314521,-9.178901,20.44983,-11.842125,-38.969322,10.217522,-8.787052,10.410757,-10.580197,9.045038,59.11933,-1.3491697,-8.962294,19.762579,-20.166222,21.915815,-17.876345,17.275038,-7.6758876,24.952763,-1.1323496,-7.9127803,-1.6908722,17.371708,9.799841,-3.7102659,-43.33963,-16.177464,7.663133,1.4640404,2.5500965,-25.516668,-46.412357,13.643673,-3.277845,25.918,-16.276686,12.305305,8.149425,-37.95139,-31.602364,-2.660374,-76.62248,-11.194417,-15.355183,-20.615967,-8.608144,-1.205054,55.901398,-26.646,-0.5537328,-7.295783,35.081314,-31.67973,-3.2750592,3.9537518,-4.2318244,-19.690521,1.0698045,-19.475359,-25.620756,46.760014,0.3479996,-7.1310096
LUAD:C3L-00094,LUAD,0.33950096,3.9240594,2.1009147,-0.3656779,-23.977608,0.7721924,-4.6045628,14.767164,9.96431,-4.3280835,-9.860763,-4.9598503,2.713212,-5.4335084,-2.9359095,-1.2154877,-8.520807,-3.854782,12.979505,11.2305975,4.6955786,5.4173307,-14.2671995,-5.5919185,3.2449675,18.529753,-14.877842,-17.232613,-1.2268355,-12.037162,4.29186,3.6010506,-11.162443,6.890461,7.6478024,25.081047,-22.562424,-14.5457115,7.42568,-6.0314965,1.4548469,-11.0067625,-16.883379,-26.471285,0.75326306,13.259594,12.850626,4.3245263,3.1671033,-5.9864306,-21.727314,0.4492695,3.1817362,-4.5452538,-16.032166,8.6194935,-1.1931181,-16.590551,-35.24147,-4.679273,-23.33249,11.5880375,0.7712175,9.483071
LUAD:C3L-00095,LUAD,11.8385515,22.897543,6.470357,7.5891166,-7.9891562,-2.4858937,-23.037863,7.1774445,-6.338466,2.772383,6.464446,-2.7444537,7.967163,-2.9146574,-6.5932026,15.73345,-23.326065,4.78166,1.4576774,-0.8279412,9.047914,-3.1530247,-1.0097511,-8.067131,-6.5538826,5.0414453,-29.170135,-3.1886725,7.363457,-2.4092214,8.88612,-2.7073781,-2.5833523,5.1139235,3.775554,12.5484085,-9.466442,8.665735,-1.3170623,-9.394052,6.997879,-15.33799,-17.468115,-8.15554,7.931318,-1.3424649,-3.4354846,11.353906,11.395483,-9.953628,-1.9184414,9.417559,13.92303,-9.783403,-14.331695,0.05199221,13.745412,-6.9942174,-2.1814802,-0.27963948,-4.79973,27.176207,-14.5823,10.377058
LUAD:C3L-00140,LUAD,11.6833935,-1.0465194,11.502141,3.3118362,-26.449875,2.2242646,-15.65839,8.659818,9.917088,4.4982433,5.3433685,9.664986,7.901218,0.66118574,-24.30403,0.16994351,0.62308085,6.5867805,12.317092,5.081161,8.175575,12.17215,-5.2167835,2.9360282,-19.69291,8.341993,-35.997444,-5.2703314,-5.7204604,-7.4471207,16.508854,-2.3899243,-8.389423,7.0031133,6.0840254,12.177117,9.694381,0.8943633,6.9524064,-6.5646844,-6.1901503,1.2739271,-30.576643,10.677147,0.053724445,-1.8687334,-12.138627,-6.547775,29.22618,-29.157106,5.313783,25.976526,-0.6576486,-19.511503,-26.014854,10.721415,6.1884584,-32.661674,-1.8697635,9.398273,-21.951189,53.36605,-3.6887872,9.692033
LUAD:C3L-00144,LUAD,6.6079674,3.8404202,7.646423,9.632582,-16.878798,-9.181552,-11.2250805,8.656859,7.116174,6.0770555,0.39363182,-3.4222229,8.606474,-8.961584,-11.731156,1.6286137,-18.04159,12.159479,-1.5092556,20.22576,9.177969,14.748149,-13.071561,-4.2945085,9.999607,8.670093,-11.601541,-20.377298,3.4830542,-0.9531767,-9.047265,3.3652356,-0.7349533,16.90082,13.4581175,2.973467,-17.24383,-14.809669,-5.028868,-14.128759,10.265452,-11.498413,-7.3814893,-14.404341,0.4683461,10.65949,4.96238,-5.277476,1.5118243,2.8911614,-7.422749,4.2947383,4.377706,1.5298165,-5.232055,8.517417,1.4506229,-11.854176,-26.0964,-14.918861,0.35228407,10.063471,9.0008,10.189625
LUAD:C3L-00263,LUAD,4.2814355,20.304014,-0.8723984,3.7853131,-19.788507,-8.339495,-4.6842504,18.253754,2.8168018,-4.1565547,7.406563,12.6511755,-1.471514,-7.7268925,-6.389622,6.643579,-10.681326,19.234962,-9.899922,2.6556022,4.7111692,-5.172351,-4.384622,-2.762769,-8.130272,9.486457,-15.62068,-6.0849295,7.437526,4.2438073,4.7090425,-10.684176,2.415802,7.925189,2.2926624,6.0308113,-12.229406,7.648154,-4.0198274,-3.0436494,1.0682956,-11.795283,-12.718218,-11.936424,-3.8062296,-3.5625067,-13.127317,-3.180303,2.9560328,-12.518365,-3.8607934,13.610367,3.4613461,1.393662,-8.404814,0.21480897,2.664276,-16.739567,-6.607602,2.2317147,-3.2368615,28.697084,-14.303702,12.462426
LUAD:C3L-00279,LUAD,7.532085,16.87215,11.743915,5.394436,-6.960645,-19.560614,-6.2018247,-0.63890046,-0.89284194,3.4164028,10.884546,-6.459042,19.040339,8.616678,-21.098688,-0.56105196,-33.21484,4.979896,-1.840774,8.301227,-3.9212954,10.589012,1.50425,-8.056984,9.743946,3.7998137,-15.873975,-16.09687,0.33247495,-1.995114,9.680937,-12.787633,-7.6219807,-11.371471,13.969995,8.479003,-24.447117,-6.9952483,10.077755,-10.756727,2.7080314,-24.52722,-13.99942,-7.5451975,-6.855667,-0.997437,12.262366,12.472765,6.3275657,-6.9790683,1.8527532,-1.9555553,13.045233,13.961557,-6.665807,-4.94273,17.07778,11.068125,-18.681581,-7.0329657,-7.8724017,18.725048,-9.821182,-1.4525607
LUAD:C3L-00368,LUAD,-5.8037095,15.739941,0.79972076,-8.718176,-37.238605,6.8998413,-3.1123576,13.119285,-7.02216,-2.7957423,21.663845,-4.784523,8.536286,15.59731,-8.753815,27.962063,-32.42528,-8.442797,7.9395847,2.1027763,-13.141396,1.637497,-6.6930366,1.9819126,8.717387,-11.706102,-20.074947,6.704334,-12.411696,-3.2729924,7.6417413,2.4855134,-33.586014,-1.3977225,-2.1981585,5.2744265,-3.8440063,-10.558025,21.128067,-1.6379936,-3.1357071,-9.712022,-36.80371,-15.647984,-21.277542,-7.8544097,20.523832,-5.44856,14.5690365,-12.063243,-0.062170926,12.150312,18.715612,-25.855082,-7.4853168,-0.29048082,17.543362,-10.951714,-22.31045,16.563305,-15.058647,40.710045,-15.979478,9.943532
LUAD:C3L-00412,LUAD,0.015760792,13.20295,12.377334,6.1180778,-8.90577,-12.907777,-16.541418,18.836067,-8.999982,-1.9823033,-0.49036834,16.377659,5.237768,0.7247579,-2.6475592,9.637227,-10.680934,2.7903337,-7.233263,-4.711432,8.223225,3.8312426,2.051975,0.3182364,3.9424787,2.128016,-16.644764,-3.2492847,-0.40141934,-1.9407046,-10.945681,-4.062203,-5.7777653,6.2082624,-1.9234079,4.2123175,1.7342209,-1.7324777,-4.5948133,-3.0359452,4.259761,-11.6716385,-17.610437,-12.130282,-6.2544475,0.8249402,2.7012615,0.091906786,9.121457,-0.27354762,-7.3769994,3.705461,-1.1209724,-1.4040873,-10.353336,3.54476,5.7247987,-7.8824267,-18.778406,-1.0126419,-0.6287566,4.9001455,-6.9008436,6.463113
LUAD:C3L-00422,LUAD,-8.585628,9.749152,7.3218045,5.1315064,-2.1374176,4.9048333,-11.503215,5.255068,2.2708063,6.9776235,31.921862,-13.624458,-8.071956,25.03881,-11.806533,-4.145996,-9.312999,2.9381835,1.2354887,20.72993,-11.45439,-1.309205,-7.7346296,-5.0936947,3.434121,-7.1415944,-31.239742,-6.965989,6.514976,-10.260789,17.767717,-13.743689,-11.541219,-6.195082,21.75045,22.076674,-24.377522,-12.649051,18.219778,-9.08414,-24.53216,-19.735077,-43.48825,-7.576948,-16.057323,-0.84279776,-9.144586,-6.9835987,20.249998,-34.78695,4.1993456,-11.708633,1.3739481,-14.860883,19.55027,-1.6558876,5.0291586,-12.367419,-11.014575,7.8585978,-25.25112,17.671488,-24.340221,6.1667843
LUAD:C3L-00510,LUAD,13.898849,10.979469,18.142256,-6.9852233,-24.620998,0.5224142,-14.816017,10.804657,-15.351514,-4.631897,25.05639,3.0240924,11.652986,17.660734,-23.413248,7.4510713,-18.980345,10.092295,5.398652,7.845081,-8.8989525,-8.4806185,4.6042485,-18.066372,-7.2520814,2.013603,-53.327026,-9.526322,0.103613615,4.3546014,-6.9134626,-18.555769,-31.213392,7.9598846,-4.5798125,25.583765,-26.046267,-1.1558774,8.490337,-8.785465,-3.3586905,-3.8117764,-46.16508,-4.890114,-6.4970646,-7.5945377,-21.08139,-3.5627625,26.68828,-12.394404,-2.1438782,-1.2805022,16.972519,-18.886856,-10.21913,3.8493533,-5.375545,-20.729614,-5.367848,1.5134835,-30.423067,48.172276,-11.717931,-2.3300772
LUAD:C3L-00604,LUAD,13.391292,16.317772,7.3454623,-8.344132,-8.471773,-27.119904,0.93898815,-11.484245,-2.0316417,14.383126,2.8321261,-0.3945414,4.384842,14.70235,-9.806072,-4.402429,-26.1374,1.552342,1.8509191,7.6000843,-20.102648,0.5862384,4.461553,9.419695,2.3354692,-9.338903,-16.009224,2.4465485,-10.167421,-4.513617,-1.286577,4.3938675,-2.7798347,-7.680166,4.2275424,30.464481,-19.329103,18.489304,12.964224,-26.24263,4.1682167,-3.928637,-25.132387,-28.137136,-12.496378,-7.743443,21.350767,3.1957104,6.719732,-12.657966,2.1833897,8.904591,12.258075,-28.343325,-0.5894773,-2.7000463,21.674747,1.6959542,-9.081714,3.8177524,0.3793192,24.036854,-14.82674,-12.766149
LUAD:C3L-00893,LUAD,-2.981888,-1.4918295,1.9183228,-8.779175,-32.33825,6.355584,1.5016716,-2.2576175,-20.422148,0.16871867,33.31047,-5.4992666,-3.0373251,33.297405,-11.310645,26.302393,-37.81123,7.16288,-13.757642,20.354406,-13.956168,0.120288126,-4.0463448,2.5212407,-0.17690685,-9.840231,-28.42955,-14.407428,-9.98723,-0.5443875,7.3005853,-0.6984944,-19.914083,-0.9664389,8.983788,12.197063,-16.317196,-4.9825463,22.245003,-26.68894,-19.600227,-11.595945,-44.207645,-18.987452,-24.98848,-3.3182425,5.4924006,2.6417506,33.84626,-21.32918,1.1448221,5.255029,13.624926,-32.238293,7.138824,-9.6101,14.219411,-8.532365,-4.736304,-0.32091784,-16.074362,49.99656,-21.005655,-0.3389136
LUAD:C3L-00913,LUAD,5.0121093,20.438574,-10.685006,8.687719,-8.828381,-16.64578,-20.102816,23.783844,-1.6749952,-11.576716,9.714397,-2.9253585,5.255494,-5.0225515,-16.604818,11.81651,-10.838747,16.536983,-8.269644,1.3204534,15.324831,-12.415309,3.5253093,-5.2954044,-8.413988,7.1197996,-15.630766,-22.20026,11.56078,8.272194,-1.2257942,-16.2704,5.970886,11.324728,-7.139165,12.208514,-12.202777,5.716504,1.9545683,2.4415162,3.5313752,-4.0131288,-16.788532,-7.7253532,-11.413844,-8.35272,-22.615812,5.6530004,6.7942023,-26.089905,-10.844199,0.74438614,11.95201,5.812583,-4.04831,12.500489,-8.498398,-17.488043,-12.260245,-2.620121,-21.564047,22.260479,-6.865619,6.3280334
LUAD:C3L-00973,LUAD,30.493177,-9.636158,21.972712,6.562156,-13.295105,9.707887,-21.510937,27.45567,-5.588995,20.364126,32.169327,-0.5517903,15.310543,19.874788,-19.430758,25.40696,-21.910313,6.8667917,-5.8836727,10.406316,4.5828733,18.552534,-11.309156,-8.152441,-34.055874,9.086992,-53.17542,-4.2910066,-5.4021835,-19.192522,6.7417574,6.069092,-1.9854517,5.128579,3.3682172,28.000652,-28.577229,-21.12715,-13.378097,3.5766811,21.468258,-3.2671916,-45.658043,-11.297214,4.8776326,-11.277362,13.349021,-7.1984205,19.604868,-14.9329405,-21.170101,11.420725,14.134818,-42.53445,-25.97221,15.476939,10.285325,-30.035877,-28.064009,-1.006933,-19.774355,57.582417,-13.184123,0.04026872
LUAD:C3L-01330,LUAD,23.93291,36.149326,-0.33844635,-4.2526307,-3.6178849,-2.8322484,-4.9834137,22.673409,-1.9736843,2.1904778,8.008912,11.649628,31.50508,-3.8694322,-22.07007,-4.040801,-1.9242619,15.461953,-24.700476,7.292051,4.2917013,19.884811,0.45289272,-3.5344644,1.1572309,16.67131,-24.310858,-42.544666,17.189838,11.473771,-3.1749942,-8.911579,13.519496,5.3295145,10.207984,17.927704,-27.47676,-6.2988377,12.6496315,-9.95307,24.403414,-30.6836,-20.048668,-37.7559,3.1104953,-1.4897828,6.502866,-1.2568734,4.1551323,-6.012617,-22.693941,22.995525,-0.6498857,16.58808,-6.9382553,9.439891,-15.378402,10.943194,-15.891269,-0.67993164,0.02957528,29.054451,-9.054176,36.007046
LUAD:C3L-01632,LUAD,-6.261968,14.166045,2.6720731,1.4446628,-21.03699,2.5620248,11.170556,-13.8707485,-12.650901,-13.615081,0.14537528,4.8288655,9.671048,2.4322503,5.6978617,2.3641124,-17.948439,-11.848436,14.004952,-2.9346342,-6.3705034,-6.447117,-2.446231,-16.949053,14.753622,-0.9545665,-8.581291,-3.9917169,-1.4608932,6.64917,4.8134227,-11.463533,-7.1986566,-10.802238,-3.1266055,10.943756,-13.514712,6.22505,13.984671,-8.786514,-13.980141,-10.637566,-18.391684,-19.163647,-6.547003,7.065309,-7.3812675,5.9730825,8.84158,1.7255964,-5.709755,2.761928,0.3141825,-2.2416883,6.5383096,-1.8467624,13.151593,-6.066794,-8.925023,-3.2988224,-4.0070763,22.466347,-13.055814,-4.8914433
LUAD:C3L-01682,LUAD,-5.9744706,13.587627,-0.9266362,-12.34416,-23.379847,-0.48414567,-7.8572903,11.520193,-16.669664,-3.0879352,7.332988,5.3896956,-3.2676733,8.117551,-6.8276987,35.433533,-19.838354,-6.9376493,-2.7640932,1.3675162,-3.8934336,-6.5064797,4.3862276,-1.1367602,4.3506794,-8.141803,-20.335255,-1.0574608,-4.5160785,-2.7127123,0.86403805,1.339381,-26.043875,5.8120623,7.9994845,6.6845484,-6.264145,4.4663,11.663209,-11.472505,-6.704333,-12.830229,-33.5711,-10.708129,-9.737757,-0.21477582,8.8464,4.0806274,17.596786,-11.603022,-2.4594443,6.5200067,13.348884,-15.476713,-6.301844,-8.750646,17.427586,0.26618272,-3.7769334,0.519794,-9.443721,28.73248,-17.246101,4.611478
LUAD:C3L-01683,LUAD,9.478748,33.77724,5.247793,1.1915035,-11.976654,-15.950251,-28.06533,7.188496,-5.129986,2.7056818,15.354776,-3.2729821,26.829166,-4.82604,-11.2239275,19.7103,-48.823833,16.61252,-22.36923,11.862983,1.4460589,7.5789437,2.0183856,-4.7106876,-18.993996,-1.4036629,-46.571545,-18.966301,8.606362,-8.133225,9.336751,-29.670523,-0.80501544,4.402277,23.1006,20.57836,-7.492764,-16.834673,1.6488882,-17.276525,-3.016741,-3.7019358,-20.752048,-15.944167,-7.6471386,2.3093638,10.277218,7.8838534,28.149277,-17.247604,-4.074242,18.85923,18.20377,-12.904654,-23.79792,-4.3718705,1.4815598,-16.653801,-14.0257845,9.361772,-3.948179,37.005657,-13.607699,7.101341
LUAD:C3L-01862,LUAD,9.8502445,21.342375,5.662229,-15.45934,-27.397537,-4.7131443,-5.6318326,23.916626,-5.3276334,-13.255089,-2.9694324,1.0558832,-0.16706128,10.022869,-12.853862,13.413666,-6.051543,-9.787368,13.303901,18.271324,-2.5215256,7.6264,-1.812798,-14.510562,-22.191803,8.136285,-44.519424,-15.962714,-12.407548,-7.5658455,8.793612,-0.66748506,-3.6894126,-1.5134994,7.686854,36.180233,-14.673642,-18.073124,11.51111,-9.248942,5.9906845,-2.5222101,-47.465973,-16.4289,-7.073114,1.9834611,-0.16054326,6.451344,22.352945,-26.594303,-9.5967865,2.365159,-7.694685,-29.882421,-17.541029,7.7051644,0.78878593,-23.679562,-26.546625,16.654713,-43.780754,40.893383,-19.469067,3.6654608
LUAD:C3L-01889,LUAD,-6.375748,8.996177,16.729128,-27.179024,-48.72902,-0.34312198,9.829765,-9.219517,-30.604471,-1.8620809,15.408305,10.080207,-2.1984904,30.477158,-21.445953,25.098782,-44.83038,-5.550749,-0.630913,9.0280285,-10.81454,2.2888024,-7.321686,0.20052008,-10.20591,-14.712627,-45.373695,2.1511097,-8.12932,5.1177244,-9.164267,-11.275397,-27.525457,-8.174376,24.298897,17.836689,-10.764437,0.7430007,29.906868,-33.892635,-9.718335,-3.5140507,-44.94442,-7.0641985,-20.707453,18.302742,-19.150589,-13.620923,43.346283,-39.523094,17.998062,13.722844,15.700074,-24.088308,6.838168,-12.11672,14.047904,5.013516,-1.2636987,10.965505,-10.266485,93.244255,-44.50132,-0.33908135
LUAD:C3L-01890,LUAD,6.549035,0.8502983,2.849592,2.3226995,0.9107409,-10.277345,-9.304696,2.1739464,6.4335036,11.363317,15.193403,-9.828364,7.2426786,2.8425124,-6.638472,8.093416,-25.195646,1.2748519,-19.017797,8.936891,13.208176,4.344186,1.3597124,11.797531,-0.88161755,2.326506,-16.313036,-10.811013,-5.621633,15.560486,-1.5519236,-2.5805318,2.113669,7.330919,6.601074,-3.850654,-2.6269743,-1.8681538,-12.688283,-3.9730608,3.4628632,-9.873068,0.38303176,-6.3632493,5.6620154,7.0275264,1.7202367,5.18842,10.772777,-9.011432,2.4072282,2.4129906,-1.2810537,7.193597,5.5811477,1.0115795,8.537621,10.456183,-20.090504,-20.934736,3.0775077,2.412063,0.13759033,1.4935253
LUAD:C3L-01924,LUAD,-2.9136708,20.282507,-2.4041157,10.849723,-4.897807,-20.312902,-22.432232,-0.12402123,-3.7665296,-10.118954,-4.085968,-0.8286465,0.79865175,-5.1497726,-5.2909193,6.8519835,-34.391083,9.697755,-7.983043,7.737827,-2.1709597,5.4637456,8.617684,8.728895,4.349445,-4.542006,-15.475091,-10.426205,6.895258,-4.752323,-2.044949,-11.210651,3.17357,-7.4835634,20.043879,-1.4840798,-8.660827,-3.4803574,13.313372,-4.533716,-9.900553,-26.190313,-22.562778,-6.231437,-0.964016,4.138007,4.3661947,1.1581624,9.579528,-0.056128234,6.78531,16.715347,18.031683,15.050768,2.478112,5.820733,4.1083045,-11.200513,-7.682593,-14.68693,5.9235425,26.089264,-10.928328,3.1199086
LUAD:C3L-02219,LUAD,32.192,6.6828966,17.441738,-21.838074,-57.424152,-10.123623,-12.803794,18.516077,-20.50022,-16.634378,60.048916,4.646084,-8.069,64.99092,-2.1486948,35.130928,-50.866543,8.201008,13.854874,9.962745,-20.373495,4.40718,11.693241,-18.357342,3.4629989,-23.625835,-47.035156,13.34625,-8.453303,-3.9403327,-34.44916,-3.6343238,-14.385112,-18.302406,-3.5743246,26.812366,-16.023623,-29.049852,39.759842,-46.108738,-3.869912,-15.432287,-80.38248,-47.512333,-48.42671,3.2301815,35.607418,-7.7019324,46.841747,-76.545555,3.299984,-31.851553,1.9272056,-41.668587,12.927123,-7.287872,38.828156,-4.5674863,-17.49587,34.211823,-27.01776,80.01862,-34.29716,-13.8540945
LUAD:C3L-02345,LUAD,20.247435,18.397577,2.768614,15.095039,-9.063088,-16.623472,-18.577845,14.944521,-2.635344,-4.297035,1.5053529,2.4576802,17.13286,-0.28729317,-21.017569,-1.7815706,-16.30353,28.423231,-15.960871,-2.300799,13.999277,2.094797,-2.553669,-10.4898615,-11.282362,20.95158,-24.057474,-26.581198,-0.62756205,10.786456,-1.9361974,-9.85376,2.9926155,11.305963,5.500293,4.827028,-7.1290584,-2.5472233,-3.514851,-8.065124,17.269659,-9.295467,-18.423035,-0.078865625,-5.2369356,1.463162,-7.6085,8.086296,6.8746505,-12.689183,-11.401982,5.236789,2.951216,0.92475486,-12.527874,14.780082,-2.558229,-10.590999,-12.515131,-14.246507,-15.610325,28.934105,6.849458,8.185236
LUAD:C3L-02348,LUAD,33.2943,-13.579924,13.460283,9.385644,-29.151348,-4.4303727,-29.350117,26.737936,-15.07433,18.664505,56.095245,0.0076961145,27.342726,29.48183,-42.30528,22.437809,-50.810764,16.247864,-3.420419,10.720599,-10.09944,-3.7225277,-11.579604,-4.2627625,-19.797276,-1.5215019,-63.593147,3.9814305,2.9954093,-33.947754,-9.094491,-11.366673,-23.942255,10.281607,18.482117,21.983103,-34.1228,-4.909914,22.03886,-6.296161,14.639182,-8.570904,-67.00737,-2.1299906,-2.1485958,-6.815616,3.6241806,-11.868974,30.487677,-20.848839,-5.5007687,25.692186,45.57252,-36.20634,-27.218403,19.111052,25.531471,-23.30117,-10.263152,-0.679409,-8.275181,110.102234,-5.731156,16.259274
LUAD:C3L-02350,LUAD,17.554111,37.889812,4.7362447,-17.442461,-35.784977,-5.1410336,6.9215136,-7.286647,-34.225327,13.36333,41.8967,-0.7199605,6.355098,45.98858,-10.134746,2.1339123,-35.883114,6.753365,-1.4229748,38.861713,-38.24972,-5.9582205,4.959645,-19.756573,-26.215809,-27.369476,-59.316765,6.5163546,10.77005,-42.18404,-1.7117442,-68.428024,-28.546028,0.52507913,16.955847,29.015326,-37.60789,-13.658103,2.5922625,-28.01185,-20.596888,-10.651339,-68.0832,-39.770058,-18.336231,7.5626855,-7.5155425,-34.65352,52.348614,-39.774845,0.3426829,-4.012276,-1.0274286,-57.462063,1.3751483,-26.323948,44.152214,-29.0278,-29.46033,10.17471,-18.456148,63.66949,-48.484894,25.029549
LUAD:C3L-02365,LUAD,-13.719139,30.374521,-31.624615,4.435982,-29.767101,22.962473,-29.183582,52.02786,-20.042213,-26.71691,17.050737,-16.190601,14.517399,30.801807,-30.88864,22.284557,11.855975,6.516965,-4.665415,9.135055,-9.508345,2.7973309,-1.5345151,3.4114933,-6.1733556,-4.6596923,-30.653618,-4.3128076,23.526827,8.395846,14.077742,-4.459647,-19.155325,-0.42140302,2.402877,25.000622,-34.01063,12.140337,35.199265,10.948377,-11.699175,-26.661602,-41.788418,-49.318314,-1.7664117,11.111175,-6.0998907,1.2045015,17.059618,-32.466557,5.249669,15.498285,18.428715,9.470187,-18.687351,-16.441616,11.869928,-5.549214,-4.022145,1.3903803,-29.023996,52.58614,-22.727146,16.204094
LUAD:C3L-02508,LUAD,12.016528,7.7497373,3.842489,3.2941298,-9.554998,3.1019886,-15.02854,7.8687086,-12.384168,3.5501168,14.800402,-4.3080325,11.592493,29.75483,-16.022331,12.206432,-29.021534,9.766129,-5.7224307,7.4350405,-2.2519007,8.555997,-2.830981,-14.12135,-18.532314,-6.797146,-40.322018,-8.176939,3.8341568,-6.988656,3.2133708,-4.4675474,-3.4557815,-1.1054715,9.14613,18.467203,-18.261564,-21.044836,-0.8193663,-0.031007763,4.0222263,-13.725768,-17.12318,-0.19972333,-8.571908,6.654741,4.1873736,-1.2382134,17.616098,-21.306393,1.8459097,0.9074637,13.218344,-18.614737,-5.4357195,2.789327,12.9471855,-11.728308,-10.603507,9.506581,-14.136142,55.639565,-25.148413,5.622962
LUAD:C3L-02549,LUAD,-13.79046,39.694546,-19.734722,11.225265,-6.0600743,0.39552453,-9.295632,20.673946,9.903718,-7.7303543,-9.498199,-6.7515974,-1.1603031,3.2079074,-6.4834795,10.449628,-19.2225,2.3173027,-14.029986,7.7299027,18.220432,-6.764845,7.28942,5.8058763,-15.618795,9.996584,-24.2728,-19.551796,15.369768,7.273215,16.167574,-11.0489,10.137105,-4.4383006,10.830067,14.294014,-22.120768,-1.5019562,10.0448065,12.129241,-4.8538675,-12.605047,-13.53479,-36.262177,-1.903342,9.645536,-6.106353,11.932717,9.089637,-31.804688,-3.744543,-7.4082,-0.24139743,3.309498,-11.189983,1.8195074,0.7204256,-1.2204791,-8.140056,17.760271,-25.252623,23.696453,-41.47909,27.504292
LUAD:C3N-00167,LUAD,6.6105037,18.788683,-24.745945,2.205894,-15.066589,-2.5144842,0.45665786,2.5255907,-0.8110676,-7.009859,9.155703,1.7943603,5.626731,14.652233,-22.352404,1.1596998,-25.21906,8.21863,-0.58167875,2.0757596,-12.169981,-6.7820835,-8.017542,-0.15693612,9.178057,2.79428,-4.170362,-3.8510075,12.886578,-0.5513832,-2.0271854,-11.472846,-12.527889,-6.770626,13.164236,-2.8992655,-12.229422,5.854793,16.924187,-9.088024,-5.5889897,-25.23369,-11.026081,-24.33829,-10.549938,13.123248,2.935531,5.481608,-2.0467372,-1.1690955,19.689436,10.262761,11.013092,7.0839796,4.4053173,5.7880397,4.666478,4.3834715,-6.2500114,-9.485423,8.5343685,35.49918,-10.767658,9.637794
LUAD:C3N-00169,LUAD,3.4637902,20.689526,1.6936464,-17.7217,1.2198027,-26.581614,5.337529,0.72563726,3.8704252,0.5449182,6.117116,12.780039,9.825118,9.182119,2.6699083,0.67540085,-11.232564,3.616627,-33.513237,-12.232376,12.992147,-10.013939,10.220772,16.896,-13.499319,-4.6646514,-16.731766,-10.117529,-22.298912,3.7787607,-20.261423,-8.369096,6.9097843,14.475088,6.5752487,8.666048,-9.773234,3.9103596,-11.189558,7.979742,13.416617,-18.541927,-2.6855366,-35.779015,-8.040738,-3.3758168,1.3340353,-16.91024,-14.565697,-0.83514255,-23.864481,1.8884184,-1.7080774,-2.3313046,16.148457,14.88775,0.82242894,-14.735785,-39.81253,-15.966935,-9.034725,4.6587925,-15.01027,7.5109315
LUAD:C3N-00175,LUAD,-3.4761217,15.333952,6.6829515,-12.817436,-17.189234,-55.32585,1.3595476,24.040205,-16.004255,25.34486,11.802873,28.114332,-3.3842766,24.193567,1.3515254,27.991047,-20.081444,-26.331898,5.4805865,-8.579938,15.606765,3.1685214,-9.259485,-10.652106,22.580313,7.3979764,-61.82726,-19.412233,-3.6694639,-12.759409,-51.236103,-19.503805,-35.50973,8.443653,8.09966,-16.10219,-23.216375,8.248724,21.196783,24.742144,-2.8490922,-58.55935,-53.781128,-26.555729,12.920009,-15.623899,21.989382,-12.258969,38.935715,-23.258514,-27.888504,-7.270592,-7.922788,-17.38624,-7.3950443,10.497346,1.1645079,-4.5519557,-43.970573,-2.2835283,-9.723006,-13.216686,-39.005394,-25.901833
LUAD:C3N-00180,LUAD,-1.0431443,23.573195,9.189796,-10.566684,-9.896105,-16.578093,3.9342058,3.011815,-13.010588,-11.718469,-3.8434918,2.3882606,0.86529386,0.9163994,3.3448231,14.289436,-0.20124964,-22.00375,-8.952571,-4.848303,-6.9438853,-8.758348,3.0376027,-0.16250844,6.4925923,12.862091,-9.743609,-12.838639,-19.474508,6.2372794,-1.3308549,-15.507146,9.522921,-5.140617,-4.3185883,1.9630122,-10.376018,-17.638609,16.428661,0.27830952,8.388236,-17.364923,-10.60447,-59.878235,-13.669797,8.11792,9.341168,12.921996,0.6568367,7.2189784,-8.31037,-14.903645,-7.5789876,3.5973375,0.07759524,6.1131516,-16.45637,2.5493658,-31.680674,2.515619,-9.439144,-1.6689267,-23.050303,13.70525
LUAD:C3N-00199,LUAD,7.3279176,12.119307,0.15087423,-2.3550475,-8.91901,-20.022245,-0.9188981,-13.451951,2.0244024,9.079126,6.88669,1.3511508,-0.6718525,20.840004,-8.145456,2.9272416,-14.745336,0.465325,-2.614509,5.372889,-15.688514,1.2954804,3.2109168,8.470354,8.055521,-9.655252,-7.015329,5.922108,-4.043354,-0.16405338,-3.6809945,4.1186404,-4.7737455,-9.780789,-1.666982,16.624773,-14.038286,18.306063,10.006759,-17.840443,4.9786906,-7.295966,-20.038963,-19.326324,-6.5181055,0.32072815,12.639,1.3137715,5.807613,-0.6655891,9.135813,9.732008,10.558611,-16.513412,5.8954616,0.28021827,17.21917,-4.674548,-7.4340158,-3.093016,1.6034863,19.603022,-4.5389824,-11.249744
LUAD:C3N-00203,LUAD,-9.644557,17.63017,-6.0201316,0.20869797,-28.51175,11.490721,-6.6468816,11.397066,-4.67438,-0.25456133,5.0114717,-1.0285134,7.18176,12.416252,-20.54159,10.958157,-38.92371,4.796114,-17.470446,16.780582,-8.860008,-2.1170862,-1.4557873,0.8229671,9.98959,-3.086585,-12.4872,1.6935034,7.93068,-0.5463683,16.187664,-5.92294,-6.798523,-6.237057,15.519816,-3.9863927,-13.410734,-6.6966815,14.496587,-12.6614895,-30.254673,-31.647808,-27.743904,-26.40816,-22.841553,12.528414,7.609341,-4.1936936,11.521089,-2.5437496,11.033765,15.363809,6.282024,-4.6428814,0.5607605,-0.22721311,19.32177,4.756681,-8.690942,-2.4692178,11.259855,44.664658,-19.054188,12.981213
LUAD:C3N-00217,LUAD,-3.6384325,12.5704775,5.750384,-13.23196,-10.127355,-4.337266,20.262074,-13.893534,-3.7227683,-7.392347,-6.087642,15.509235,21.479565,7.9326644,8.255451,1.4410857,-14.763353,-18.612982,16.109219,6.0790668,-0.26212695,-10.525643,-1.9949634,-1.0293834,16.582357,3.9275231,-10.466866,-16.099405,-7.201843,0.4069603,9.453283,-12.44863,-5.999874,-15.302749,7.4229074,9.655131,-13.7911825,17.951496,23.39777,-22.341625,-8.994074,-19.402288,-5.732139,-36.096577,-10.633559,7.587807,-5.3936887,6.381739,11.445531,5.4125643,-7.838257,9.150528,7.2486567,-0.02664949,1.1481302,-0.27425003,10.37454,-8.180663,-12.541343,-15.436526,10.709165,17.84031,-15.244298,-12.81662
LUAD:C3N-00223,LUAD,0.20045866,4.678305,10.193797,-13.554146,-32.52013,0.22423674,2.960179,-0.42901474,-22.266546,-7.835966,7.0447235,0.72977155,7.50504,6.8924537,-0.04072054,15.080482,-40.33621,-1.3685794,3.602279,7.2098956,-3.5006902,-5.329995,-2.554139,-9.422241,3.7109547,-0.20400847,-28.484623,-1.2670369,-10.909957,-3.7791011,-2.1861813,-1.5685278,-26.76917,-6.5759826,4.909963,25.056192,-22.345541,-19.177986,18.523739,-18.367386,-16.994478,-5.524405,-30.353037,-13.364453,-16.528782,-1.4384799,-4.9075627,-3.8477387,30.425823,-16.60161,-6.96665,-7.3733153,12.416341,-14.499602,-5.6989384,-9.768586,18.96233,-1.5652317,-12.767043,3.807937,-0.82861304,59.34639,-19.612986,-1.5685403
LUAD:C3N-00293,LUAD,-1.0795537,14.897747,0.73310757,-5.058604,-18.03143,-16.995405,-12.633286,-4.53448,-9.758826,-6.846229,-12.788798,5.452145,-6.255248,-7.501406,-4.819864,14.272133,-41.78565,0.39386743,-10.873656,3.0157444,-1.6180042,5.8233624,7.6257463,2.8324733,-11.501545,-7.083292,-21.015415,-7.8206344,-0.11561656,-0.86585015,0.94093406,-10.049598,-4.0408607,-0.70934117,17.753689,9.611021,-4.9536963,-7.3051815,15.119597,-12.151854,-18.769842,-14.752797,-24.779593,-5.1938057,-9.293176,-0.15599087,1.0783437,3.549207,26.353304,-19.49687,4.1087947,18.510643,14.350055,-2.173005,-4.5285635,-6.594108,6.042761,0.4404844,-1.320521,0.111609705,1.952184,44.687546,-21.078154,-4.4404254
LUAD:C3N-00294,LUAD,-18.463959,10.024791,-7.7755404,9.077274,-5.564106,-3.6786344,-13.645907,14.898966,-5.1512322,13.504064,2.2800174,13.6477585,8.6388645,18.4749,-25.166513,14.417643,9.25314,9.859723,8.99475,0.13351181,1.5095233,6.6452303,-0.7004212,-0.9498554,-3.4706585,5.0444803,-6.041541,-13.384567,12.232851,5.3175244,10.614359,-10.266604,-13.123871,-16.15247,-4.2998595,18.401262,-8.268837,9.324812,22.597494,1.2538546,12.168253,-19.97057,-32.71488,-17.714197,-18.949833,8.920921,-8.069062,-11.835865,4.793348,-10.579329,-13.73383,11.190141,-0.50503,15.935666,-1.934785,-0.9012291,9.909974,-3.9903033,-0.91014785,-8.990717,-13.377291,12.222662,-10.6325655,8.54872
LUAD:C3N-00433,LUAD,5.5925117,18.166193,18.023674,-4.3779187,-16.455023,-14.098572,-19.552757,7.7319326,-8.937525,11.659511,24.303719,2.700888,13.112406,2.9754755,1.3291746,30.81203,-35.338356,2.3542633,-13.992281,-5.3255877,-2.0571878,15.855192,-0.2547962,-2.5947676,-8.2539625,2.8866456,-42.450882,-17.935564,0.15305066,-19.259113,4.534385,-9.497886,-15.333473,7.2925835,10.57671,26.047796,-5.0666356,-21.6204,1.3635875,-8.836999,1.3006698,-2.9172413,-33.414078,-8.096235,-4.0294642,-20.18244,10.691523,5.6051507,27.50966,-3.2078807,-12.386219,15.336056,15.386728,-27.083439,-19.12271,-16.068977,4.0718155,-22.009476,-19.47768,3.2907426,-13.274866,28.269228,-20.167019,-8.855153
LUAD:C3N-00545,LUAD,-2.5604007,17.596642,3.7306266,-7.895597,0.46538165,-3.7991903,4.605561,8.55488,-19.738506,8.971209,3.884188,-3.8262897,-2.6318324,2.6404054,0.38304707,25.246254,-21.493446,-5.969877,-9.012202,-13.429536,18.298027,6.5770426,0.6014057,7.370407,-6.7854886,4.1076274,-8.22647,-8.8579035,-12.376423,-2.1863358,1.3132797,8.983522,-5.866738,-3.5274258,-4.995024,3.443952,-7.016942,-0.42294487,-3.9121125,1.9352692,8.096395,-7.807319,-10.143299,-25.42911,-4.553012,-13.211367,12.647808,13.349211,5.9087486,-9.661286,-14.601776,-10.3157015,-5.110298,2.0614634,-3.3029327,-10.990108,8.213009,0.6475991,-8.232112,9.706378,-17.393194,1.5795269,-17.468836,-8.376568
LUAD:C3N-00546,LUAD,6.927942,17.977583,-3.7555294,1.3145039,-1.8244267,-27.868944,9.860075,-2.5523603,0.35315263,5.7143693,8.003545,-5.1993265,13.057041,-1.1973655,-15.510203,-15.423413,-12.078129,11.164092,-15.3509,-11.955173,5.5590596,0.01104521,-14.91247,-5.982832,9.721226,5.370195,-0.27574068,-14.287268,-10.091751,-8.602941,-4.963422,-2.687229,-2.7130804,12.726376,8.609573,1.6410077,-14.700122,0.77370095,-2.9432547,6.6492553,18.912788,-29.40267,-5.361217,-20.157743,-13.210174,-11.39446,1.1437846,-19.33891,-6.595038,2.4182932,-11.476085,-6.8553214,2.1484008,-3.60573,3.9892874,-6.549376,0.48064184,-1.0467604,-16.644197,-0.36980498,-5.5360456,-2.9936795,-7.9537263,3.9631333
LUAD:C3N-00547,LUAD,9.948815,-1.4123863,5.3180556,-7.7971835,-11.303743,-16.29132,-1.2685946,-0.43471497,13.984944,-1.532703,-7.255685,-0.2204453,8.690101,-0.1756117,8.176389,-2.4686625,-22.78357,-10.926317,-2.4532688,15.084862,26.469013,4.343988,-12.339585,-3.9344373,-4.6956615,-5.368372,-13.999124,-1.3291764,-5.5386953,-4.4760885,-24.058954,-11.961167,0.9500644,16.841053,16.674475,5.303194,-5.786301,14.711929,-6.4826403,4.9115186,3.8544762,-12.847038,-2.7626112,-23.841694,-9.756205,-0.4440246,3.0026238,-13.91656,-7.31458,-8.271206,-11.116626,2.7359357,9.773874,0.16776846,18.71864,12.467224,24.295204,-3.2035208,-29.382395,-17.24945,-4.2136965,9.524773,-6.435963,-1.0977271
LUAD:C3N-00549,LUAD,1.9410523,1.9976491,1.1988871,-13.391911,-16.54762,-19.175344,0.9111416,13.267626,7.309004,4.5274587,-11.234825,7.6093907,-9.364707,6.1758647,-0.11927684,-10.88204,7.6814365,-8.563103,-11.18172,-0.40954742,3.9166462,-9.19853,-5.3406563,1.5801377,-4.250789,-6.5449457,-10.609459,-4.998814,-3.3069546,11.499112,-8.162505,-10.035739,-6.675416,33.077374,8.477316,6.356911,-6.3670387,-15.174608,-2.672073,-4.7970815,8.420181,-15.5506935,-23.36238,-18.87421,-6.0889535,22.047962,2.6888087,-13.844772,-6.7501087,-0.78637666,-3.1533928,2.0558853,-10.605629,-8.394452,6.6012435,9.647917,-8.270439,1.6842092,-25.030659,1.7982862,-2.5456994,11.784885,-3.9873428,19.558804
LUAD:C3N-00550,LUAD,5.7926483,8.3395815,-6.882081,8.447232,10.022873,-13.291832,-14.455024,10.5409565,5.479291,10.188651,6.96642,-4.6303625,1.1399319,-11.430294,-27.812792,-1.2014004,-9.874302,12.190559,-11.623486,8.376663,6.4723024,-13.8413925,9.232576,11.455564,-7.00677,8.494111,-21.460426,-26.618723,3.7006712,0.93060285,20.343208,-16.651783,11.421239,-8.153732,12.015954,17.947193,-9.608421,6.6483397,14.379983,-6.691677,-12.827756,-9.255243,-26.112188,-19.609049,-5.6866403,-1.5950344,-16.416409,8.2181635,20.255941,-17.16733,-6.602111,6.864468,-5.2916946,15.764353,6.793611,4.496672,4.4043193,-6.8433394,-9.24928,-6.250351,-7.6530585,19.02918,-8.558089,6.7967973
LUAD:C3N-00551,LUAD,6.096233,29.145033,-4.9132075,1.1398222,-1.6473463,-15.89392,4.464666,-1.272586,1.0292886,-6.106094,9.715311,5.025525,20.50662,6.002868,-7.378808,0.0060375705,-16.191002,27.840284,-21.402739,-3.3814561,12.937881,-15.823213,3.2073014,-4.186074,3.5094247,13.931621,2.457404,-19.15679,5.7094502,7.157838,-5.784716,-7.777692,8.349651,10.479057,19.371162,4.843634,-14.22701,0.15048555,-4.1628027,0.21924412,10.253624,-20.184505,-4.239152,-31.647196,-15.810735,3.1703334,-11.438852,-16.484606,-4.992876,5.5069914,-11.315253,5.6525216,8.393264,8.600218,16.553127,16.817177,8.269297,-20.465454,-21.347857,-18.182316,2.4301758,23.092093,-20.734049,2.4569216
LUAD:C3N-00552,LUAD,-0.8984777,20.183084,-0.44964263,11.04686,2.384522,-27.772009,1.6536673,3.4145706,-5.527558,3.2804282,18.654833,0.48015997,14.575171,8.375519,-2.927455,15.932251,-16.273703,-5.2863493,-6.908884,-2.9999902,-2.1100554,3.4422882,-22.08849,9.492478,15.856248,8.449303,0.7344003,-8.959056,-7.644249,6.746932,-3.971786,0.055641964,-7.769967,-6.964366,-0.75851154,-4.111189,-13.266582,28.790474,8.053309,5.2626395,15.287094,-24.522318,-7.738379,-29.226345,-4.463861,-11.299459,-4.8900414,-4.898264,5.0109367,5.757123,-9.374422,0.44943297,4.2975717,10.327484,8.006706,-14.385494,8.773973,0.5096158,-20.120863,-9.294017,7.332916,-6.5409975,-3.0099797,-2.1640851
LUAD:C3N-00556,LUAD,2.7577937,13.505342,0.41335657,-0.34018046,-2.934314,-9.820765,-0.41745308,4.928092,-5.102102,19.498922,3.2962286,20.120607,13.286419,7.595904,-7.1989617,5.985985,-8.365688,9.004647,-3.9007132,5.98411,9.038121,6.0839605,-2.562977,-10.217632,-7.035834,1.4248542,-1.2661767,-7.096976,5.651057,3.8977816,-6.0549407,-6.999226,-5.3738937,-0.6359745,-0.16629107,2.4247644,-5.9637637,4.604117,9.244148,2.7066205,26.329702,-25.874506,-11.949967,-26.826384,-17.61253,-4.662507,3.027585,-7.066187,-5.6407247,5.9234657,-10.270808,0.09664329,-3.1921146,16.20128,4.8841925,2.4161322,12.955252,-1.1999766,-9.649902,-0.9191987,-14.895081,-0.1349649,-10.579408,-12.208623
LUAD:C3N-00559,LUAD,0.9330572,23.07298,17.833422,-0.73897797,-29.934687,6.5356956,-14.388339,-14.424232,-24.206678,1.7581207,57.941223,0.15106818,-1.2596493,53.974724,-14.136151,31.630453,-42.46168,5.762076,18.00846,11.438568,-27.781555,-13.351745,-1.6762955,-12.410655,12.511658,-7.010951,-60.813496,15.214541,-23.741512,9.003676,2.6641731,-2.6042092,-46.527706,-14.383559,-4.5865226,20.302074,-18.733662,-10.699032,16.339317,-13.146694,3.9533617,-13.274095,-61.56079,-32.944195,-25.535627,-9.014792,-16.097101,-6.581649,48.206146,-28.86856,9.686311,-7.523025,9.140048,-51.043232,9.946398,-10.170341,28.798948,-11.401435,-27.803228,-2.369323,-9.597173,59.515003,-24.21692,-4.73703
LUAD:C3N-00560,LUAD,95.17384,-14.53759,17.242176,25.315243,-14.740344,23.545351,-43.933804,82.22987,33.500175,36.23916,79.65939,-14.1519575,34.263374,48.618362,-51.420258,34.103752,-33.74589,38.454853,-13.75296,22.354305,17.520937,49.505325,-7.7044525,-7.4934397,-70.12236,15.36574,-96.0848,-7.7649236,-2.9604938,-30.172064,-14.5655155,26.788784,33.80071,16.267395,16.549736,59.673195,-65.73815,-44.30379,-20.240913,8.714389,50.59773,6.129578,-67.75547,12.158437,18.284065,-8.51713,56.571316,-30.967384,73.09995,-33.32703,-37.8243,38.02997,51.588394,-62.64304,-42.81214,62.051395,22.187994,-38.037354,-92.08362,-11.459397,-24.777494,127.72485,-8.615582,-35.597076
LUAD:C3N-00572,LUAD,-8.41985,6.434234,0.48691598,-2.3473186,-0.41680965,-8.572253,-8.055129,-4.036256,2.968298,-0.3289419,7.9735336,-1.585262,1.3913479,12.396025,5.2334847,7.7501855,-10.890707,-5.8689146,0.29681733,-16.000353,-1.846098,3.9346082,-6.2054777,13.530387,1.535857,6.975972,-9.873771,-4.921688,-1.8366129,-5.16509,1.5258228,-0.3328802,-9.716867,-7.1642733,3.7912784,6.5116844,-7.228521,5.0363545,9.838111,-2.5506768,0.20935324,-4.857925,-3.6298473,-6.211375,-9.293004,1.3398378,0.6271095,6.7360344,-1.820337,-16.883623,-1.8266853,5.5152283,5.2977757,1.3669233,-1.5985576,4.383854,3.2102423,1.6794964,-9.257298,-0.58081645,-1.4159839,3.310088,-12.704223,1.0539329
LUAD:C3N-00574,LUAD,-2.2415998,19.937555,-15.47062,1.5181899,-3.888607,-9.023941,-8.290778,25.784836,-2.1302543,3.8333292,2.382908,3.6163082,5.186043,5.8325024,-7.6096063,1.558206,-5.9597187,1.7944549,-12.042018,1.0254188,6.7267275,-1.2639687,5.9415884,-0.21650566,-8.244022,8.388342,-13.693704,-15.47242,12.141277,-0.1312446,0.069727495,-8.313871,3.6339536,-2.031309,0.99652267,13.598855,-21.64978,1.3448079,14.331562,4.8454313,-1.86738,-15.836333,-19.104944,-30.753046,-12.394024,3.6735358,-9.405468,8.814858,-1.1293529,-14.333411,-6.5488157,-5.150167,-4.7941365,8.716154,4.437271,12.110849,-4.5846214,4.008112,-14.951841,6.751214,-20.201712,16.419312,-12.897233,13.966216
LUAD:C3N-00578,LUAD,12.992791,4.777615,3.0469015,-5.044845,-12.733181,-18.476625,-6.970294,8.086527,-3.062063,5.0977497,3.0938764,7.0473156,-7.044697,13.301899,6.1309047,-7.793827,-19.620295,-9.476075,-7.1016173,3.980187,13.112041,-7.138523,-24.659374,2.287582,-2.2023864,-7.4577217,-7.1933637,1.8423814,-12.79741,-8.752073,-22.192768,5.7647886,-3.0640202,11.82719,3.5760672,5.1590967,-19.919855,3.5221312,-7.487205,-0.9790131,13.465358,-23.761618,-5.444028,-33.007362,-11.180718,-5.298962,5.293669,-2.942159,-4.9825487,-6.634423,-10.314675,-1.4583504,-6.641585,2.4467728,10.054333,2.597543,9.339788,-1.8194447,-30.222565,-7.5957384,-17.24714,-1.593051,7.104499,-5.0914817
LUAD:C3N-00579,LUAD,15.820388,11.022225,1.9540663,-10.466108,5.8871,-26.55066,-4.1261497,-9.519882,4.8643517,17.069647,11.539503,1.1975119,-10.399981,13.634052,-6.7521877,-3.3903575,-22.94204,-7.0912,-6.8665156,3.932468,-1.8063375,0.53569067,5.7225814,12.241005,-7.5649667,-10.956057,-17.443895,-11.163224,-11.522975,-16.169323,-15.703569,8.29865,12.453058,-3.8081799,-3.0941093,24.925434,-25.211285,15.4574,2.951933,-5.5270157,12.379324,-13.713168,-16.283064,-28.443228,-0.84128255,-6.0087943,15.882291,-0.8706535,-2.008722,-8.2363825,-11.602597,8.246995,4.4013186,-18.242712,16.640572,4.0503063,5.505574,-5.9790845,-17.255953,10.713866,-5.1486316,10.97818,-8.428971,-17.81173
LUAD:C3N-00580,LUAD,3.9723308,25.834587,-9.207732,6.1291437,-9.973068,10.376239,-3.0027514,1.9847516,3.3801916,0.10666272,0.7629732,15.590062,7.9923134,-15.254042,-14.624184,-7.8757834,-21.75746,17.069569,-14.234696,-1.4936138,7.90524,-16.385921,4.521136,10.196247,5.5760684,20.00156,-6.759911,-11.352944,6.306561,9.1758375,28.162617,-13.095906,3.7663984,-15.047677,19.422821,-4.224118,-22.517477,12.659383,14.184071,-1.0293144,-12.349315,-31.123384,-17.802711,-56.205444,-8.398213,15.211191,-9.919525,-1.0098349,0.1464924,-6.9094667,6.217431,10.99571,-6.7895045,24.773737,-2.5770996,0.35877535,2.727398,6.461036,-3.6712344,-16.501911,11.652669,39.076004,-16.052265,10.853209
LUAD:C3N-00704,LUAD,4.8442903,18.224014,2.9286969,-23.937185,-44.540173,18.761793,-27.9601,22.180155,-24.991875,-24.310461,65.133965,-20.531347,-13.884257,40.013126,-9.176383,67.929115,-46.148144,4.6553493,-6.2321625,7.6932187,4.183817,29.617365,17.763363,-21.521328,-45.746952,-19.812319,-74.04485,-21.117973,-31.59533,-28.211206,9.447811,-1.8539526,-21.240671,11.813236,-13.156255,53.87183,-19.154253,-61.568203,24.30618,-0.8989887,10.30457,-18.334358,-81.14478,-46.303665,-13.223794,-17.595366,9.300245,-28.03295,53.571617,-66.31066,-47.36034,-22.478971,-2.36088,-41.26365,-5.3790464,-26.113588,-3.168477,-21.546381,-23.144867,31.93402,-48.4276,69.23901,-79.213326,-7.5701203
LUAD:C3N-00737,LUAD,12.150979,11.87634,-1.3463206,0.57752985,-0.24408896,-9.0336075,-11.029299,-2.83377,-1.288629,-3.5579708,7.4032187,-11.050145,2.8804479,4.124286,-25.405119,18.042135,-8.8747425,8.159829,0.9702461,5.4759326,1.163258,3.461416,-0.06259537,0.61882013,-13.514946,15.217018,-30.480751,-41.627895,-0.082687765,-15.583035,13.59763,-1.9937317,18.266102,9.310831,5.3915873,16.949577,5.682909,-7.8233447,5.33773,-4.3487515,1.7602853,7.991611,-17.974976,-13.451916,-7.0977874,-8.632391,-5.7474303,12.913805,22.713068,-5.3274217,-21.226639,7.048178,12.83393,-13.029711,-15.062141,12.507631,-10.515967,-30.596052,-8.172365,-7.4471264,-12.427309,25.34053,-0.03338905,-1.3666537
LUAD:C3N-00738,LUAD,6.256871,29.907686,-6.192771,-15.007746,-23.670004,6.8052073,6.3488894,5.3417406,10.275289,4.5559,8.884874,10.860454,12.095514,31.430916,-13.735127,28.432732,-24.136051,17.956661,10.100543,3.9949603,-0.38992825,15.518366,20.898159,-10.614904,-31.11661,-22.254797,-47.15423,-6.9098606,27.583218,-1.9451966,-0.8855738,-10.103358,-2.0518584,10.544747,24.09459,43.154648,5.3756022,9.248029,-7.669476,-10.895915,10.620623,10.947126,-50.122154,-23.58785,-3.556902,10.950334,3.8407772,-32.475803,44.945953,-39.68188,-13.51445,19.784132,25.855127,-31.937891,-16.575834,-16.258759,23.704185,-8.250502,-10.701983,15.554333,-22.21322,60.88431,-38.944218,1.1560986
LUAD:C3N-00959,LUAD,-8.279992,24.148354,-0.30769798,-3.102513,-7.87736,-0.17155033,-6.5630193,12.200863,-9.027991,4.684716,16.213507,-1.3840938,0.89210135,17.62027,-3.3389,23.451664,-13.289254,-5.899641,-20.204542,1.6679715,-4.1939116,-2.2037075,-2.5213523,-2.2414684,-13.457252,-12.177236,-21.93544,-9.320335,7.404959,-7.2317123,4.8985944,-2.7380443,-19.746088,-6.824291,13.446357,18.977861,-4.910889,-5.439709,1.7742827,3.5463364,-1.7102269,-15.179761,-34.250637,-31.906572,-12.760934,5.135957,11.150609,-3.5653903,19.804628,-18.492073,-7.4726057,-2.6035993,-7.5189023,-35.049732,0.7999215,-25.089472,12.311112,-4.5002995,-14.681213,5.915392,-26.208876,15.452885,-33.36979,2.6650875
LUAD:C3N-01016,LUAD,-0.8258081,7.906413,-0.2531838,-4.1864915,-8.046993,-7.194969,4.013568,-5.421528,0.7455174,-6.1072288,-2.7073448,8.207711,5.9339085,-12.321205,2.4031687,5.4521623,-12.91533,-3.5559533,-6.57641,12.659384,8.21846,-3.2293222,10.034848,10.336617,1.1853824,-6.925666,-10.462054,-1.1342492,-16.411243,17.247208,-7.670262,-7.1708345,4.657775,2.32643,11.432708,-12.765545,-9.3652315,9.62023,0.12638919,3.1677864,-3.2116342,-10.082726,-6.820758,-27.68971,1.8422263,0.63442993,7.788765,-5.8153934,-7.974026,-5.361422,-0.32963407,7.680694,-5.46969,6.090437,23.67168,-2.1190808,11.028025,4.566096,-18.97355,-10.9704275,11.231054,8.892178,-13.009614,-3.5244825
LUAD:C3N-01021,LUAD,-2.984694,10.085332,-1.1566263,-0.1317547,-27.112917,-4.1347938,2.1112876,6.005351,-19.764103,-6.54149,28.583822,-2.0587249,6.019024,21.984697,-9.942111,14.212258,-29.858217,-1.8462092,-0.55221665,10.287908,-12.875347,-1.6913881,-2.9211404,-6.8327503,13.822305,-4.9179254,-23.294666,-0.032224707,-3.5228217,-1.9291627,-1.9186047,0.13556142,-23.280436,-1.4674917,-2.1788812,2.3731594,-12.641189,-10.695734,15.99156,-3.75792,-5.6794205,-16.32075,-40.014076,-11.641326,-14.090499,-11.836678,11.02921,-1.7977841,11.344361,0.51542217,5.74032,8.159296,12.744761,-21.162106,5.864913,-3.466088,17.712496,-2.831976,-17.088495,-7.814907,-7.039106,26.78521,-7.791459,-0.14245111
LUAD:C3N-01023,LUAD,8.0173025,10.029802,-4.036242,-2.9350557,-20.002045,-13.418713,7.2725334,9.383457,18.460878,-5.027216,-9.535597,-0.9018238,9.517093,-7.4707313,6.6667295,2.045075,-24.51748,-1.4254185,-6.059337,27.028801,23.211435,1.0180385,-12.925594,-10.917705,-9.035413,-0.31926528,-13.431361,2.593899,-3.1158779,3.4419835,-25.044384,-19.598211,2.6832595,22.984552,11.648782,11.311007,-12.516248,14.817265,-9.028815,2.9632182,-1.3633379,-17.050974,0.56071055,-24.791409,-6.279752,8.940289,1.4520224,-18.581076,-15.079246,-2.6382968,-5.158785,10.354763,10.673659,-0.6089101,22.957209,17.488775,25.039017,-5.670181,-30.258184,-7.5493507,6.1163983,20.124784,-13.678553,-0.93861896
LUAD:C3N-01024,LUAD,11.968905,16.68337,-3.7123783,4.2018433,-13.456999,-7.5558624,5.8398714,-0.35282058,5.6767917,5.284261,4.500046,-9.114649,11.469336,11.398424,-3.6279619,-1.4345652,-25.941706,13.610268,-2.9340103,6.971605,21.098269,-6.160923,-5.3597116,-0.3566553,6.5361133,0.50937235,-7.4780736,-0.20930967,12.484405,1.3479186,-20.552397,-11.565564,-6.422064,11.620077,9.724402,2.7167664,-4.4464054,17.739258,-0.5002015,-1.5825868,-11.010418,-22.1188,-3.5790842,-19.379076,-13.632997,11.538643,-11.695816,-15.517548,-7.1308537,13.828883,10.431563,5.0520577,16.20395,8.977153,19.457508,13.238681,5.572228,-12.102043,-12.562728,-22.430683,4.620724,26.1698,-8.371407,-3.2840314
LUAD:C3N-01030,LUAD,4.4559455,25.611366,-12.509437,11.121658,-2.303253,-21.78458,5.935095,-2.9008267,-3.3369184,3.3484502,-0.02052892,4.771231,15.10907,-6.9874425,-1.9782337,8.764439,-24.235264,19.47496,-18.632944,-8.85608,19.21346,-7.374484,0.97781664,-5.1756353,2.9309235,18.04591,-1.017081,-21.659111,7.4716415,6.1133065,-1.5429319,-5.7750225,12.125168,-0.06038007,15.859682,3.7115788,-8.086224,1.0969867,9.466803,1.6213858,14.317384,-13.113829,-6.8245125,-26.81435,-2.0710237,0.41070554,-8.066583,-0.620414,-3.3720717,-3.7779615,-12.6143465,4.7820992,-4.5254283,23.449667,-2.2754502,1.0775244,4.088765,-0.45294726,-4.0370383,-17.911285,3.4985237,21.640335,-18.99127,11.108155
LUAD:C3N-01071,LUAD,9.6050205,13.37574,3.3782554,-0.26484543,-0.0047124512,-20.815601,-10.613307,21.084066,-11.530126,2.4846547,22.178411,-6.0670614,4.378742,-4.463364,-15.938153,16.245039,-1.0256735,2.3764122,0.041599065,1.8675781,4.118186,-11.004599,11.937443,7.6524796,-12.556798,2.7825308,-34.31332,-27.968872,-5.960647,-0.8103544,-0.1291474,-15.009827,-0.40568438,-1.0763446,8.054537,31.032673,5.197314,-12.931572,11.364035,-0.67407644,-5.7310495,-10.88444,-32.99934,-21.53615,-12.979108,-21.080383,-7.3951716,9.701929,15.717721,-12.02806,-29.125608,1.2993252,-9.12448,-2.3764577,4.238248,-5.795156,-3.194996,-9.611181,-30.27076,10.011076,-19.15085,18.620941,-16.239857,6.957859
LUAD:C3N-01072,LUAD,18.32388,17.063566,-0.37257203,17.949917,-16.320864,-19.139494,-2.1733372,1.0482835,2.4436703,1.7984239,-5.6313987,-8.460763,20.08648,-18.6885,-16.826239,6.3764534,-50.04026,17.428577,-8.932913,9.414865,8.258484,15.175043,-22.835241,-6.7211294,19.865671,18.297117,2.3403492,-28.511902,14.775941,-16.09382,2.3044474,-11.322778,-2.5790753,19.597456,17.881786,-2.735377,-34.063587,-4.3541217,2.4482863,-25.502039,13.953932,-29.303865,-13.490252,-24.292078,4.1043053,13.258635,0.57533896,-5.3735027,-0.7946227,-2.9077399,1.9673591,12.918997,4.670546,10.776053,-8.987923,7.345439,10.619984,-15.354202,-16.672514,-29.297527,13.238389,30.623507,-7.0614896,14.332082
LUAD:C3N-01074,LUAD,3.5634043,21.382378,-16.57138,-13.764966,-18.052094,-21.593023,6.938162,26.95015,7.809805,-7.190473,-4.3283434,11.435309,-1.475066,-3.1131508,-12.114548,-1.1882515,10.066748,-1.5289465,-6.488753,-1.8261367,11.076975,-14.143383,1.4666121,-2.7937775,-24.395937,5.956366,-17.769207,-26.455372,-5.507432,-0.23327088,-2.2726164,-4.0930467,9.40736,-0.010528656,6.5348673,20.950855,-21.097202,-3.7233589,11.548405,9.354856,1.5162455,-16.647148,-17.15665,-28.745495,-1.1410983,-0.5479617,2.8856494,10.350976,-6.7895384,-16.81945,-14.894371,3.630169,-1.0556607,-0.39549875,-5.074457,11.219083,-5.0351777,-15.033862,-32.320427,-1.7769159,-18.647005,30.728474,-9.246337,13.088412
LUAD:C3N-01405,LUAD,12.398762,14.196432,-4.8496175,4.7099643,-8.7076435,-11.357632,-2.7454903,-1.7078711,-1.119403,1.0450512,14.99465,-1.9663188,10.590853,5.38279,-16.351816,10.201964,-22.25399,19.036663,-3.2921689,2.5540538,-1.9091957,-0.03141571,-0.48833197,2.3165145,6.511167,14.211381,-2.0666716,-22.811926,14.4279375,-4.108454,10.124344,-11.324721,4.7397833,1.901574,-2.2829726,3.4858537,-19.175528,1.6404512,10.921426,-14.092129,-2.8454826,-13.44044,-13.961074,-23.041384,-7.119741,5.6808085,-9.111595,2.5578089,7.259735,9.853391,-2.3347921,11.987247,11.912559,4.7601933,-6.439086,10.058848,2.441286,-20.551968,-3.698984,-21.97553,-0.38318267,31.301535,-0.8531675,-0.35198814
LUAD:C3N-01410,LUAD,6.522951,11.946485,5.6411057,-7.5501513,-8.245812,-13.982515,5.0541997,-4.121114,6.2661614,1.0439657,-4.430734,12.99718,1.0277123,-8.33921,10.029317,-4.7566943,-13.412703,-5.319259,-10.673136,4.3517013,9.854663,-7.0937176,-4.411153,4.3005695,0.7054317,-15.741261,-3.1582623,-2.773087,-12.819345,-0.15830678,-11.255554,-16.984266,12.046478,17.24821,7.8617826,0.33065718,-6.3867435,-1.7823226,-5.3201675,-10.376824,3.0895076,-19.362333,0.26338902,-31.821445,-10.389111,10.464581,-11.299716,-19.003183,-9.165351,-4.5277214,-11.640939,3.3509421,-8.635141,11.104942,23.260628,8.312241,3.0128949,-14.993975,-26.017307,-16.489594,-2.5687864,-1.6384571,-2.853763,6.562429
LUAD:C3N-01413,LUAD,-1.2590126,8.392638,1.4261656,-9.69899,-23.536093,-2.6235306,-7.3242927,3.5911655,-15.011701,1.9918026,21.102589,2.9296565,3.4720714,19.067467,-3.1822717,17.211338,-21.044802,8.162566,8.0424595,9.916091,-17.425447,2.5274441,-2.6382234,-4.1509404,-2.3658519,-3.6400895,-29.539663,-3.2121623,-4.28001,-5.300694,-1.3682624,-7.5498037,-18.194468,1.884467,-3.1046836,12.138235,-11.628997,-2.6031094,19.18118,-8.986943,-0.19823176,-8.570044,-33.58034,-16.977156,-15.662734,-11.366348,5.007406,3.757274,14.840215,-15.434018,-3.094376,-0.5053741,12.576501,-13.662845,-8.250203,-4.6200314,13.151877,-7.5166917,-5.6049004,-1.5526237,-17.809652,36.483356,-15.576426,-0.8567049
LUAD:C3N-01414,LUAD,-2.4952872,16.049547,0.88195187,5.693504,1.6813946,-16.783571,1.8865914,-7.8801107,5.6059103,2.7526653,2.1639385,-10.59846,6.6884613,-0.7349933,-5.979952,-2.991501,-6.133152,-0.066715956,0.325119,8.98704,-1.6073433,9.038523,-9.509552,1.433428,11.080255,2.0235636,-0.28382152,-10.771489,-1.3646662,-4.545628,6.681702,-5.6887984,6.4251328,19.426855,7.9598393,1.6721411,-13.748632,16.891464,-1.2284983,3.919108,9.237832,-18.69998,-4.7390366,-17.635098,-10.796876,-2.0300088,-4.4658194,-11.235068,10.358996,5.8591805,-8.153487,3.6998982,16.786346,-5.917468,4.6268735,0.965905,6.4734077,3.1979272,-18.052538,1.9205134,2.9835296,-0.6376936,-15.044551,-2.9386845
LUAD:C3N-01415,LUAD,0.61619866,17.459959,0.7623913,10.775753,-6.5166945,-6.903843,-7.6150403,18.381855,12.868602,6.9620376,-1.2512017,10.411239,10.696108,-3.584245,-14.302064,-6.992381,-1.2040238,22.562496,-16.589956,-7.5078254,10.454482,-8.955828,-3.8942313,2.3629415,-2.9755447,25.289608,-8.991261,-13.33138,12.59647,7.7930355,-0.8212027,-1.0250251,-2.3519611,2.7215726,9.443621,1.2262747,0.15469468,7.9343343,-0.66805977,-1.9053898,6.98534,-17.230291,-17.538301,-30.726973,-8.164613,16.549595,-9.181077,-1.65323,3.9473825,-8.369685,-2.987763,11.17777,4.6388416,7.140026,-19.48618,6.682371,-5.0255938,-1.3050114,-4.2202687,-11.553359,4.0362096,18.742315,1.2583659,16.77121
LUAD:C3N-01416,LUAD,-0.67052794,2.4595659,6.9132166,-4.4047484,-9.360854,-23.402264,5.521137,8.604993,-5.962452,13.702669,1.7514181,-6.5606966,9.700085,5.2858014,-9.407756,2.4804704,-22.771553,-3.4017565,1.6055951,6.052022,-1.1976421,5.2291155,-2.7734401,-3.4545684,4.7880735,7.2995777,-9.6712,-6.397055,-8.81752,-9.854445,2.1622467,-10.085387,-8.066069,-5.4638634,9.031781,4.5276737,-9.679541,-1.9515742,12.95367,-0.5099597,9.825373,-14.378817,-13.545013,-12.942531,-6.4930177,-14.753798,16.477621,5.4680576,3.2888443,-5.509175,-3.9534345,-3.5320072,8.158404,2.373788,-4.881743,-5.505372,26.33092,10.178707,-6.136708,6.410806,-11.824221,13.916961,-10.948372,-4.767887
LUAD:C3N-01488,LUAD,8.899999,13.119029,-2.9759932,1.5658889,-6.5586715,-10.374011,9.413958,-9.24126,-3.1418433,4.888208,6.284859,-5.0131073,8.584656,-2.8523052,-1.2766417,5.373044,-26.470522,15.304703,-10.067893,9.202134,9.958381,-1.2666364,-6.516345,-5.5467415,7.076446,8.71576,3.5115647,-13.595089,2.1145158,1.6889986,-3.2742114,-5.6575174,2.5294547,6.4686437,13.084429,-1.3812711,-15.751072,-7.4583807,-4.771624,-0.57166517,14.472562,-15.415204,-1.0636455,-22.65462,-7.746131,-8.014225,0.38615552,-10.032396,-12.457458,6.243825,-4.5136757,-1.584686,5.2300963,7.76005,6.9388614,3.8135302,7.630989,-5.5230484,-16.826805,-13.901614,6.845165,11.847038,-12.061956,-0.9649796
LUAD:C3N-01489,LUAD,15.204418,30.584536,-6.289886,3.5149415,0.3611478,-20.288013,-1.3801131,-4.246723,-9.129438,-4.5710216,9.369688,-3.4614236,14.638416,-5.495177,-6.6298485,11.046495,-26.125795,13.57412,-17.255646,-1.1855148,10.177315,-2.0668104,-0.6356937,-4.4588737,0.3047745,4.338255,-10.036269,-30.125776,4.1013255,-5.9979844,-0.18753402,-14.599378,10.308035,16.020926,3.391411,2.1688683,-7.322804,-1.4225085,-1.1902689,-11.629891,14.429703,-10.09079,-4.535799,-20.18146,-4.9208446,-3.9281793,-6.29018,0.7583616,-2.6660247,1.3740581,-12.270804,1.1431255,4.5678625,14.555806,0.19627547,12.612077,-2.024444,-19.710804,-11.899821,-13.115239,-2.4693224,12.686929,-7.149966,-0.24997765
LUAD:C3N-01799,LUAD,-7.2500424,13.98782,12.8192625,-3.7601554,-10.71966,-7.4210863,-24.210463,-22.39887,-17.90396,8.439883,3.108748,10.705541,4.485536,13.625881,-22.800634,18.71373,-47.271328,16.390018,-35.71834,-6.0655146,-7.4730554,3.3417118,-6.5760775,28.185406,-4.5049806,23.264423,-62.767735,-29.335833,-15.162527,-7.976471,28.802296,0.13657035,-9.464243,4.242676,16.243286,7.1187215,-22.51762,22.171759,5.450321,-12.215994,-13.458416,-24.30938,-19.376947,-21.652498,-33.225212,12.26181,-16.458239,13.141609,36.909367,-18.424866,-6.9045844,27.73042,22.05374,-7.6764517,-15.767292,-6.069077,-4.593035,-19.648478,10.497286,5.377808,10.136632,67.5961,-36.984234,-2.010861
LUAD:C3N-01823,LUAD,-3.004189,17.366493,2.8315485,-10.613807,-25.22398,3.7216988,-14.129662,20.881052,-11.929461,-6.1474166,7.997093,1.4305825,0.035348944,10.6934395,-8.080778,15.442831,2.2152307,-4.405171,3.178534,4.9774733,6.090317,7.8428407,9.248223,-6.4659753,-10.263122,2.0623195,-37.636364,-17.705917,6.095988,-8.7716255,-0.10960941,-8.127242,-8.571657,-6.4974957,0.16941987,26.012209,-16.913258,-21.837296,5.8224955,4.0191526,-5.20221,-7.7905483,-31.737562,-24.117538,1.2078068,-3.603796,-3.4495375,-1.3753825,16.62199,-15.8561125,-16.364958,-5.4552875,-3.018272,-6.990573,-12.343951,2.0492675,-9.796181,-14.516801,-18.23133,15.647064,-24.668674,13.686737,-26.922066,10.46239
LUAD:C3N-01842,LUAD,4.741237,21.444956,0.7294915,-10.179159,-1.55593,-3.6225631,-7.7847786,4.04524,-2.01167,-6.369588,-5.2921247,-5.741311,2.3619077,6.9520974,2.051596,3.0340836,-6.670954,-0.27804577,-3.5789366,5.159961,4.112916,-1.6666735,7.425521,-4.0128245,-18.678709,8.005745,-14.76152,-20.352842,10.509186,-5.6513367,4.735915,-6.6770163,15.293193,-2.0503674,10.59366,29.256956,-16.788914,-7.0577893,-0.27643853,0.938114,0.19871444,-11.691806,-14.086392,-27.705307,-10.593782,3.8577476,-11.34338,5.621752,10.500417,-0.6029672,-22.125864,-6.2019205,10.42193,-5.061837,0.7071665,15.1110115,-8.766818,-9.077062,-17.43913,0.7692903,-19.8838,17.309036,-17.485895,3.08117
LUAD:C3N-02000,LUAD,7.5032506,18.061756,6.2462044,-4.5087295,-25.98198,-15.065782,-2.3677645,4.0179553,-22.865355,-1.9056209,34.45745,-3.5798626,4.841982,18.947266,-18.46815,13.9199,-24.854334,9.388537,3.365512,6.056464,-22.245361,-0.8670902,-5.145957,6.586111,2.7494464,-2.972763,-22.520166,-7.405766,-1.9491441,-4.954767,-5.264981,-9.255357,-34.848946,0.23900846,-3.9707053,4.8618617,-13.392546,5.351743,25.852379,-15.76826,-15.008502,-5.458388,-35.675823,-18.37483,-23.053669,-4.6916194,11.618378,5.78691,20.085045,-1.5895951,9.877841,6.24496,14.350491,-17.706457,-8.924843,-3.7376764,9.848622,-5.1748295,-11.767561,-8.222499,-2.3409646,39.084137,-3.9770608,-2.774287
LUAD:C3N-02002,LUAD,-35.235634,6.2453117,13.846074,-15.763453,-30.943516,12.876029,17.228657,2.7813933,-20.12718,-4.8017774,21.433477,5.3139153,-4.197456,26.276567,-3.6026347,25.737343,-14.951846,-0.26449382,11.611532,9.109874,-9.862167,-6.148761,-0.7375664,13.563156,19.408092,-10.5483265,-36.884575,-0.09193569,-7.1246405,3.8896394,21.136358,-17.873014,-23.868757,-9.323912,-4.5702586,30.501616,-25.48164,5.515571,31.137512,-32.642677,-22.338543,-17.218042,-39.942204,-35.737915,-22.187506,-5.173159,-16.185108,-4.5346837,51.515373,-39.766033,-11.578717,-0.5276905,17.10013,-8.392717,6.6169615,9.021153,25.648682,-7.353044,-1.1241232,-5.030908,-6.334088,65.16005,-22.501959,-14.562314
LUAD:C3N-02003,LUAD,6.2911334,30.581783,-9.848496,10.348577,0.72204393,-12.635565,-8.490699,6.213693,10.379265,5.2080474,6.7618775,5.2101855,15.77513,-4.6581187,-22.428293,6.139259,-10.776333,25.488495,-16.627577,-2.3001137,6.8196473,-3.7916768,1.7689642,2.5660686,-8.2902355,15.542526,-12.725844,-21.427967,16.5049,4.5316787,10.000832,-15.654543,5.3019285,4.5885763,12.361984,13.591633,-22.999823,10.29663,9.555246,-9.770092,5.1387925,-6.2487216,-17.240501,-35.33143,-11.468792,-0.12579538,-18.318323,-8.947674,5.8424993,-14.858514,-4.135748,21.119318,2.5512393,10.748107,-10.612101,4.640757,9.112053,-15.431537,-8.028131,-21.877241,2.2557354,28.786263,-11.49936,16.150131
LUAD:C3N-02067,LUAD,2.5678022,6.267729,1.9249909,-4.9965034,-29.4456,8.988258,0.57610625,13.455439,-2.2846394,1.3433611,18.283846,7.4229574,5.7541876,13.75033,-21.646069,7.4353166,-28.265255,6.9658074,3.1444075,6.79395,-3.404839,1.5883807,5.8132086,0.23785286,12.343865,-0.8867489,-18.399033,3.668853,4.379576,-3.7138848,8.965251,-4.4655685,-22.541006,-1.7445267,-4.9248137,2.4477427,-11.963798,-0.9198418,16.56914,-9.22199,-12.675907,-11.315123,-34.175156,-13.6322775,-12.722505,-7.241449,-5.9229155,-7.5645266,19.509562,-4.34871,8.029426,20.431911,13.4906025,-13.506931,-5.5376754,8.66613,11.769487,-17.449217,-9.46038,1.7835181,-10.369038,52.40199,-3.4045055,6.3885875
LUAD:C3N-02087,LUAD,3.2385924,22.63028,-9.802665,12.126216,0.75430375,-15.657764,2.6139705,-9.006853,6.437986,1.4323162,-0.3717329,0.53331226,16.327692,-10.258825,-13.811349,-10.403668,-9.500333,21.848495,-16.668219,-0.5377418,4.59117,-2.474078,-8.839403,-5.476385,12.003247,17.105947,0.7320309,-23.078176,6.8638983,2.8096862,0.76363593,-7.573405,5.212866,5.8244014,16.686073,2.1759079,-16.215359,3.6564171,-0.86066276,2.0047028,11.999548,-27.807848,-4.0277624,-27.062761,-6.152232,7.4504733,-9.519583,-9.108191,3.5278099,3.9665487,-8.365443,-4.4827557,5.4176135,16.446072,0.3314786,-0.36378834,-0.36666983,1.3803529,-15.939017,-10.114304,-0.87840235,13.939556,-9.427382,7.399053
LUAD:C3N-02089,LUAD,1.4787589,28.853472,-12.781139,-3.5975668,-10.081577,0.4707692,13.168912,-11.259883,3.7323577,-4.9688544,-0.7410972,27.434313,2.6597052,-22.770594,-0.8795319,9.474548,-18.199268,7.345534,-12.342271,-0.8834597,14.86831,-13.488652,29.443201,10.757321,-1.8832507,-2.1996913,-16.87719,-17.399517,-10.4394,19.127028,4.588411,-13.125833,14.359138,-9.491864,15.74022,-18.037243,-12.386245,11.022912,11.016298,4.8023915,3.1302793,-22.239187,-5.455394,-43.407307,-0.6673309,-1.5742897,-2.8400886,-0.14563203,-1.7801837,-9.081908,-4.7391753,15.488573,-12.584433,16.57615,19.262232,0.44758502,-0.46135205,7.4976773,-12.551555,-8.940087,17.753866,19.924797,-27.045912,2.1470337
LUAD:C3N-02145,LUAD,13.281413,34.83878,-0.37679365,-11.567443,-9.247715,-17.814459,3.03912,10.615791,-3.856998,-5.621834,28.492323,-7.441026,-4.2588367,35.91538,-13.677447,7.1237617,-17.322048,-10.265028,-4.987397,3.3259478,-28.214327,-11.948731,-14.693165,1.7593188,6.392512,2.6753259,-10.432632,17.678598,-22.922419,-2.5370524,-12.585891,-6.1282196,-19.498331,-7.5060415,2.307165,-18.157307,-14.487401,23.821072,24.352777,-6.856967,12.571403,-29.238348,-15.976143,-52.04223,-17.865831,-7.610863,27.392538,0.5757486,7.0682445,-8.487479,5.217869,-2.206965,-3.0630388,-16.977783,-3.359874,-21.938835,8.861961,22.225266,-16.127615,-7.1985464,-2.9184382,-6.896546,-1.0147796,11.321567
LUAD:C3N-02149,LUAD,16.64355,13.08681,4.644854,-12.537861,-18.64595,-34.977577,12.149114,31.216946,-0.99324083,29.0207,14.166437,-25.685358,19.397118,7.31652,-23.57213,-4.148425,-33.996494,17.584417,-3.013572,28.785881,11.461142,4.676444,-2.305316,-12.00088,-2.2660642,20.47424,-21.112576,-8.624268,-9.324032,2.0589826,-4.0177283,-1.6786892,12.321033,-21.358591,28.849966,18.593504,-7.8432894,-2.7275798,-8.10881,-8.340709,30.635601,-11.017593,-5.2649293,-15.30166,-0.08143159,-24.267351,17.84888,-7.082638,8.089166,0.88011676,-12.616103,-1.3939295,9.593384,-5.81762,5.5757446,-2.2941673,34.89439,17.36384,-33.74588,12.223785,-4.1035476,45.36172,-10.2824955,-27.233759
LUAD:C3N-02155,LUAD,-12.465995,2.172897,-18.848486,-3.4246721,1.7355769,-21.081877,8.328116,-4.5663586,9.0492115,-9.720887,-1.5762948,25.778458,17.54602,-7.5796976,-0.34500155,9.687833,3.7574494,-26.516478,-4.639914,3.3146691,9.031396,-1.4209418,-5.0364027,3.38485,22.314232,0.8284,-17.40885,-21.567217,-15.321928,17.185802,-12.824489,0.18559821,-3.5876741,-10.238027,10.951243,7.523047,5.986413,14.5392475,7.2162247,-23.479696,3.7885504,-23.773031,-12.651249,-47.14618,-8.516431,0.43376878,2.8708193,5.1423445,-15.134325,-12.217477,-8.50928,-1.3397534,-23.6267,9.466637,13.34447,6.5961905,2.2174556,-4.1739407,-17.938393,-16.044304,15.844719,-7.0441284,2.2172084,-6.134414
LUAD:C3N-02158,LUAD,12.259475,7.3687687,-20.18759,2.3907385,-11.80085,-3.0991144,10.39431,10.55956,-0.56711483,16.066423,23.220978,17.094818,12.492389,35.84166,-8.3607,7.1570125,-10.513973,14.02887,3.6852255,15.332903,-16.236338,5.8089848,-14.545362,-6.064329,-4.5496154,-7.8082485,-11.397729,8.987473,12.102796,4.2064557,-13.83762,-10.762194,-4.737545,2.0286205,-8.532089,0.36368626,-8.770598,16.218706,27.688276,-2.7611997,21.6668,-44.363117,-2.4825833,-39.465588,-18.583542,10.334862,3.2242668,-12.780836,9.427512,0.10979298,-4.6229258,3.8227508,9.908316,7.8152475,10.785091,5.039587,31.207726,10.283033,-17.104647,-1.4575317,1.0111549,22.35599,4.708858,-19.130716
LUAD:C3N-02379,LUAD,6.020824,1.742534,5.744075,-4.048678,-20.930092,-6.7305164,-8.155182,12.98603,-4.360267,15.09631,27.611631,-2.325045,10.422341,5.9369054,-19.226055,17.106668,12.026947,-5.5678396,14.717725,8.8229265,-11.409509,2.48418,1.5814803,14.780485,-0.6426859,-0.16867438,-26.978922,3.405922,2.4333022,-7.746005,10.678572,0.21877594,-13.045328,-15.524512,-1.3105085,28.884432,-7.239289,-0.42058966,10.008384,-7.456902,-0.4098273,14.059227,-43.230316,-18.254524,-6.221908,-0.860497,-10.256053,4.5323772,13.842832,-4.098982,6.1567183,2.0544183,8.802756,-15.166836,-4.941544,0.40590122,8.975999,-16.27042,-13.365602,7.706301,-18.156706,32.110077,-1.7736027,-1.4107006
LUAD:C3N-02380,LUAD,-2.7568433,-2.686927,3.1359706,-11.827222,-45.610542,1.6167095,13.496733,10.488125,-13.1111765,0.39649257,21.825182,-0.9610521,9.928971,23.292501,-16.301817,12.584123,-29.122486,1.5725843,6.338726,11.797292,-4.0060415,-14.683009,-14.015164,0.673817,16.285645,3.9541383,-12.451616,11.054732,-2.9156568,-1.9139527,-7.382799,-5.751692,-31.915972,-7.768991,5.5977116,20.866776,-33.58212,1.6488347,30.817955,-21.207169,-24.252708,-17.162268,-43.381054,-24.809992,-13.431698,6.8920083,-7.5611315,-9.729629,26.575169,-4.4089985,4.6767187,7.1977725,19.62655,-4.730647,2.7969236,2.8679514,23.185373,-9.703615,-11.434521,-19.825558,-5.27823,67.69338,-11.213817,-0.8306729
LUAD:C3N-02421,LUAD,-5.7749343,6.026046,-10.895466,-1.8455477,-19.47794,-2.8081157,4.9108114,4.177257,-16.059149,2.4121442,11.27877,3.0002859,8.125129,36.01114,-14.083535,9.834631,-12.7849045,3.1917632,4.646743,13.006691,-13.923001,1.5402743,-14.676303,-11.126032,0.105213076,-9.309461,-3.4246554,8.260457,-0.28146768,1.6861539,-0.3680215,-5.6359253,-18.170115,0.06578794,-0.82119536,1.5093281,-13.19571,7.2198977,27.986801,-3.163778,8.253433,-30.191942,-23.693565,-25.413563,-25.45819,10.983915,5.3907948,-8.474748,5.154786,0.23608068,-0.30464202,4.437051,7.098063,1.1421812,6.381099,0.06550768,26.587402,3.4997363,-3.9210482,-2.883044,-6.6867275,18.879293,-10.810347,-2.532487
LUAD:C3N-02422,LUAD,-4.686073,3.920641,8.552309,-7.0105233,-27.288082,12.320866,-6.120207,13.703668,1.4063225,7.4799,22.260107,0.82909673,5.711417,12.367025,-12.814223,16.276651,-13.810231,-5.9884505,13.998683,16.084532,-9.052785,2.459397,-4.4559536,2.6443455,9.668768,-8.420853,-29.985825,12.601581,-3.8610694,-8.871279,13.2523,-5.0868955,-25.076073,1.0354811,1.6684135,1.7558236,1.4475049,-6.1364365,17.906422,-4.576957,-9.749728,-5.5266185,-37.547768,-9.452714,-13.293863,-4.6035757,1.8068386,-4.297676,18.44929,-13.079703,4.9367604,8.322972,4.649422,-28.87197,-12.105476,8.860414,9.265779,-19.45454,-8.848533,17.022657,-24.968712,37.658348,-11.713741,8.575765
LUAD:C3N-02423,LUAD,-10.250534,11.910066,6.2742043,1.7060387,-3.914186,-18.46316,-9.661507,4.936898,-2.8760529,8.3771925,5.8561473,2.7370536,2.5962732,2.5017216,-4.4895167,19.35307,-2.2001922,4.8963356,-6.899776,-14.453206,3.8893943,5.8086553,-2.8627887,8.611165,8.872054,16.2813,-16.448706,-10.447631,-1.3996705,-0.55367774,5.9468513,-2.7326074,-16.394335,-0.39599395,1.7245663,7.1946588,-4.1996837,1.6546252,2.3802483,1.4231542,6.695203,-12.879716,-24.365288,-12.917468,-6.6350083,-5.9812584,1.0583483,5.0506372,-4.407836,-11.570185,-6.284919,6.832355,0.094838336,2.6213262,-8.789845,-3.075187,2.1301987,-14.834378,-4.466331,-9.854122,-6.3262124,5.1622696,-8.292495,4.794757
LUAD:C3N-02424,LUAD,4.502887,11.027877,4.2407975,11.176663,-11.566991,-21.001898,-9.765172,11.726486,-0.5900562,9.967947,28.69838,0.25015602,19.873014,3.312867,-28.02049,12.761936,-8.540484,3.8891535,14.848222,6.837317,-17.086014,16.279217,4.404251,13.378715,2.2353354,13.884609,-23.073462,-17.169603,9.966855,-11.12447,14.549835,-10.673947,-8.67292,-15.745704,8.457489,21.287802,-5.428123,6.155682,22.37327,-11.039596,1.2800187,3.6519928,-35.89456,-16.396427,-1.896457,-11.03062,5.3144855,14.451276,18.004631,-10.5471325,-2.9952621,11.011977,12.500567,3.212814,-19.561441,-10.52572,21.674614,-4.056284,-3.6787157,-5.04772,-2.221926,29.479343,3.7490726,-0.8027678
LUAD:C3N-02433,LUAD,-9.017408,7.1627936,8.204085,-10.772338,-42.11399,-18.84376,2.7734516,7.4759536,-8.984118,4.7533383,24.737785,10.975222,11.6000595,21.312311,-6.6038513,22.390114,-21.687458,2.7769654,1.3728588,9.277206,-14.444142,-1.6747024,-15.255854,-5.7086935,17.77098,-2.1035151,-31.556297,19.660263,-12.225141,14.9860115,-21.48645,-0.14355902,-37.5538,5.4651027,11.382153,-4.5311027,-14.17747,-0.6844232,22.338001,-16.955858,0.6978851,-26.677244,-36.552303,-32.838097,-11.013463,4.2024703,10.305529,-8.590954,32.080215,-0.453131,7.1808457,7.2254357,17.708082,-20.061197,-6.90722,-9.449794,37.28915,8.65897,-22.260439,-11.946821,-4.4902735,26.847366,-6.1316104,-7.332926
LUAD:C3N-02529,LUAD,1.0352257,12.27428,-0.5873513,-7.1784043,-26.13932,7.863518,-5.7024946,21.1719,4.863773,4.9870954,6.4044523,6.652155,11.888806,8.505688,-25.338402,16.367,-20.876444,7.1094666,11.08521,3.1410236,-5.2414412,11.963073,4.496092,0.712962,-0.5016993,-0.10187949,-28.559391,1.4569523,-4.9645495,-4.565262,15.08873,-4.7281404,-18.72988,2.0614786,-0.7918955,12.064903,-2.3073752,-14.844198,17.700228,-2.3017828,-11.920856,-4.492426,-38.81537,-17.597755,-18.266218,-8.624548,5.4912148,-2.2004097,20.086031,-14.52693,0.9049869,21.091368,10.397242,-18.864971,-19.801785,4.613779,9.752634,-17.06608,-7.9069433,20.206507,-27.619125,53.183533,-10.758881,12.542996
LUAD:C3N-02572,LUAD,16.414152,13.460242,-3.900295,3.3920352,0.024146836,-14.363054,4.4661994,-6.690112,-1.76109,17.642658,19.092403,6.9445353,-0.58387536,11.340505,-14.582165,1.6432298,-18.136122,-5.3722544,-10.494375,14.999992,4.0594153,5.4318676,-20.151321,9.423347,7.261061,-7.072783,-7.072913,-5.788862,-15.395978,6.239564,-20.15755,9.237721,-6.4246464,-7.151398,7.316107,-9.049339,-5.8293204,19.471212,3.7821426,-10.504567,22.13499,-25.430563,-16.5587,-42.645355,2.674116,-15.228741,11.200235,3.3342383,-2.6626759,-5.2561235,9.6654215,2.4830108,-13.42153,-1.7348125,32.19131,-10.423019,22.687496,7.1671214,-23.20629,-18.377539,-3.1946454,4.988978,-2.0515747,-17.41432
LUAD:C3N-02582,LUAD,-1.63239,3.1343892,-2.5126646,-10.545374,-22.10927,-18.498016,-12.596676,-3.2906983,0.26759595,9.626459,24.168793,5.081032,5.7974215,24.028404,-10.608748,26.266888,-2.8595886,6.584491,6.235111,3.019549,-24.88519,-13.360377,5.897001,18.869429,8.81587,-12.362133,-26.3391,10.319647,4.183824,3.4590023,2.1034017,-3.1293747,-21.933163,-11.588405,0.82215273,19.429403,-6.316616,19.903992,13.856996,-19.411331,-1.9080371,0.6807134,-36.616417,-27.890596,-10.627056,14.770563,0.22496215,-3.1254194,16.496584,-11.862746,24.51054,3.7560496,21.731993,-21.595026,-3.4938173,4.8938994,12.820191,-22.363754,1.3289393,-0.42421913,-9.583781,45.257473,-10.61121,-9.948398
LUAD:C3N-02586,LUAD,4.716743,12.776874,36.24704,-21.19938,-33.039604,-2.9178467,-0.31768778,1.7220665,-28.776333,-4.187089,29.955685,-1.42523,-5.0435457,11.968005,3.3195271,46.010765,-25.010569,-18.896349,14.503724,-8.576826,-16.498196,12.308207,14.476837,-18.00924,6.6458464,-4.012412,-37.658833,3.2832947,-33.59073,-15.809209,-5.5523095,1.5165465,-22.47156,-10.645304,-19.913763,29.158903,-8.594608,-38.28296,35.54581,-13.140067,1.0619527,-17.55006,-62.331657,-54.59819,-19.342697,6.354859,25.174952,1.9933941,16.979956,-16.285927,6.259135,-20.88862,-4.1757503,-15.093669,-4.963118,-11.234883,1.7013407,-8.026559,-16.72637,15.689288,-9.437666,32.151394,-44.245464,1.338191
LUAD:C3N-02587,LUAD,-4.133065,-2.913417,-24.53614,3.5550885,-12.434159,-17.21791,-7.002194,14.711545,-12.664813,19.318907,55.266335,-3.5646653,13.666365,56.418407,-53.30035,61.22574,-41.816853,18.3663,17.393984,38.56145,-29.412786,-11.470095,-18.174,21.552675,44.38865,-1.1711026,-23.633505,-15.4075,28.591488,5.055742,20.102959,-10.193581,-14.552211,-6.612114,27.461521,8.298548,-14.65699,34.24986,46.07481,-40.906258,-31.67339,-24.831396,-59.850723,-35.82453,-15.146476,14.434131,-4.8118777,24.194254,25.632784,-34.93426,28.55955,16.05641,11.33937,9.504555,7.419264,32.08997,21.322233,-12.2803135,19.622606,-45.932163,12.437581,53.8751,-14.215982,1.645545
LUAD:C3N-02588,LUAD,-2.3197587,10.281026,3.8327193,-1.3290536,-28.91816,3.6092858,-14.286622,17.579885,-7.6327558,-5.2824535,35.42218,8.977416,0.5110944,12.170412,-17.73849,8.970331,5.313717,10.820835,4.231145,25.63596,-8.517559,-2.2371666,5.3046923,2.5765247,-7.2644114,-2.3752756,-45.15977,1.0383635,4.4737267,3.6120377,2.952042,-10.657029,-21.869207,5.076047,9.449525,21.84153,-13.209156,7.2168508,10.551556,-4.809063,-9.706793,-5.0721207,-47.161106,-9.007164,-5.962802,-11.403607,-17.901026,-7.6704073,20.914188,-20.077229,10.659965,4.0889935,3.2992716,-21.80284,-3.01008,-11.030886,7.267526,-22.765274,-5.473501,8.237374,-25.881311,55.64517,-15.057197,1.7584119
LUAD:C3N-02729,LUAD,0.7197629,7.097319,15.187382,1.5038061,-48.26926,-0.44044253,-19.452305,13.577364,-12.221471,1.7899646,54.972694,2.5966253,-26.44752,40.818054,-25.864328,14.993311,-16.757555,20.494303,-0.9070971,23.843893,-46.034,-13.875965,0.460069,5.1238194,-4.3277435,-8.493294,-41.03974,17.981918,6.4900446,3.1071084,-14.947771,-11.888767,-50.804615,5.653753,5.8430896,-2.9601588,-18.009104,1.2207184,29.166435,-5.197479,-18.917402,-18.8179,-61.252457,-23.192991,-26.460947,-3.0820765,0.50809586,-12.647983,25.276518,-16.058222,6.5981693,-1.6837803,24.99477,-30.402258,-3.1017966,11.614051,13.226583,-3.221,-3.082535,-11.18641,-20.074875,63.04905,-18.649023,-8.879537
LUAD:C3L-00001.N,LUAD,11.857768,-1.1809558,4.362511,-11.352046,-5.1228504,-2.698248,-6.7800183,4.854403,-15.100293,-23.163542,28.028864,-7.050205,-10.0810795,7.9579515,-0.5153864,63.476273,-55.61111,1.1805243,-2.2878687,5.214306,6.372523,-9.992765,17.291424,-2.8685062,-11.574569,-15.929148,-51.319008,-28.650442,-21.92764,-4.7816744,1.0378572,13.164068,-0.075767905,-12.963121,-9.552657,29.192524,-9.339659,-27.193678,-0.075733975,-1.1288656,-4.161025,13.1045475,-23.658327,-21.461008,-11.590406,-1.225193,-5.1429195,5.627308,68.85185,-45.5892,-31.749147,-29.43553,13.370936,-14.041279,5.280762,-10.614229,-0.63773805,6.8905215,-26.02123,23.805544,-6.6059127,15.018712,-25.056463,-11.883742
LUAD:C3L-00009.N,LUAD,19.366425,7.894655,19.041622,-3.5905564,-38.98771,8.129612,-6.3415766,-3.9671419,-35.2915,-11.57508,24.675436,-2.3318677,5.818871,8.968447,9.442127,42.47763,-52.40373,4.177313,-2.6363683,5.2344465,4.4949965,-0.12793708,14.482487,-3.6370897,-0.028636485,-7.784594,-49.13749,-19.389288,-23.654974,-8.5171385,-0.74777025,13.950138,-16.22603,-0.5002905,-1.2889429,35.610046,-3.8812513,-45.267082,-10.434844,-1.359562,-12.3887825,14.858523,-25.933321,-8.986469,-7.239584,-12.672185,-1.2366263,3.084973,64.204124,-24.40227,-30.956705,-26.412352,5.2284555,-27.99264,-11.9551735,-15.098353,-4.9516053,-4.843309,-24.825663,35.888325,-0.5598134,28.839659,-40.043858,-9.940697
LUAD:C3L-00080.N,LUAD,10.08311,6.559783,18.84203,-10.279778,-15.331027,19.320784,-0.9102343,-1.9198759,-14.771569,1.5572661,25.916376,0.39223656,4.724783,4.9093513,-5.318894,0.8258532,-35.727024,1.5485696,5.4133224,14.462409,9.36297,-4.8464684,-3.0586345,-12.159502,-11.01811,-9.340883,-48.762424,2.7716866,-10.27269,4.6593366,-7.5491424,13.591069,-14.062369,1.3175598,8.443314,23.848015,-3.7866857,-19.952118,-1.8333715,-9.822633,-13.142791,2.1087859,-22.532907,8.291042,-9.740135,-11.219291,-17.5811,-16.817696,47.200356,-26.689474,-8.441275,-16.413279,5.7707543,-22.818972,-3.7852728,-1.9750304,3.0672212,-7.7979183,-4.354446,19.37243,2.5881689,37.863224,-20.283424,-4.6974597
LUAD:C3L-00083.N,LUAD,18.048977,16.878342,7.389606,6.749704,-12.835236,-13.382299,-11.837168,3.4545403,10.348269,14.036131,53.497982,2.8823545,4.7024927,-3.6106796,-13.894562,8.549326,-39.209114,16.02457,-42.192326,4.658688,14.108096,-1.6944895,8.486849,6.9921594,12.687777,-4.9290214,-37.72323,-15.676011,14.052664,6.3876057,-18.97729,-5.7015667,-1.2541786,-4.87584,-5.487674,4.143062,-5.8578153,-8.6296425,-25.574848,-10.428173,-6.27361,-15.762997,-9.28494,2.8821933,-11.594436,-7.005818,-4.70498,-9.77141,52.342773,-16.93204,2.4145947,-7.57694,10.395331,-18.93847,4.6069245,-1.9980356,0.13109636,3.3862581,-42.01923,-7.5452805,5.210379,-10.468646,-12.336894,-11.561892
LUAD:C3L-00093.N,LUAD,19.938025,24.050356,6.8263555,-16.361248,-18.700071,29.36667,12.261527,23.352123,-4.76716,15.933878,54.36493,-2.5316477,8.804041,2.583449,-20.522991,45.422394,-36.436977,24.39729,-29.656784,14.603433,25.468315,-7.5059996,-12.478012,28.78688,8.610388,8.46324,-24.66982,-18.350454,0.4829352,11.247682,6.474708,16.520876,-23.151604,38.114132,-1.4835716,44.51771,11.817724,-22.426426,-13.947989,-24.740465,-22.17836,17.889997,-31.10792,-23.6807,-17.449665,-24.435904,-4.510395,6.941769,84.162056,-17.392246,-9.549124,-34.644848,26.29806,-26.561163,-4.0105753,6.6031313,-0.07261706,-2.0453541,-36.302498,-4.453756,4.8150043,12.417939,-5.4537086,-23.865665
LUAD:C3L-00094.N,LUAD,3.6977355,15.254436,8.782932,-18.521738,13.915689,11.647308,3.6663544,21.020084,-2.454198,-7.019174,29.469046,-9.604283,-5.8679037,2.0429604,-5.6369386,22.43658,-39.15813,-0.2289201,-8.742291,25.905514,11.453671,-7.9028006,7.4348235,7.6724744,-17.150707,-12.908038,-52.101948,-16.30129,-18.596836,15.002521,-11.719717,15.374381,2.8400412,-11.222545,-3.279825,38.98183,-14.9517355,-33.40986,-1.819611,-6.630683,-5.3503036,16.935287,-16.948673,1.9890205,-7.895888,-8.789418,-11.3105755,-21.622042,78.849525,-42.133602,-24.263334,-39.051342,-9.4403515,-14.541121,-7.12389,1.187298,-6.7262053,5.6507006,-21.39744,20.74095,0.10995745,17.275368,-23.461845,-19.480564
LUAD:C3L-00095.N,LUAD,33.555298,9.076508,24.554028,11.403984,21.965788,6.2467146,-6.1010437,19.44516,-22.403988,41.40852,20.3506,-2.226867,-13.163428,-1.1133866,-14.972753,10.713165,-35.02972,-18.693672,-20.829992,-10.130292,23.046946,8.830749,5.488862,-6.435445,-17.458017,-6.619959,-40.213318,8.336551,-2.1034997,-31.512915,-24.100437,-11.237013,20.593504,-3.861529,-23.901726,3.5601394,-19.175287,4.2513328,-6.0720415,-4.22696,-14.409157,-0.42505527,-24.621002,-36.338768,22.285378,-3.5082145,2.9313695,7.660116,60.420498,-4.442356,-9.466997,-2.7648833,-1.826189,-0.46957898,-27.774975,3.26879,-0.79719853,-0.12599874,-21.690182,17.284973,-7.4315896,3.9489238,-27.168272,-4.1777
LUAD:C3L-00140.N,LUAD,10.862747,38.883778,7.8694463,-30.560778,-21.654573,11.67191,3.1407883,-4.4442163,-20.460844,-16.02888,13.422392,-9.120905,-7.073,9.693344,4.701268,52.873375,-39.789093,-2.773519,13.081846,6.1747384,13.598288,7.8104753,9.571639,1.1554375,-23.917484,-13.139806,-54.428513,-10.450118,-29.007477,0.46012574,-6.3346405,33.57628,-13.558111,5.2304325,-5.7189336,32.189003,0.055081245,-35.671494,1.1546887,2.7633784,-3.562618,16.536879,-16.69142,-17.331758,-14.166323,-7.124347,2.423115,-11.777857,70.52043,-46.23936,-36.50252,-28.294783,5.9445252,-17.681623,-19.915749,-9.48969,11.959938,1.5223078,-19.955269,43.364063,-16.084656,43.72111,-42.087498,-11.8860235
LUAD:C3L-00144.N,LUAD,-0.048022375,13.638763,5.9297514,-1.3135798,-23.922466,1.6188414,-11.90977,6.3200006,-8.5474205,-10.219849,27.947023,-14.397069,8.624161,17.06643,2.1578448,28.75341,-41.309288,-9.016603,-26.774538,3.9465718,6.5441694,2.6974738,1.2542686,-12.492261,-3.0887303,-12.587732,-36.58214,0.091267295,-11.093058,4.330262,-21.513704,3.5046482,-15.30915,-11.933773,-1.8687416,4.380664,-15.615821,-12.710066,-19.400148,9.120289,-4.242511,-9.628883,-15.685959,-19.966719,-1.71743,-8.981451,17.993076,-11.60584,25.64617,-1.794884,-22.88483,-6.465796,6.302797,-14.662375,-9.497703,-12.092288,-0.36542773,-9.247103,-36.636185,6.3485146,6.8337493,17.661398,-37.80166,-2.4933243
LUAD:C3L-00263.N,LUAD,11.568534,-13.16658,-10.516782,-5.534493,0.84986144,5.368298,-12.289414,28.494577,-6.5483656,-9.023964,39.945908,-6.9409895,-21.326832,5.9927945,-16.717001,43.222557,-36.00851,-14.091572,-2.792713,23.325764,17.175919,-19.863579,19.640747,3.8771596,-14.934989,-15.3169775,-45.33501,-21.412666,0.059039358,-7.8657374,-15.144101,5.9334626,7.4040246,-15.710303,-5.5097904,29.346392,-15.132245,-12.51256,4.7537217,-10.770626,2.3001585,9.677244,-20.103428,-8.194482,-7.6687083,-4.407252,-18.86617,6.4424143,68.73975,-41.713955,-20.345228,-34.33318,-2.5644424,-5.386134,5.950059,5.800625,-9.506371,3.8198912,-9.88442,20.331522,-26.988482,-13.498565,-21.490961,-12.116418
LUAD:C3L-00279.N,LUAD,-3.56146,2.7864363,-7.2892375,-16.342169,9.716032,13.389518,-4.804288,38.76852,5.67168,1.7274901,41.461895,1.3104904,-13.186991,1.104382,-11.164541,53.19332,-20.445728,-15.440637,-0.9974072,16.37997,4.0989223,-9.193211,10.546839,17.384483,-3.6760554,-6.0390015,-25.925873,-9.521844,12.112495,-0.6725571,-19.22359,7.7102056,11.734058,-14.465954,-0.9860033,24.390076,1.0218924,-4.888591,-5.741406,-0.26546276,8.119938,16.692225,-9.067491,-14.941385,1.0237751,-9.332622,-5.4676332,5.9387345,48.759148,-38.25197,-11.033746,-26.389093,-4.364115,-6.2839274,-3.4137514,17.62954,-9.897316,2.0025578,-12.595914,3.9775286,-24.093119,-4.935011,-7.618547,-19.273546
LUAD:C3L-00368.N,LUAD,24.789104,17.922853,12.628921,-11.837013,-26.818153,10.485035,2.7334425,0.82260853,-9.811126,-11.933233,20.413107,1.6149769,0.6551016,8.905514,-5.4128857,2.382674,-27.178486,-0.80937445,0.8373836,28.02298,10.575885,3.6077864,1.9260452,-4.9537783,-12.909618,1.0932343,-52.914783,2.1234741,-20.564322,2.8398528,-8.792494,15.820628,-16.357244,3.9220448,-9.858058,32.508865,-18.176119,-31.422396,1.0965177,-1.3029355,-15.820431,11.53635,-17.71709,3.3504086,-2.8869133,4.006265,-12.959141,-18.136267,72.076355,-22.018196,-12.1323595,-24.709452,-9.171527,-21.04237,-15.217821,1.9794946,3.7790697,-7.721987,-25.105875,35.834145,-2.223231,30.5395,-19.722155,-6.57324
LUAD:C3L-00412.N,LUAD,2.8346891,10.795727,14.772477,6.093699,-2.642761,-0.60858846,-6.166943,11.537444,-5.355057,17.21161,4.343514,3.7249303,7.1597815,0.1755028,-2.4968107,11.213573,-20.631437,4.4213367,-7.398874,5.6400795,4.4391265,7.6309457,3.000869,0.77109104,6.4437284,7.914976,-22.746925,1.0092072,3.2764895,3.9825506,-5.96855,0.37722832,1.1349927,-1.8794626,-0.37442553,-1.1140383,7.146477,-5.286878,-14.675561,5.578555,-3.897243,-4.4254107,-12.64635,-11.063241,-0.83036095,12.51789,5.8965216,8.61311,30.597038,3.6469834,-3.2644134,-7.963445,3.1366072,-0.2330506,-14.699661,4.431185,-5.154289,8.330936,-21.03816,1.4380637,21.048761,1.646004,-12.379806,6.4299664
LUAD:C3L-00422.N,LUAD,14.323516,1.7157356,15.65698,1.817816,-14.826655,10.66997,9.297976,-0.06938732,2.758906,16.169935,34.976135,1.6244574,-1.14783,-0.7214503,-13.447333,-9.779632,-25.199366,11.397759,-36.246155,20.482227,13.274034,2.779962,0.16610938,13.460981,11.315423,18.181982,-37.73738,-8.005595,6.556004,8.83694,-3.602612,6.1830277,-13.190662,3.7262154,-6.0003257,24.08175,-8.923194,-21.200182,-16.270693,-7.176245,-19.548079,4.858034,-20.056087,3.6212673,-3.4242485,5.829448,-7.2913613,-11.874057,74.394936,-12.004917,-4.6654496,-28.01303,-2.145778,-18.342157,-6.397209,9.784249,-8.213329,5.5116935,-32.452137,11.381974,16.369722,5.9608703,-4.9672575,4.60387
LUAD:C3L-00510.N,LUAD,10.852043,27.82998,-3.6088965,-22.772305,-8.041042,30.762518,3.5436797,21.967102,-6.0598483,-0.9933344,32.60282,2.4216366,-16.266136,5.098929,-8.913471,47.267952,-35.523663,2.3747761,-0.0865843,25.326984,24.716488,-13.928467,9.298088,15.545226,-13.089769,-9.121636,-41.57083,-15.44189,-3.7210805,5.17677,1.7376915,17.798784,2.4772158,5.2652116,-7.117895,37.2231,-6.806517,-12.579063,-2.0886524,-4.057222,-4.3180933,10.733819,-12.717689,-20.014826,-8.066358,-16.640526,-14.067839,-0.37916207,81.63517,-41.26517,-25.07464,-41.17084,-3.0862699,-13.208996,-7.716027,-7.2360544,0.5976535,5.596922,-15.421929,31.541729,-25.520247,4.5599275,-26.228468,-23.769386
LUAD:C3L-00604.N,LUAD,21.946342,3.4708219,1.0435503,-20.400824,-6.8768063,20.830235,8.663192,25.687565,-15.030095,-8.392215,35.504967,-0.9822493,-26.366879,1.1478798,-2.3931606,55.395523,-48.31043,-0.38883412,-8.489802,12.204293,10.728666,-9.950074,20.414875,10.444731,-11.77644,-9.644268,-37.433155,-19.814388,-19.539272,-3.816253,3.6599865,27.275167,-7.2027197,-5.412649,-16.89053,32.453777,-18.881008,-25.379528,-1.3644618,-0.8716346,-7.6085043,10.667041,-12.608058,-19.603397,-1.2098947,-3.2181168,-3.439484,1.8483813,76.21453,-32.23632,-29.616343,-35.528885,-2.8824377,-13.575238,7.0649357,-0.7553192,-4.417515,1.4432093,-23.093023,30.355806,-12.675189,5.5477395,-26.943285,-22.61715
LUAD:C3L-00893.N,LUAD,8.870202,-1.6632832,-4.4317827,-2.868493,3.9496343,10.944887,-1.5393047,16.87034,1.2259238,5.4537535,27.5936,-4.696121,-7.641884,10.5747385,-18.135504,34.307514,-27.787085,-3.0474799,-9.910112,14.690643,14.127214,-11.380575,13.0921,6.4991817,-5.5093865,-2.0050528,-27.026964,-11.818423,-5.66813,1.4727722,-7.8319645,10.048365,4.4841423,-9.095848,-2.8674247,21.710012,-11.93651,-0.55569315,-0.043196633,0.09687925,-4.4526567,14.610086,-12.794756,-0.061951376,-2.853436,-5.4378343,-8.931997,3.3937113,53.425453,-31.939987,-16.350965,-28.922346,-8.714176,-7.347451,5.772816,7.0932646,-5.0006537,1.6894366,-5.8156486,19.488811,-17.316397,-8.6685915,-14.7782755,-15.441701
LUAD:C3L-00913.N,LUAD,-20.790188,19.556074,6.52315,4.5575514,-7.74265,14.569351,6.438458,41.370567,14.6332445,15.481768,47.52459,-11.641791,20.103033,1.2584145,-13.1493225,41.63476,-17.02136,-14.480197,-14.838494,-7.528774,34.202713,6.35593,-4.3937836,42.24041,21.774055,20.351532,-30.841755,1.3571715,21.448126,9.015233,-13.270479,-2.5687616,16.64528,-7.8203316,-11.717933,23.757286,8.064229,18.259398,4.5479608,-5.2242684,-4.6050725,14.677295,-22.880486,-24.509884,-1.1558435,1.1684318,-3.1281745,8.800673,39.774605,-32.58184,-21.064114,-21.826992,-5.106013,12.451134,-24.2441,13.846412,-20.44281,3.5206406,-27.979307,7.313979,-6.821382,-20.018599,-12.720955,-13.470658
LUAD:C3L-00973.N,LUAD,-4.548485,7.8449855,7.7183213,-25.449385,19.596388,13.131332,2.8263972,22.379318,-2.6194205,16.797758,18.75929,-0.2570608,-14.438051,16.038265,-15.055874,49.653748,-28.658976,-18.761988,-4.84235,29.567951,12.12924,4.191824,4.818113,14.455044,-16.652304,-1.5494001,-36.900352,-15.780741,-3.651059,12.8555975,10.556917,23.719843,11.762111,-3.7658982,-8.218774,13.894773,6.911904,-5.7271304,-19.91386,15.589604,7.0422044,-1.5717156,-11.129318,-14.248374,-1.302017,-2.779707,-2.1248755,11.194378,65.35067,-33.7016,-16.391798,-13.729995,-6.709722,-11.767803,1.6147753,0.5489691,-11.78034,1.2683886,-10.735854,44.93798,-11.451012,-0.4687397,-34.50463,-19.971529
LUAD:C3L-01330.N,LUAD,2.8809621,1.0233918,11.58011,0.9296612,20.289938,19.134315,1.5180123,17.373993,-1.2054871,22.911684,20.702435,-0.7965651,6.168949,-5.2823524,-15.517436,31.494614,-34.186832,-21.506657,-21.33734,2.0529714,18.377348,9.541753,-1.1188548,-2.886147,-8.149917,10.318726,-22.587934,-7.22357,3.3372395,-13.226188,-1.306715,-0.21256904,5.4862924,-9.505703,-12.110099,9.120165,-9.956367,20.047497,-14.768843,-9.197323,-2.6902792,15.672894,-14.806444,-21.11318,8.082042,2.8159811,1.741671,9.94321,44.028656,-17.459778,-22.617147,-3.1675205,-4.4452996,-5.099036,-11.608687,21.594505,-8.547815,-8.410738,-4.6022367,20.67556,-12.714847,-13.863429,-18.642118,-11.871205
LUAD:C3L-01632.N,LUAD,16.525915,37.384644,12.496085,-12.61375,-9.841988,8.337368,14.010982,0.9158643,-12.390983,-11.945527,24.218874,-8.974942,-5.766691,3.4609597,17.777723,31.969284,-58.395084,-2.1930044,-11.308356,17.970789,23.157753,-0.57080436,12.367914,-12.962205,-15.620321,-13.7381735,-35.866272,-13.102096,-9.756754,-19.852158,-20.026436,10.566924,0.13928756,4.559239,4.2551217,40.024914,-23.706434,-23.886732,-9.715235,-15.639755,-2.000461,8.226131,-16.530304,-13.316472,-10.484195,-8.392504,10.741249,-8.210864,66.126015,-35.40877,-23.30743,-24.265265,11.838809,-36.973736,-0.46465325,-3.147673,2.6519513,-10.5785675,-29.485762,26.141975,-24.056402,24.45111,-37.5124,-19.760971
LUAD:C3L-01682.N,LUAD,10.184489,8.35742,12.424369,-1.5836987,-6.670512,2.7664204,-4.972196,15.816799,-0.18745445,4.3599453,21.960278,-4.392243,3.4834616,-1.2139404,-8.645107,27.303284,-22.912859,5.956826,-29.254925,8.576282,19.797882,-10.712808,9.479033,4.9877625,-0.3165324,2.593923,-30.787579,-10.86293,2.119884,1.8721849,-9.463997,7.8231907,0.12436351,1.3083187,-0.8637339,28.983326,9.086439,-21.160645,-17.35473,-1.5727373,-7.80976,18.193296,-8.861409,6.4424906,4.4333243,-3.9912567,1.6676756,3.6568012,56.105152,-16.47936,-16.008081,-29.366755,1.5065489,-10.3584,-9.527555,9.058757,-10.457698,-2.8733578,-22.044897,16.166386,3.573616,-2.4182022,-11.329652,-13.266547
LUAD:C3L-01683.N,LUAD,21.190037,7.700885,11.857404,-4.5104823,-17.167,-1.7845156,-1.0175688,-0.41913605,-0.23201917,-1.6743246,28.578003,2.9251504,2.0678842,4.301003,1.4104167,11.394354,-47.591667,4.100414,-32.310337,15.010706,7.1337667,3.6782806,9.474994,-12.346192,-7.0555215,-10.467257,-42.718544,-5.640428,-10.334016,3.0078366,-10.797475,6.311856,-3.355935,-5.4398212,0.15338401,21.65781,-8.427886,-26.77737,-16.870413,-3.3773851,-11.859087,4.085861,-6.8714128,0.9714521,2.6186624,-4.750141,5.579696,-0.57279754,61.94072,-14.309873,-8.928122,-16.92779,5.910596,-24.213335,-0.91433597,3.2834296,-5.2757297,1.4110965,-30.766998,17.434772,6.294715,2.4747262,-17.792742,-16.343483
LUAD:C3L-01889.N,LUAD,-5.1472006,12.971364,8.156638,-22.919437,-4.3311043,25.340044,6.418718,19.349045,-12.019502,0.913751,16.332544,-15.786389,-23.396847,18.371248,-16.442654,37.13188,-33.98114,3.2392714,-6.927432,34.387875,12.504276,-6.75844,11.421783,1.7007525,-17.93275,-3.3688145,-43.287792,-13.378674,-14.468115,-2.965019,-6.93078,15.562079,-9.773844,-1.1945249,-0.3491112,29.294706,-18.491982,-34.899654,-7.065277,0.0836233,2.8260348,13.289244,-13.4112835,-19.340958,-10.990138,7.1799994,-18.111506,8.665579,57.8771,-32.717022,-19.928997,-35.279617,3.7161162,-15.931484,8.596559,-4.9925895,3.0503094,-0.17665638,-7.1988063,30.82472,-24.888964,4.6073513,-19.601969,-11.480541
LUAD:C3L-01890.N,LUAD,8.130778,17.04788,21.359589,2.8830743,-2.102619,-16.828009,-11.5968485,6.017611,6.7349567,21.223276,27.88272,-8.634175,6.487119,14.245209,4.1696386,19.938251,-42.378277,-8.842233,-22.856932,-9.640472,8.049879,5.3443613,4.9914703,6.744347,5.080294,-4.190662,-35.952003,-6.6485424,-5.0356174,-3.9918978,-12.761173,4.7898083,7.233762,-6.586014,-14.1792,11.997549,-7.265165,-12.959781,-28.574318,15.136457,4.0570016,-13.418893,1.1024553,-15.285755,-0.38481596,2.8317618,13.815474,1.3139119,35.63049,-0.65006393,-18.351027,-9.516575,11.182733,-2.3828,-6.369506,-0.73745126,-6.7952056,19.350178,-45.457607,-5.3945646,23.688799,-10.004174,-13.849204,-3.2241776
LUAD:C3L-01924.N,LUAD,17.79722,9.0325165,2.0303285,-7.9363184,-18.170052,1.3664975,5.5542617,-12.790966,-12.282762,-9.588449,23.316973,-5.212657,-12.166798,5.5753765,3.1366389,28.33008,-54.355602,2.031452,-25.750828,12.055217,10.48575,5.403591,10.993473,-12.872933,-17.866291,-14.709403,-37.340485,-9.414225,-17.126476,13.086364,-8.533361,-4.5955806,-5.9867706,-6.8488874,8.786033,27.846056,-3.278977,-1.9511857,-0.24128897,-14.770857,-9.638044,2.5287511,-13.834065,-23.871204,-3.9338558,-1.8529928,-5.1057944,-3.6455872,59.437042,-25.527802,-23.328615,-1.4923719,6.8014593,-10.086746,9.807708,10.511937,-16.457443,-0.46076977,-18.533703,18.163628,-4.2368207,20.7822,-32.24661,-12.949472
LUAD:C3L-02219.N,LUAD,22.835716,15.24817,18.293488,-19.728777,-17.88383,3.860592,7.197062,6.2750497,-13.967864,-12.330362,34.939293,-11.22281,-10.917273,15.381324,0.1920015,21.796417,-41.171856,7.567088,11.940884,19.565153,2.9869533,-3.903754,6.591769,-5.1616116,-17.062511,-13.85661,-57.324127,-2.9292736,-29.167742,4.399517,-15.636182,20.388805,-10.026437,-9.751682,-5.6866117,45.061157,-17.323263,-40.067333,12.395023,-5.766083,-7.010662,13.456406,-27.184336,-0.40890524,-10.763456,-1.3299103,-15.012443,-25.100458,84.41356,-46.45548,-20.569855,-42.858658,-7.8002973,-17.728752,-10.023624,0.87671643,-0.5235863,2.644724,-19.877443,38.319206,-4.965938,44.634407,-34.266834,-12.75515
LUAD:C3L-02345.N,LUAD,14.946427,12.870126,15.891089,-12.224348,-15.673327,22.760979,2.7235084,1.0617064,-7.460559,3.2679205,28.474215,4.5060673,-9.504902,-0.49424347,-13.053773,-1.1303612,-24.106447,6.3969517,1.0628026,39.251057,14.60162,0.45756745,0.17054969,14.529834,-9.257534,-4.1071906,-55.43342,0.971754,-12.4952755,1.8802928,-2.6048608,13.705699,-5.8574934,11.192666,-0.8608669,27.751549,-10.91266,-14.484589,-3.303125,-7.1869082,-14.405483,12.191018,-19.73715,-2.6927545,-1.7890987,0.48318884,-20.402924,-15.440303,82.75469,-33.15665,-8.119184,-34.439552,-3.5692892,-10.9633665,-10.177842,3.2312405,7.289292,2.1513746,-16.302916,30.184423,-0.22760022,25.227211,-12.104228,-12.125005
LUAD:C3L-02348.N,LUAD,15.242346,6.629133,17.32524,-12.928801,-5.1071577,11.07243,-0.7199873,1.7998445,-8.596215,13.798994,26.81616,-2.6781898,5.438539,20.000874,-9.643705,20.878124,-34.760906,-11.222046,1.2764502,13.531688,2.9221046,11.140338,-4.805154,-0.1717505,-15.473616,-5.6363945,-38.564293,3.794217,-6.166367,5.1782794,-2.7201376,13.813546,-3.8156009,4.0585027,-7.2375045,17.432568,-7.399416,-13.130703,-12.440744,11.306468,6.523332,3.3102994,-14.896981,-5.9632587,4.2158265,8.645758,1.9824615,-10.4882145,53.772133,-20.60421,-5.9303937,-3.53429,6.109865,-14.113053,-9.881219,-0.9362019,-2.3893409,-2.128895,-19.748062,30.876356,9.204189,33.1413,-21.141417,-0.9817615
LUAD:C3L-02350.N,LUAD,14.48949,17.821018,15.370508,-21.122286,-29.921736,10.824463,4.060212,10.146879,-12.767486,-0.77144086,42.089417,-10.325618,3.1118438,21.028227,-13.162809,8.621102,-41.04111,12.110064,-4.2525177,53.780415,6.2385583,4.9393806,1.2127655,-12.3325615,-3.4837384,-6.406202,-50.266403,-0.80102736,-4.2464786,-13.096701,3.6678758,-6.266987,-3.9644995,6.9711194,-6.9294515,20.826385,-19.367651,-25.918581,-18.414352,0.5171746,-8.440235,-10.832166,-30.284456,-6.3006225,-7.771004,14.008234,-13.388293,-12.22137,56.625725,-14.866142,-8.795698,-43.08447,-2.5405645,-30.159023,7.590841,8.006503,6.6057467,-14.589916,-27.947805,42.227123,-8.639883,10.342638,-28.457394,9.017425
LUAD:C3L-02365.N,LUAD,-10.769475,5.3572226,-4.587894,-2.30963,-12.249388,6.6056066,-4.956452,21.092148,-9.461634,-0.90144086,15.011014,-8.137544,5.9838886,12.048107,-8.46762,25.37621,-12.20116,-7.0833154,-7.6843243,10.290145,11.65973,-3.9685323,-1.7069166,5.3478804,0.36612198,-0.20266952,-18.055355,-7.3958316,12.176154,3.488068,-3.0880513,0.68124443,-2.319333,-6.84909,4.6749587,-0.09497731,-0.76256204,0.7134415,2.4252884,3.0057657,-12.693214,-6.287189,-13.194656,-11.059808,-2.9696243,-0.3706303,-2.7878509,9.666352,22.253452,-16.250053,-4.0567307,-9.63025,4.726932,-0.64113885,-2.0578544,-0.7558491,1.9702668,4.333847,0.13992414,7.740103,-1.3592912,-3.0030499,-20.058533,-2.825684
LUAD:C3L-02508.N,LUAD,4.283962,-4.9023967,12.898948,-23.297297,21.845724,8.592811,-7.0504956,29.447636,3.0678349,32.98598,44.323265,7.637924,-20.076803,23.8171,-29.98932,52.864872,-26.251402,-20.671352,3.7339618,33.526974,-1.2351345,11.756557,5.554058,27.56741,-15.15352,-13.871506,-52.33484,-11.998243,2.953822,24.283037,12.479031,16.081774,14.677993,-13.045316,-16.618616,-0.80510646,15.332662,24.511475,-14.497282,15.322757,22.903868,-8.996077,-19.325884,-21.507072,-5.4479146,1.2567385,3.9354193,4.1057277,67.65736,-39.341526,-2.5831265,3.7763,-4.631942,-1.0609121,1.2616849,-3.647597,-28.873667,4.267703,-14.558334,51.596817,-3.9918973,7.574151,-29.17817,-31.934666
LUAD:C3L-02549.N,LUAD,3.8197558,25.297022,-5.9320884,-18.951313,-9.6746235,19.41261,3.0126016,22.731503,-11.519994,-8.050191,20.094213,-8.019498,-12.418996,7.3704844,-1.6813024,45.517624,-30.436495,2.8093789,0.042356282,23.513514,18.242981,-8.355455,11.676161,10.422867,-17.616436,-6.4314547,-35.23889,-19.0721,-6.6350827,6.7830153,-4.339307,19.561203,2.908369,-4.8798957,-5.373306,32.24345,-9.84332,-22.733326,-2.663716,2.5595434,-4.7924423,14.396987,-12.361822,-15.406794,-7.351677,-7.096589,-10.361068,2.915333,68.99143,-40.92923,-25.233183,-43.182858,-0.46208873,-13.30431,-6.1638403,-5.951986,-1.0566292,5.328278,-9.12588,32.297604,-21.607115,6.7391343,-31.079947,-13.283151
LUAD:C3N-00167.N,LUAD,31.590353,7.395832,-32.018837,1.010551,-15.751972,-20.868196,14.117642,-13.622306,8.144407,-37.180367,16.171423,6.2130146,18.798101,18.183075,-3.7629306,56.05972,-74.40046,5.0420036,-16.16412,-10.731325,-4.4493093,2.1463368,3.5392344,-21.993834,-26.198019,-8.687464,-45.995724,-29.12113,-20.825922,16.378384,-11.306173,-6.975282,18.479982,-10.2198925,-17.270288,7.242052,-27.731434,0.16191939,14.969922,-0.54618967,17.078363,12.318241,-10.818873,-57.442616,0.8973587,7.0222826,10.5159,0.79465413,54.28112,-45.039677,-17.465822,9.6461115,24.770138,-7.9388103,-13.097227,-31.633932,27.528027,16.324572,-38.880512,5.214077,26.729622,61.293613,-29.611732,-0.5135545
LUAD:C3N-00169.N,LUAD,5.4483485,18.302073,0.78552175,5.456954,-9.796588,-19.747318,-0.54086095,-3.0917237,1.163324,2.1111572,23.866316,2.2262323,20.714453,-2.022535,-7.9591036,13.032574,-35.138954,18.542767,-42.192596,-5.740234,17.264174,-5.2639437,-4.761792,1.8455496,1.6404188,8.983719,-13.90098,-0.13090807,5.6799574,8.035416,-27.10292,-9.807357,-1.7626446,9.716197,6.6586595,-8.151499,-1.338015,2.3905413,-21.312218,4.001212,6.419405,-12.065245,-10.486727,-14.357529,-12.197631,11.670792,0.25781336,-20.086403,19.484179,6.1058416,-3.6238172,-6.235475,4.5355067,-5.881176,-10.349894,7.0081563,2.5959926,-13.494908,-30.030258,-8.922763,21.253326,20.835062,-32.042366,-2.379013
LUAD:C3N-00175.N,LUAD,-8.482527,26.387913,-4.105161,10.937124,1.9213853,-6.116343,-3.6768358,24.104,24.299486,3.9010983,18.118605,-6.0269933,11.905384,0.8909464,7.2614317,41.54574,-35.160965,7.347068,-30.239899,10.77429,36.340446,-6.315851,11.147228,13.749679,-15.453056,16.455368,-19.814037,-7.59271,23.404732,16.88516,-36.369133,-14.908666,16.11592,1.3332981,7.3000765,-3.6532733,8.474835,23.999966,-8.245827,7.3123326,8.787505,16.292202,1.888992,-7.4543934,3.6495535,-0.8273525,-8.690901,0.41100144,30.230486,-37.39222,-13.329591,-23.825188,0.89367193,9.136846,-18.016376,8.8166275,-10.049326,0.55305827,-1.7292682,1.6264913,1.7592573,-2.298131,-35.784298,-7.108415
LUAD:C3N-00180.N,LUAD,2.9599988,10.288613,5.293309,2.1674578,1.6602767,-6.8149104,1.6040595,11.503349,-0.02352713,14.5838585,0.69180477,-15.721077,2.0963848,-4.621449,-3.104818,21.052525,-17.950594,-2.4435792,-23.833975,-0.11109838,12.033289,-5.4306784,-7.2727413,-3.5560331,-8.689288,5.5011497,-12.136586,-0.64991957,1.7517183,-1.6142763,-19.658018,-0.02449064,10.096801,-0.35835108,4.6871285,6.755439,-2.0305574,-4.592706,-7.9717584,8.593594,2.3039172,0.15883726,-7.7261577,-14.478057,10.103657,3.4089053,-1.0601095,11.023055,32.07184,-6.814376,-12.436029,-19.866974,-3.2145414,-11.914647,-14.09021,0.48252967,-6.702502,4.660829,-7.8776517,3.7331276,-5.405889,-3.0415967,-27.825043,-4.9080644
LUAD:C3N-00199.N,LUAD,11.832784,-1.2802371,5.386931,2.844344,-10.19934,-3.9726496,-0.39275697,15.051212,7.8997808,7.271376,40.193356,5.8265934,-0.44846648,9.050934,-8.18135,24.05726,-47.37046,5.981156,-29.73286,-2.0716345,0.44674549,-6.8874874,9.762865,7.8479366,8.385037,1.1152182,-30.113007,-14.025082,6.7426133,5.247238,-12.452751,5.4572487,0.67076695,-9.275754,-7.0267625,10.334531,-8.859276,-12.541292,-10.584181,-0.24523807,-13.295055,2.3480866,-6.1506915,-5.869876,4.0464287,-3.7307208,2.8175032,11.540891,59.212975,-11.34003,-7.4449797,-15.279209,2.1295831,-11.272007,4.1027875,-11.695646,-7.3595557,8.48151,-28.41337,7.3185225,-0.054130323,-13.589278,-8.531988,-12.45337
LUAD:C3N-00203.N,LUAD,7.041938,1.106656,16.655388,-3.3047063,-3.2562635,18.872206,14.22144,7.7179465,-9.948182,13.94467,15.498426,-4.8335795,-2.2885985,1.7097707,-1.199551,26.14037,-46.0889,-8.019729,-20.985575,9.72977,15.565538,7.0215855,2.6506925,-1.2380396,-7.283029,2.0422432,-28.257198,-1.3174379,-11.850101,-14.561894,4.8099303,8.567021,-3.0030951,-8.744386,-10.170634,17.690027,-13.654735,-21.992067,-18.743372,-7.0119123,-15.933907,9.863264,-12.123518,-18.446783,1.7973194,6.12886,4.260887,8.143621,57.822617,-10.661519,-15.050051,-18.32484,-5.4945393,-20.159214,-4.250682,7.7064104,-3.716422,-4.1402874,-18.692345,33.40666,-4.943032,-3.7577276,-26.653135,-3.6670308
LUAD:C3N-00217.N,LUAD,0.34217998,29.541052,-3.1997478,-2.4902315,8.31,2.8322299,-0.68214005,17.454758,9.764373,3.517827,14.635688,-0.38124278,5.810314,0.95792603,5.5834417,38.261574,-29.358107,-10.971098,-17.179811,2.9619493,24.17692,-1.0699699,2.1873333,2.9993532,-10.11837,0.5032413,-11.282587,-2.163618,8.285471,-7.3658366,-26.558748,7.652167,7.6459413,-3.4932988,11.384982,5.655575,1.4923893,5.390027,-15.065147,1.5741235,7.225912,10.82112,-2.1425757,-13.727868,-0.0401183,1.518099,10.385963,10.731799,32.679924,-27.780153,-9.837425,-24.220905,-4.5976253,-13.372573,-12.109219,13.908153,-2.8425405,2.9350226,-2.9774497,8.487537,-10.420482,-1.4333215,-23.331827,-14.141373
LUAD:C3N-00223.N,LUAD,10.859092,21.079683,7.2037487,-20.91438,0.98382074,10.995935,6.327014,7.4696016,-13.975238,-16.40679,25.075865,-5.224573,-0.8904545,2.0205927,6.7789383,32.781708,-50.86613,-1.9387819,-9.146688,21.783955,6.3611035,-1.3793733,8.9728,-5.752225,-20.216843,-14.359152,-52.777344,-15.421115,-23.459887,7.213162,-16.08415,17.514435,-3.2115102,-11.112328,-2.478723,34.868362,-16.054665,-40.63927,-3.5664265,-4.2453895,-7.714339,16.210491,-16.838701,-8.013307,-15.867978,-11.896076,-3.6810882,-22.261032,78.84884,-40.919037,-31.574291,-37.903423,-0.17565875,-19.058212,-4.283764,-0.17682073,0.52588534,6.7091312,-31.381899,30.367376,0.45783305,28.000988,-31.75998,-19.197252
LUAD:C3N-00293.N,LUAD,14.792447,-0.6270149,9.842405,-2.4188573,10.996417,0.2164724,-16.270214,9.179363,4.4259453,-8.968225,44.022285,-1.4402649,-7.4152794,-3.917689,-19.274359,43.411022,-34.21593,-3.4182975,-35.75881,13.315968,10.894254,-15.2845545,17.223183,11.417578,-5.799359,-14.706382,-40.155403,-22.53081,1.5996525,7.1367054,-7.055837,11.359192,2.8128724,-3.6775708,-5.637081,12.62845,10.823274,1.1610911,-4.2704887,-9.550267,-3.6051147,22.171808,-5.8001275,-8.067253,-8.5815,-12.045583,-6.710329,3.7559497,65.81861,-39.525173,-9.96707,-15.361914,4.2725325,-13.504934,9.516855,8.434278,-11.226279,-3.3033235,-13.388913,17.944426,-3.7262232,-12.5629,-2.7772677,-45.535404
LUAD:C3N-00433.N,LUAD,0.36988664,23.296877,-6.4800134,-11.8564,-5.9453826,1.7400377,4.751637,13.27628,4.0095434,3.5936973,8.161015,-5.971585,-4.273607,-0.18255302,-0.84758455,36.25812,-32.62653,-0.061286096,-27.764256,10.689661,11.207497,7.387665,-12.78918,3.9634387,-23.414534,4.0573897,-18.623665,-5.274732,-2.7829416,9.490141,-10.891712,17.22048,1.011614,3.8840349,6.1405244,21.300898,5.473535,-14.375765,-3.1090558,2.921765,-0.06692285,5.562301,-6.336487,-25.68081,-3.0054214,-2.6311536,7.127823,7.7519984,48.36737,-28.239498,-17.48502,-15.989153,-2.0846515,-11.112097,-11.615041,7.088313,-8.369967,7.405149,-7.787641,12.158197,-3.3037984,10.300217,-23.454403,-17.367178
LUAD:C3N-00545.N,LUAD,7.222284,4.8618817,13.114179,-4.3089714,29.651878,5.4320583,6.554614,41.7875,-16.312704,37.75719,36.36335,-1.4456329,-13.3406925,14.436797,-14.560754,26.440575,-28.335913,-24.20116,2.7846081,-12.2407055,16.435131,8.304643,4.8074317,17.124165,-11.149042,1.5252987,-36.20247,-4.6079717,-0.83915323,-20.389832,-19.14059,-0.51282674,21.147081,-13.237595,-28.138512,12.95966,-14.386873,24.228216,-1.6045069,-2.2880692,3.1869462,7.5485587,-17.333838,-28.829699,3.117807,-9.265196,-5.368587,8.174001,46.13143,-28.859571,-27.989828,-5.7082896,-9.362083,12.938871,-19.525808,5.0845804,-23.807747,-3.6759992,-12.176857,32.81869,-25.012907,-7.1374426,-15.756146,-16.39796
LUAD:C3N-00546.N,LUAD,26.462362,19.97817,7.0459576,-3.6671677,-23.416567,0.12676145,-2.3361914,13.543114,-23.986721,0.28260037,14.312464,7.056355,-0.9376289,8.891745,3.1183016,17.472733,-53.692463,11.265224,3.0413945,32.985752,-4.452581,-2.7558844,16.039345,-3.1841054,-16.153301,-4.498103,-65.57365,-10.014029,-25.595642,4.9684353,-17.1608,12.690501,-2.063305,-0.44168386,-17.417854,34.114265,-17.932365,-42.27975,-6.1359005,4.8960767,-3.7648685,9.783647,-15.592965,-6.5535707,-16.89008,3.2432508,-15.637636,-2.3063524,88.527596,-38.293552,-18.421621,-50.70575,-14.7557535,-21.61868,-15.191019,-5.572739,-1.5510494,10.206177,-20.379305,53.215122,-13.294903,31.414654,-31.038652,-17.639317
LUAD:C3N-00547.N,LUAD,10.930488,23.74087,-10.611229,9.707969,-4.2818065,-14.797274,1.3980956,-8.4228,13.927148,-8.043145,11.984537,-16.335373,17.090239,-15.223915,-2.7263176,22.103857,-52.88066,7.5201817,-25.108828,8.488917,35.328148,-6.6093802,-14.0835495,-16.590332,-5.586123,-1.9171782,-22.103699,7.3083396,12.628458,9.490846,-32.425865,-27.537941,14.595649,10.736279,6.6104493,-8.138554,-12.396966,16.887295,-11.399786,7.9715886,3.9994338,0.82784057,-2.241927,-18.102499,-1.8524506,2.9090915,-9.678857,-17.54429,11.686551,-18.346935,-2.361855,-6.969927,16.035944,14.020517,-3.9508526,9.980645,13.358212,-5.787635,-15.944595,-12.749654,21.290512,25.938639,-46.359867,2.0844738
LUAD:C3N-00549.N,LUAD,-5.7496443,10.95312,2.5886219,-6.3417535,8.460298,-9.299707,4.5141115,26.292946,9.430995,15.64876,2.5673208,11.096459,3.9851534,2.1631694,-5.106761,25.588276,-9.023449,1.5473084,-16.622002,11.346895,5.8544226,4.876794,-4.1364565,17.182875,-18.548208,14.608238,-16.074911,1.5059357,5.732173,11.040916,-17.653172,11.665357,4.0500455,-6.053483,-8.990745,0.26747316,6.371453,9.327961,-7.995515,13.348924,6.8052917,2.802897,2.806698,-16.97857,5.3918996,7.5710974,0.028846055,8.26184,31.212685,-10.501881,-5.1637163,-23.657785,-12.027694,4.5510874,-19.935268,3.5679739,-10.031063,7.5237403,-5.8832226,5.2940383,3.8943055,-6.4031553,-14.739411,-5.1930995
LUAD:C3N-00550.N,LUAD,31.033115,14.12105,-9.569369,2.003387,11.166618,-21.340866,-15.678473,35.903492,27.33005,-8.345463,40.129143,-12.555929,-11.685281,-5.840546,-12.248227,70.09465,-73.595314,19.885475,-18.2427,41.59766,15.2209015,-20.204817,3.4558055,32.92392,-29.35432,-12.014719,-100.28123,-33.3915,-18.800924,24.25068,-21.719889,0.41347092,37.107796,-6.0951176,-22.349272,50.32936,-33.83082,-26.739859,12.084273,0.32839572,1.6551534,35.297825,-15.399667,-55.3171,0.43992212,6.198067,-37.39952,-22.333921,140.06448,-68.93281,-23.281853,-47.991642,16.511023,10.909059,-24.718285,5.478697,-8.038902,17.092075,-65.03196,11.127432,14.719855,51.837994,-17.43964,-34.319546
LUAD:C3N-00551.N,LUAD,9.241603,14.778615,-3.1465433,-6.472477,0.8454285,2.969714,-2.399278,14.814678,-6.835887,5.2682414,10.364244,-6.105843,-10.732542,1.4863412,-7.356277,23.305054,-26.037027,8.497593,-9.686689,19.62994,1.3644823,-3.5424855,9.582579,5.2990522,-15.012033,-3.470161,-35.78033,-13.046161,-7.74276,7.461001,-1.7825863,11.973199,5.9323916,-7.1996813,-5.1369176,21.256493,-7.8741903,-21.550484,0.6405944,2.9682007,-3.438288,8.516492,-13.334764,-6.7627125,-16.147562,-1.980009,-8.158538,-0.010225061,60.58381,-29.8807,-15.373179,-35.42159,-5.9690123,-11.866219,-7.219624,-3.4959724,0.7831273,7.4004955,-12.478328,26.762709,-14.48211,14.551662,-19.14686,-16.669437
LUAD:C3N-00552.N,LUAD,15.3000765,13.793665,16.103506,-1.1439035,30.069206,13.093578,6.119567,13.747054,-0.32757688,24.01861,11.197786,-11.295518,-3.3903484,-5.8254423,-10.799734,28.65444,-36.020702,-5.7000732,-33.947563,0.6117867,19.272642,4.1097608,-1.6737292,-0.8543896,-22.592945,0.54214776,-19.204456,0.26901525,-11.737318,-10.99309,-15.906895,7.578272,9.923421,-2.6714563,-7.723014,15.714797,-23.544268,1.0479343,-20.180948,-9.374847,11.727333,24.190294,-8.820638,-21.868813,-2.0325024,4.1374016,-1.8321966,6.4862556,53.73178,-18.571003,-9.829249,-19.505047,2.5986946,-12.53924,-11.348152,11.697523,6.1991105,-2.2743554,-6.1744027,5.7790585,-3.947382,-10.707282,-17.1821,-20.346416
LUAD:C3N-00556.N,LUAD,-5.3081846,17.553886,-0.749583,7.434565,5.2818966,-8.385775,-0.5286222,11.904639,15.062215,1.659633,12.6789875,2.7411604,12.155731,-12.321961,6.1395874,21.715729,-22.279676,3.6561968,-26.155375,6.8259377,17.67629,-1.3802501,-1.473695,3.834421,-7.783466,11.10401,-5.929173,-5.617581,10.436533,2.7027698,-18.884472,-9.398004,10.330496,1.2559718,6.2946477,-0.50339264,2.6430686,10.987886,-10.173271,-0.6589977,6.4531755,6.514214,0.85088,-2.2482696,6.9133544,-5.173995,2.5775766,3.4882548,16.033037,-15.66097,-9.299348,-15.289267,-1.4625472,-1.0859718,-7.3355074,10.435389,-6.501262,-3.3636749,-6.437093,2.5140867,5.4542813,-3.305052,-21.476065,-4.7901773
LUAD:C3N-00559.N,LUAD,29.07991,11.61478,41.9917,-14.408459,7.646775,18.4157,14.8876915,1.9077469,-10.450446,13.255921,33.4666,-7.7991824,-12.688111,4.9007945,-10.995263,-12.31451,-38.810314,-1.0505072,11.593349,34.018383,19.154549,7.1570544,8.335283,3.1099644,-12.240526,-3.2894387,-52.758804,10.586913,-29.694445,-6.046432,-3.8841784,5.859774,-4.9695606,2.277329,-13.880409,33.686752,-24.389648,-27.292927,-2.970044,-15.532037,-6.2452703,20.17496,-23.141306,1.8440729,-5.003576,1.3540854,-20.08314,-19.215658,84.76458,-37.373917,-3.681932,-35.069233,-9.55289,-17.517466,-9.177763,12.923085,0.0329194,-4.311435,-22.2619,37.697998,-2.9261296,21.235916,-13.015505,-8.956656
LUAD:C3N-00560.N,LUAD,-3.671731,7.0797157,7.0608544,-18.59207,14.627964,8.518004,-0.04066877,20.727943,-6.734831,15.229988,12.797525,-6.071972,-11.015357,13.251355,-9.929193,44.398514,-20.559748,-17.28474,2.273825,17.327509,5.4441447,10.506438,1.2456958,9.262544,-17.832531,-1.2354237,-32.796516,-11.756946,-6.8945994,3.6362193,11.464376,22.57633,8.201747,-4.0226994,-9.5697365,14.51576,0.43434298,-16.646763,-16.17685,20.504538,9.201305,-2.8115675,-12.135666,-14.30741,-3.19154,-0.6860944,4.398468,7.500003,50.34974,-23.532282,-18.500776,-14.052964,-5.191479,-6.596748,-4.7277775,-1.1412857,-10.803902,-2.8632324,-15.14049,43.053936,-6.9770293,5.9196906,-33.852222,-20.109257
LUAD:C3N-00572.N,LUAD,1.5365056,6.3513775,14.887338,-1.8505766,-10.679337,-5.6981134,1.8877604,0.011471948,4.1647487,9.81887,14.92274,0.27536866,7.4632354,1.4700313,11.551394,13.802385,-24.293009,-4.3667064,-16.012106,-6.802642,9.437126,6.2365665,-2.9703138,11.627543,3.7779007,8.023024,-22.622452,0.9333338,-6.7127976,-10.981757,-0.79171795,7.6094756,-5.790661,-1.8218688,-14.551645,17.122084,-7.0296226,-14.493849,-16.664284,8.1235,-6.1562977,3.0516431,-2.609186,-7.33284,-3.665333,9.937778,7.6529093,-0.3217938,33.95798,-9.117334,-10.842149,-22.377295,0.73162943,-0.7735115,-6.873111,6.3280487,-11.368175,2.4289563,-30.323997,15.384057,13.33216,-17.605427,-17.81544,0.0660304
LUAD:C3N-00574.N,LUAD,-2.1550524,-0.8898109,16.715014,-4.783804,23.343971,15.482216,-3.7093775,24.323849,1.1502285,30.675497,31.70841,9.950887,0.53686124,-0.56722903,-23.168959,14.039919,-31.628675,-21.002153,-16.440784,5.6091666,10.579393,17.477358,-0.052119553,8.889657,-4.2589025,6.0062056,-30.820711,2.7411041,-1.5764897,-5.1029387,-5.2489805,-5.182149,6.944961,-8.272716,-17.747688,7.0620847,-4.8941584,30.012354,-14.654988,-15.355973,-3.3913991,12.815727,-13.393887,-11.08458,6.77084,-2.7565107,4.2894096,8.130726,46.617813,-30.35835,-7.8108196,2.360546,-4.778807,1.231697,-12.3635235,18.56065,-11.273425,-5.0301266,-7.8210216,29.224247,-6.918521,-6.035415,-10.853553,-15.837426
LUAD:C3N-00578.N,LUAD,2.015884,4.36091,-1.8902917,3.9627113,4.1425524,-7.7946353,3.091104,2.250152,3.5503669,4.5911794,10.656574,0.58664507,9.257126,-7.827201,-2.5267913,14.609165,-30.552347,2.0705452,-33.999607,4.339004,10.6628475,-5.2312737,-1.9209408,0.7103484,-14.804415,6.0967836,-16.002619,-7.893939,-2.5240471,3.7453058,-16.059546,-1.5833108,6.2519245,1.2387873,1.6688002,7.495702,3.191085,-5.6503987,-9.439035,-0.9118671,-2.5143862,10.113333,-2.1445122,-8.353556,-5.649197,-1.3493692,1.9304353,1.9844489,34.779976,-8.6496315,-12.14377,-20.38998,-2.3773565,-8.1073675,-7.8268476,5.029956,-5.043732,4.4073505,-7.0818467,8.567975,13.500902,-4.814709,-15.848608,-13.082225
LUAD:C3N-00579.N,LUAD,19.530962,1.3861939,3.8734183,1.3020089,-6.062717,0.28165177,9.867062,17.019115,3.8776822,20.480387,17.23515,-2.3644931,5.6295257,-9.450202,-5.80759,12.18668,-32.087154,17.488962,-29.848986,9.349195,-0.6104654,-7.698204,9.8537,5.115252,-4.2628913,13.693091,-26.242046,-1.2783365,-2.1937838,7.129353,-3.8714867,11.980122,2.492422,-9.455059,-8.548724,22.72794,-8.79298,-17.534801,-13.024975,6.9988737,-14.480251,13.091487,-5.989107,-7.861162,1.4502425,9.760126,-1.7844088,8.931691,58.77157,-1.4338229,-11.041951,-32.0991,-6.6117587,-11.638827,-11.170572,5.424961,-6.52255,8.986881,-16.27018,18.631353,18.334856,-0.17914458,-10.975783,-13.068016
LUAD:C3N-00580.N,LUAD,3.4773057,7.4287233,-2.0354214,5.6886024,-4.4495826,-1.044785,3.2304451,7.1932755,2.5763128,1.2885133,11.799139,-8.08934,8.798072,-5.884562,-4.8555107,19.262619,-22.105082,6.0987086,-23.443277,-2.517005,8.417438,-8.481977,-3.0092783,0.24228625,-11.297396,3.6871305,-16.290508,5.495875,-0.72004163,3.0582974,-11.9347105,3.6413333,4.872512,-0.90877074,-1.9313415,6.9792175,-1.0877072,-4.17032,-6.2454166,11.252064,-1.1675845,10.102629,-8.137972,-13.135627,6.7787886,-2.278738,1.6411809,-2.9641593,24.874664,-10.494139,-8.931785,-14.508862,-2.8979087,-5.328771,-16.304235,-2.0278854,-4.272141,-0.7907578,-9.508848,3.3147035,9.653392,12.646847,-18.719343,-10.977866
LUAD:C3N-00704.N,LUAD,3.3883028,25.130272,-5.0014625,-16.60305,-18.059332,11.510562,-4.2642584,10.938932,-14.258816,-13.946291,26.807575,-18.181253,-9.491751,13.7947445,10.026372,59.034607,-37.24778,-5.3848486,-6.314951,-0.7509037,14.928175,16.190786,1.70248,-3.2562795,-36.75671,-12.047748,-38.31067,-12.27644,-14.784086,-14.039598,-12.785387,17.79534,-1.4473051,7.8278055,-6.270761,31.458862,-6.457131,-35.02402,6.2231603,9.063505,-1.8529176,-2.9424274,-34.02005,-41.77237,4.180224,-15.775031,6.4230976,-8.131361,49.367413,-48.599648,-38.53805,-22.010391,-4.0980153,-21.233465,-10.0057,-14.601645,-12.198196,-16.970613,-20.434153,20.968023,-32.14545,37.352787,-52.449085,-13.202213
LUAD:C3N-00737.N,LUAD,16.947655,20.727945,8.64056,-0.5117875,7.742024,-8.021329,-19.493261,16.65704,6.474202,0.34933552,44.272396,3.3766537,10.264277,-4.065986,-9.477719,45.634113,-35.995335,0.527593,-23.314552,-1.343472,18.987762,-5.741781,13.656132,4.767336,1.3094289,-2.4812193,-19.571808,-16.23979,2.3183453,-1.0173782,-26.718578,-6.6237545,2.8584685,6.740797,3.4359899,11.751186,8.45116,14.064138,-13.7281885,-17.03756,8.809655,23.636808,-4.1650596,1.0020417,-4.82875,-13.174916,-3.558006,-0.6961398,41.064854,-30.377808,-12.2486515,-15.550179,7.1699605,-5.836851,-3.0138412,11.184676,1.780053,-11.13306,-8.43086,-1.3336104,-11.051738,-7.5547066,-19.566172,-28.737114
LUAD:C3N-00738.N,LUAD,-5.9175982,18.378077,-0.59650254,-11.749071,-8.621361,23.20164,6.901656,17.442497,12.2817135,16.177505,16.228243,2.144082,-0.89260167,15.638342,-9.387211,46.03733,-26.392412,-2.1280937,-3.765576,11.991451,3.5598855,17.77931,4.285139,5.952627,-13.655122,-0.74091727,-31.448992,-2.0602036,13.937818,10.938653,8.531696,9.776759,5.204957,-6.0126996,3.5515902,19.393536,7.6707635,4.2549486,-15.526258,9.541272,16.601885,-2.0447624,-17.210901,-17.96758,5.2087708,12.133909,5.9727955,-0.1032393,50.02706,-16.805973,-21.657846,-6.482108,7.820936,-14.567813,-10.669671,-0.11651495,-6.089428,3.730014,-4.259512,36.56397,-6.505858,2.269307,-30.597815,-7.4380736
LUAD:C3N-00959.N,LUAD,-12.230043,4.390272,-4.1339226,-22.071657,20.942392,20.820715,5.6298833,32.861324,4.03375,17.38629,22.598757,6.217927,-15.69408,8.896443,-20.702543,43.43242,-26.113043,-19.266687,-0.5650675,23.335289,9.358714,0.42252743,-0.8133461,17.44137,-10.5316925,0.18503128,-37.203766,-14.661179,13.063718,7.5078306,5.0003576,12.532519,12.992363,-19.037233,-13.517503,15.557323,0.5417805,11.303494,-9.804632,5.0784397,8.181763,-5.1865883,-7.38303,-16.042868,0.7129479,-0.5888163,-8.695464,13.661495,56.598602,-34.30858,-22.658377,-12.003045,-5.365723,-12.063044,-2.9662716,14.310302,-13.122726,2.3988495,-0.71942586,36.0352,-18.66154,-16.321184,-22.936504,-22.995771
LUAD:C3N-01016.N,LUAD,0.2603141,18.480474,-6.700784,8.990594,-9.914069,-12.89658,1.6655061,-0.1826927,5.43386,-6.35533,19.119812,-1.0189619,15.27573,-8.349659,-3.5906703,18.526821,-32.213825,9.703974,-33.277283,-5.6872354,15.791834,-7.1684732,-4.93135,0.30007344,-9.244223,-0.42710748,-15.743374,4.029903,0.47987044,6.2644963,-18.381338,-6.6257,4.670003,0.63419783,5.217657,-6.5500956,-5.079948,-1.9094007,-6.141725,11.787278,3.4879887,-6.5079913,-2.7726753,-17.196562,2.2042065,-1.7131381,4.8347955,-3.912091,4.8577013,-6.1444745,-7.4008904,-4.6254425,-5.356493,1.9329147,-10.24575,0.7692101,-0.066667564,-2.173478,-22.44806,-7.9374175,17.379816,15.891464,-29.8991,-4.8423414
LUAD:C3N-01021.N,LUAD,4.0141697,4.9570165,11.776999,5.6778774,11.209925,10.567996,6.65735,8.2375765,3.4464812,16.917522,7.401396,0.0812129,13.109097,-9.340328,-15.104007,13.365707,-36.857025,-5.8498387,-33.912785,1.9646829,16.335165,4.3444214,-4.926946,0.41841775,-5.6947184,15.010324,-19.626223,2.171883,-5.426137,-4.713321,-2.7749548,-4.846825,7.0810437,-4.988884,-4.164598,11.778019,-12.311087,0.14090803,-17.544477,-11.473472,-14.798009,21.731977,-8.229918,-16.40436,4.690594,5.468039,6.348425,8.8960085,50.943214,-7.2517653,-7.272648,-10.758698,-7.1551666,-10.297591,-14.937786,20.119797,-5.072625,-4.064597,-12.050363,18.406878,6.787639,-8.640081,-17.51825,-8.147327
LUAD:C3N-01023.N,LUAD,8.076207,15.411916,-5.862326,6.656409,-7.0687227,-15.704709,-3.7121968,-5.145454,13.904847,-3.7469149,18.916395,-6.308899,15.531713,-10.629668,-1.0516528,15.527093,-38.9337,10.282302,-23.859932,3.1055236,22.813496,-7.5630665,-12.414438,-8.928324,-1.837528,0.22379123,-17.501646,10.117108,3.4125874,4.0144634,-30.327642,-14.646466,7.170637,7.5456724,5.663309,-4.835034,1.7064964,11.816958,-11.470123,3.082215,2.167598,1.1127944,-4.6429014,-8.510809,-4.5386167,1.3254871,-4.2402983,-11.210361,9.435483,-10.104153,-1.7572104,-6.207866,9.198683,1.7684802,-3.8268104,11.388661,6.8899355,-9.372313,-15.614091,-9.018878,17.320354,12.383718,-27.538311,-0.5176888
LUAD:C3N-01024.N,LUAD,12.796588,14.435809,2.1839502,-11.389568,-1.936198,1.7410073,7.1476016,9.506472,-4.234608,-2.4663322,24.188345,0.29652712,1.2297103,-2.5565765,1.588255,14.54335,-37.11866,3.0587697,5.268774,21.33953,6.678485,-3.9802005,-4.6977367,6.3352885,-15.464712,-4.2921634,-39.331425,5.134748,-15.428356,-1.3235565,-19.981743,18.005907,0.8504561,1.3869275,-6.350347,25.73071,-4.5824275,-18.324814,0.11718105,5.864901,-0.01631815,14.320042,-7.9867673,-2.0128098,-2.2053187,-1.6007407,-9.872138,-17.577923,52.826797,-28.107656,-10.568185,-32.569168,-5.587964,-9.916958,-8.363232,3.3999803,1.3325505,0.76688373,-14.145137,17.927794,0.45513946,23.96487,-15.652514,-14.616015
LUAD:C3N-01030.N,LUAD,-4.8643956,15.8330765,-12.93846,4.6639533,11.107186,-1.0826869,0.70556265,18.135307,4.346519,3.0365806,10.27597,-23.65955,4.516558,5.411492,-13.454671,29.798698,-17.60948,2.8922393,-9.832777,6.693175,15.0473,-9.058083,-2.438354,4.3268433,-24.90393,-2.6240292,-20.216589,-6.1418724,2.81634,0.40639514,-18.908012,12.913028,17.046999,-4.0426397,-4.985482,16.016071,-10.554349,-6.9404917,-3.8984268,22.140602,10.62178,9.57112,-5.3820853,-19.69436,12.504126,1.6161299,-6.163825,5.5858803,35.089993,-24.190748,-18.980589,-22.350626,-2.0458107,9.403053,-17.502678,-4.5569677,-8.516584,5.1985145,-4.3309083,3.2254226,-8.8965435,-0.5869419,-25.522806,-6.7143154
LUAD:C3N-01071.N,LUAD,-11.251412,14.370557,-10.743592,-9.037669,2.2627876,-1.8336306,-15.779149,53.402752,13.429022,-12.729303,60.590225,-17.65786,-14.630616,-1.4895732,-17.967798,84.026764,-13.59206,7.3271894,22.3808,7.3978095,14.86547,-19.778234,11.11962,48.4247,-2.5547366,-9.995577,-56.541756,-11.838311,7.2770057,1.2273952,-19.614408,8.869223,18.707756,-14.745096,-16.989498,43.306744,-0.7523061,9.88651,15.310278,14.63941,-2.9052083,25.50194,-29.095129,-28.152914,-8.674496,-5.2955565,-23.836763,-7.37001,78.59998,-65.43289,-30.345259,-26.444315,12.252587,14.803772,-36.15468,-2.665157,-26.173616,-1.6150233,-22.757944,10.819955,-28.265705,5.9463916,-10.885003,-36.91525
LUAD:C3N-01072.N,LUAD,-0.32939422,14.141803,3.475344,-14.678136,7.8533297,12.656498,2.0796049,22.283545,-0.020710215,2.0450885,20.050943,-1.1850367,-0.2368669,0.83399296,4.849059,32.666943,-33.411068,-11.534719,-12.752165,12.440493,17.68429,-4.4192677,3.5048985,7.1030674,-2.8375108,0.2906762,-19.796041,-4.4094415,-5.517345,-0.5760525,-16.233702,20.553848,-1.0138844,-5.224165,0.8522998,26.64738,-9.446639,-9.469001,-4.6471786,2.058139,-5.012905,13.652771,-8.43722,-6.517846,-3.31731,-10.047251,0.95275724,-2.690842,49.699825,-26.868013,-23.596903,-29.368208,-7.4462028,-15.831293,-1.9408591,9.011041,-2.9691706,0.8555974,-15.883893,17.731007,-11.388274,-0.3204674,-21.216177,-19.678493
LUAD:C3N-01405.N,LUAD,6.7694564,12.641862,-6.5801225,-4.9332857,6.0270996,2.8726685,-7.4768887,22.730263,6.8552537,-3.376624,29.339687,-2.3631988,2.413586,-3.0000381,-10.391185,30.187729,-16.713993,-7.928656,7.2229276,14.043774,9.402546,-2.4683452,10.813467,13.793589,-4.130201,-5.347851,-21.647459,-2.843751,3.0542884,-2.8452973,-21.136557,6.8270617,7.2802124,-0.40028223,7.8518987,16.50686,-0.22261131,0.34510925,0.23571526,-4.0772686,4.8828135,21.42364,-4.757422,3.7134917,-0.34912798,-10.626478,-4.9754066,3.7797914,38.88379,-32.01633,-8.975072,-29.132975,-3.3726048,-3.9127846,-9.341029,11.066104,-0.2543472,0.605276,-4.6122947,7.946069,-14.421768,-4.701349,-10.24378,-16.22499
LUAD:C3N-01410.N,LUAD,4.238411,4.683271,-9.175217,9.909383,2.565441,-12.359257,-15.170991,16.59296,6.3040757,-11.502471,40.583706,-15.2648115,4.786219,-4.289307,-11.746406,41.9772,-29.327604,-10.6071,-28.616053,-8.065016,23.37201,-16.544203,2.6291318,7.6224575,-5.3489547,-3.9923458,-23.223259,-11.304002,3.7746682,-0.4217853,-33.626385,2.3827472,7.5767293,-3.048325,-2.7986102,8.234653,4.303357,5.61719,-4.2574787,1.0317405,-0.39362317,18.540905,-8.239802,-12.253476,2.6139944,-7.5756135,4.49959,5.4091206,39.005413,-27.244148,-17.33454,-20.714533,-0.1332293,7.702241,-7.770006,1.757028,-7.6520286,4.4871306,-13.875265,3.222702,-6.563581,-18.097599,-20.461916,-20.93541
LUAD:C3N-01413.N,LUAD,-0.07395564,17.326574,-2.8130395,-10.6157,-1.0720363,11.392496,3.4232562,26.399557,0.28161812,12.363573,18.417896,4.9417214,-1.1326652,4.7697225,0.4070004,47.639786,-27.568537,-10.056688,-9.27993,6.6032724,16.900925,1.0225257,0.03645718,4.8336463,-10.582771,9.285098,-15.0846615,-9.080844,-2.7578168,-2.9070382,-13.4302225,11.813774,0.9578115,-5.7220297,-2.0628014,14.725958,-3.6033695,-1.1851692,-12.012029,3.6340933,6.2102084,7.834572,-12.375807,-17.528715,1.393991,-3.2283688,7.060479,12.242224,35.43416,-27.552046,-14.8433895,-30.012068,-14.50752,-11.420554,-4.7447987,5.765039,-1.5312728,-0.43086207,-7.470638,18.182783,-17.40825,-6.0918236,-19.775843,-17.83443
LUAD:C3N-01414.N,LUAD,5.787297,13.531009,4.618132,8.314632,12.078717,7.7583265,1.4138739,17.400059,0.16348483,18.729494,17.014284,-4.957793,-2.0040483,0.17256859,-24.380196,24.637325,-20.63478,-13.609753,-0.5558288,10.605169,10.676292,20.876425,-6.313692,13.91396,3.230745,10.813467,-17.336273,-20.165033,0.46030068,0.89663005,0.78988034,7.529254,13.262995,1.7230681,-22.416197,3.94888,-8.737539,31.935043,-15.08206,8.169926,16.47513,4.2619147,-5.3538694,-9.026655,-3.185642,-10.606144,-10.2837715,-2.801819,41.217216,-22.173592,-20.373741,-2.4191854,2.460997,0.69876355,-12.214715,4.56001,-12.238222,2.57107,-8.304093,37.7114,-9.130872,-12.468672,-24.157927,-15.534915
LUAD:C3N-01415.N,LUAD,-8.724229,21.424047,7.4557943,-7.5654507,19.776167,0.32084325,-3.7462437,38.445236,11.739629,20.153181,6.085702,10.909812,-1.2033496,-0.32274708,-5.2994494,39.294537,-22.004068,-11.163584,-20.263695,13.906459,11.612157,0.490103,5.47548,15.563162,-13.995651,15.987276,-14.412983,-7.173681,10.596469,6.6056614,-15.057369,11.996316,9.540537,-11.741394,-1.3210951,2.0135028,8.4091835,9.072657,-13.9350395,11.022786,11.35063,7.6716647,2.6467388,-21.803738,1.5560266,1.533428,0.7313771,22.655968,44.08721,-20.687206,-7.1225266,-31.22074,-8.123291,-2.6445897,-8.248991,9.984235,-13.955016,9.199051,-5.7103257,10.938624,-0.35140944,-14.807314,-24.561998,-13.932387
LUAD:C3N-01416.N,LUAD,-5.9563923,5.7481174,-10.901285,-13.713485,-10.056617,1.8364377,-3.0943167,28.086031,0.5928955,-7.267869,25.938787,5.8870873,-9.109629,0.12930295,-1.8899783,45.105247,-10.845547,-1.463149,19.458921,22.919079,1.4854455,-2.367575,7.404597,18.871984,-8.170899,-5.1507874,-30.92901,-0.9902759,0.27044058,1.9484302,-19.231464,14.297605,3.9361043,-8.054429,-0.48144948,25.596558,-2.5564167,-15.173834,-4.9488487,7.783398,2.3787808,12.271016,-5.1721177,-13.704764,-3.5659928,-1.3984356,-4.3580604,1.125207,37.50473,-33.521763,-14.376268,-34.20327,-7.2036853,-0.5780597,-19.956425,11.630137,-2.2887576,3.7028677,-5.086101,10.472573,-14.50873,3.957692,-4.908099,-12.451137
LUAD:C3N-01488.N,LUAD,-0.788525,17.75375,-3.4459274,6.508813,-2.0245886,-10.814336,1.8649778,6.392806,11.607272,4.820773,20.43236,-4.401102,18.123917,-0.2587665,0.31168714,40.886467,-34.18735,4.309124,-26.289068,0.606691,26.5621,2.6319454,-3.2574773,6.8715496,1.5227275,16.989552,-9.576757,-2.0817304,3.4412484,-0.9190671,-21.16555,-5.4967966,4.8046227,-1.8589478,-0.41473877,1.5361017,-0.7037438,11.412908,-13.121227,6.1305075,16.921446,9.818914,-6.5427504,-15.49543,-0.7532764,-0.865788,11.357022,-0.71090674,19.644205,-15.013129,-10.08255,-19.229708,-1.403311,3.6572127,-11.284397,1.5025847,-3.4537215,-9.923255,-15.539455,8.220436,9.972262,-8.394241,-29.108278,-11.144126
LUAD:C3N-01489.N,LUAD,22.689941,36.070126,19.268126,0.3827147,6.4520836,-7.164948,-12.585331,5.9637704,8.464158,8.734658,51.436687,2.2012973,21.077421,-7.731313,-7.1193933,30.376293,-45.82608,19.304249,-36.66688,8.177819,21.130777,1.5369656,12.162572,-6.7129917,1.5852661,6.392384,-21.706736,-9.625718,0.40989804,-0.67157304,-31.784676,-10.999205,3.0811486,6.394575,8.281392,6.905599,-2.6974592,9.430324,-30.18546,-15.355661,13.947952,19.129942,-0.64863324,2.627616,-5.141935,-11.715439,-4.8593554,-9.008448,42.702694,-22.660818,-11.614505,-20.668604,14.306313,-10.541599,1.8009622,20.772243,5.193882,-9.691326,-24.965042,-9.567193,3.1209671,-0.22313115,-29.973284,-23.40883
LUAD:C3N-01799.N,LUAD,13.837831,-0.6825993,18.464668,-5.760964,-6.5841274,-3.144587,1.7395906,8.498516,1.3809087,5.614964,32.80542,-0.82183915,-2.6988995,3.33385,11.055926,24.655903,-40.329533,-5.17143,-27.876707,-4.3053236,15.576043,-3.465265,9.378205,13.214367,1.2956271,3.1859016,-30.881771,-13.064446,-10.176178,-11.52304,-3.7161994,11.383319,-9.332226,-2.6969383,-15.600854,23.541735,-5.562586,-20.07021,-14.9063,1.6900078,-12.3914175,11.333969,-5.496775,-3.419208,-7.00405,-0.30505612,2.4518921,1.2120872,57.911934,-18.456223,-23.853956,-26.43733,-0.883105,-10.009087,2.3285,2.193699,-12.898388,2.1105025,-32.621906,20.914476,7.65597,-21.221462,-19.690338,-9.05105
LUAD:C3N-01823.N,LUAD,4.2208176,29.892782,-5.667786,-19.730343,-14.521336,19.58925,5.0012035,32.923855,-10.2488165,0.43644375,18.330776,-5.118785,-12.443973,9.741299,1.3128697,52.629047,-35.50282,-1.8332525,-10.206777,17.745346,25.710564,-12.894113,11.589603,8.489908,-19.669834,-2.5174093,-31.752514,-23.820822,3.8047364,5.9480653,-10.745384,16.075768,2.9766445,-5.5279293,-4.8906174,31.479078,-11.188352,-22.805147,-9.228985,3.1381557,-3.264084,7.594229,-12.649407,-20.945072,-3.039117,-5.447147,-8.324288,10.269347,62.011185,-39.726337,-25.060331,-42.610283,-6.0176682,-14.494216,-4.663491,-1.8209217,-4.249679,3.535711,-12.709856,31.775072,-29.51333,5.023882,-39.481388,-13.934914
LUAD:C3N-02000.N,LUAD,14.24871,16.448986,23.537258,-10.339237,-27.536697,1.953906,2.1715615,0.26550776,-2.0464787,1.4676749,75.215866,-3.310066,-6.9835634,7.733004,-0.57012826,-8.491095,-19.02479,24.820772,0.4561179,46.89781,7.9999485,9.114164,-12.636161,31.869766,-8.7265835,9.941634,-72.2876,-1.8452938,-22.697002,-0.35976142,-31.64205,15.768178,-12.841364,10.689606,-1.8087083,54.31531,-7.951365,-37.25275,13.1280155,-19.002934,8.035801,43.609478,-19.40471,8.942903,-6.1056924,3.3988142,-23.13479,-27.40308,109.24769,-45.582203,6.0549603,-58.095013,-10.452833,-17.997358,-36.761436,15.834009,-4.0236006,-7.0173054,-25.53293,36.717316,10.078164,35.223614,1.2279236,-23.769836
LUAD:C3N-02002.N,LUAD,22.907202,35.758423,4.858112,-13.124364,0.8813856,6.771634,10.952577,6.278512,-14.564696,-18.913116,35.064278,-13.72894,-9.901073,7.8767323,11.446218,50.269066,-66.555176,6.8934855,-15.772223,13.576203,21.070087,1.3089182,22.550554,-3.5809093,-17.73986,-25.539898,-47.819283,-20.428759,-14.750048,-14.399821,-12.6668825,9.998373,1.8355962,-1.3999377,0.8353089,30.45936,-18.032043,-38.039238,-12.396566,-14.578872,-6.3962255,14.264144,-13.0104,-17.5815,-24.572348,-22.21933,9.41994,-1.5448952,86.73077,-47.468395,-29.396673,-44.25672,14.945094,-36.325905,2.4838011,-3.7462137,3.344429,0.12539278,-33.733047,31.078304,-17.025326,27.38034,-37.44905,-27.69152
LUAD:C3N-02003.N,LUAD,0.053817406,14.959589,-2.689739,-11.929503,-0.60614324,9.841422,11.331699,11.608243,13.014304,11.065624,21.473303,3.763586,-9.090218,5.944319,-15.449401,7.3240027,-7.5135374,9.294487,3.9913366,28.49844,0.27231988,-3.3197038,-12.6957855,20.160126,-16.420172,7.2782197,-36.7218,-1.2065985,-4.51224,5.9933686,-2.9329438,13.715335,7.2031503,-4.117465,-9.370496,31.870813,-5.338058,-11.672305,11.738487,1.2727035,3.856458,10.9346695,-10.319456,-2.2234552,2.4603293,7.849747,-12.369093,-13.998834,61.526516,-30.790653,-4.755982,-29.772366,-11.223224,-2.803039,-17.941404,15.759464,-0.32528353,1.7973665,-8.455438,24.015985,5.892395,13.488491,-1.6341283,-9.2027
LUAD:C3N-02067.N,LUAD,18.512398,6.728434,9.58061,-7.3107576,-18.48712,9.151741,3.8167872,5.0776324,5.0751414,4.9596868,26.656082,8.404505,0.41115457,1.814259,-9.138102,-8.167066,-15.903474,9.79838,-6.4192677,32.411533,9.887451,5.7596865,-4.420493,15.829037,-7.3047876,15.250045,-46.30301,5.2281427,-15.78352,2.7217953,-7.331359,16.192822,-12.457383,11.279677,-5.6480017,29.177858,-5.212805,-11.861684,-2.1964862,-4.355553,-12.2257595,17.636873,-17.460857,3.8479767,0.077050306,6.0408807,-13.374336,-22.54117,71.12942,-26.09407,-3.130289,-23.571497,-7.1182017,-18.13213,-18.758074,16.370274,0.09580817,-8.475748,-16.308458,25.47905,9.1988735,32.033573,-1.0491507,-10.987002
LUAD:C3N-02087.N,LUAD,7.784025,9.676541,-2.7799728,19.385025,-31.409597,4.2178,-7.8020267,15.893647,-19.548227,10.97611,22.555676,26.72915,20.143156,-5.536346,21.263676,33.383286,-53.84909,12.306859,-10.108185,36.560978,-13.497671,7.267506,-2.25049,29.818142,18.273453,9.278734,-46.826286,-16.833672,-19.305923,-4.030511,-22.383532,8.07663,-3.923379,-8.768029,-23.153961,8.014381,-8.931708,-19.830112,-27.64885,9.632346,-4.4196997,3.9247577,-8.5349045,-39.487976,-14.567409,18.427433,7.6783323,7.786563,73.81311,-18.743786,-8.007801,-41.959354,4.2331557,-18.18014,-16.078959,-9.46177,0.25190806,2.3943098,-34.46295,47.083164,8.824438,7.1874375,-26.548622,-26.939768
LUAD:C3N-02089.N,LUAD,-0.24325262,23.235401,-1.5468786,12.592018,-10.785588,-14.944258,-6.1101203,11.466904,12.271501,-8.358004,26.911306,7.9442244,10.651493,-9.26314,0.13053863,33.70851,-27.630999,12.146768,-37.229477,-4.708563,22.534996,-8.078525,3.3110862,12.104261,1.0299547,6.5509095,-10.680884,-2.7575593,4.1374965,5.9822874,-29.106466,-10.187614,5.1115184,4.5738034,4.1303086,-7.370576,11.809924,7.484424,-14.054434,10.47878,7.0675206,1.2242864,2.107959,-9.469716,5.1969347,-10.410412,8.379614,0.02101254,9.126813,-12.073867,-13.837811,-13.610488,-8.788366,4.6926317,-10.073051,10.766465,-6.342422,0.42904508,-24.963606,-5.823154,15.561228,-3.086415,-22.682415,-8.7435255
LUAD:C3N-02145.N,LUAD,-9.417564,33.41735,14.265221,9.312428,4.468528,-24.78785,4.224918,8.075794,28.400768,11.771527,15.036493,-6.28145,17.850798,-14.099582,-6.9019594,20.567955,-37.320076,6.463433,-56.892284,-4.8504024,14.722061,-6.394927,-22.12244,10.129263,12.096785,23.780277,-20.273468,-10.304891,-9.51674,8.443047,-51.624016,-11.660715,3.9208384,-1.0945042,10.009971,22.63753,-5.300003,-4.020284,-8.781018,-1.8660735,7.209518,7.4990153,-2.3204145,-23.144754,13.411691,13.235552,5.555644,8.094228,62.320488,-15.390866,-10.122931,-35.41122,-2.8211355,-11.191428,-28.306942,17.192598,-22.470503,11.315725,-45.614006,-12.041064,-3.3352659,-9.326415,-26.89937,1.0053697
LUAD:C3N-02149.N,LUAD,-11.682845,23.4447,-13.06812,-19.598724,-3.6659024,4.6582584,-12.793599,30.165405,2.240892,-11.821253,14.015376,-5.75014,-6.8106804,2.9745386,0.36976686,48.919563,-11.049313,-5.767603,36.521145,22.705536,-2.640419,-6.5341725,12.55363,13.769205,-22.067038,-15.455656,-34.18332,4.605906,-2.0580597,-3.8339744,-18.255632,11.017341,3.2350912,-17.72816,3.4903638,35.955276,-14.06217,-11.517408,4.3068295,14.707389,13.260027,10.118552,-6.5168095,-24.556185,2.6708443,5.306882,-3.5399902,5.1826534,41.55846,-44.72095,-17.08808,-32.067787,0.22055693,1.0918131,-27.37985,-0.124978155,0.21402943,10.80519,-7.8842216,4.9840736,-26.974771,14.11561,-19.311928,-6.670802
LUAD:C3N-02155.N,LUAD,-0.84335446,27.26402,-3.2506328,10.027271,5.382999,-4.9690733,-1.0486726,17.954536,16.892748,4.4048553,23.542143,-4.1784453,16.368216,1.8888189,-0.009744484,26.67366,-22.560888,7.6744165,-21.46271,3.2016628,23.616817,-1.033499,-4.882953,16.600279,5.831742,13.059074,-9.646808,2.520971,12.185271,3.2211483,-28.00756,-2.0398736,7.3482,-4.1200247,6.07811,2.8252804,10.842417,15.876662,-13.002809,-2.4242158,8.002844,12.421294,1.3473533,-9.74139,7.9209228,4.167306,7.632857,5.299116,25.643167,-23.81001,0.8830603,-20.301191,-4.163588,5.1758223,-18.972303,14.946126,-4.593097,-6.324976,-8.064603,-6.112604,14.180423,3.9271119,-11.884216,-5.6028934
LUAD:C3N-02158.N,LUAD,-13.790721,9.478507,5.477567,5.7604175,-1.0901651,0.91941035,-1.9027576,17.067356,16.756765,18.086908,24.983465,7.6596856,12.193666,2.3769827,3.495458,22.314484,-11.85842,-4.324499,-19.176369,5.47319,21.745968,7.94153,-12.458783,21.631586,6.728095,22.92778,-13.222923,5.708389,11.609436,-2.3476284,-28.8783,-2.7893512,1.8619443,-0.5599588,3.1853127,2.9851017,11.419624,20.085327,-10.035791,2.6661258,6.254964,4.907374,-6.0104465,-12.051584,12.282332,2.496358,3.6375444,11.985211,22.56884,-27.012285,-6.939761,-26.30161,-15.331108,8.082026,-13.744385,18.347662,-16.328646,-3.5634534,-3.665978,4.8720827,-1.3883121,-14.908787,-6.0708933,-4.9228396
LUAD:C3N-02379.N,LUAD,14.3549795,17.45796,-0.29765627,-17.044924,7.6965837,9.149588,12.129281,6.6066265,-5.325763,1.730938,26.98909,-2.4283743,-13.862049,9.421482,-2.5315378,22.695795,-41.926746,8.84646,-18.800703,28.85196,2.393179,-3.2831547,-1.5933874,5.474361,-22.147575,-6.94928,-45.168827,-15.494716,-16.585327,1.6540021,-0.35916942,13.91369,1.4341685,-2.7734776,-9.249463,27.26627,-11.437635,-33.03992,-2.8528304,2.1190608,1.1112696,9.247231,-10.849844,-16.160587,-14.854445,-0.27662328,-8.4546175,-18.384298,73.96255,-29.195847,-18.998756,-39.54824,-3.187156,-24.156618,2.4414473,2.7232833,4.0898147,2.1931393,-24.580286,32.37135,-0.59588647,13.311236,-21.631475,-15.556737
LUAD:C3N-02380.N,LUAD,24.95263,19.614557,15.577638,-17.548903,-7.265973,-0.82612467,11.816933,-2.5724878,0.18135788,-10.446619,20.448078,2.3470669,-2.5292227,0.036793016,-10.017179,-3.1764677,-42.00968,5.0806766,-7.1471443,32.010777,11.349736,0.9345162,7.1625705,0.9254065,-20.11856,1.8275642,-59.364807,-10.436289,-27.596924,11.432402,-17.242414,15.8555155,-4.002412,8.825174,-6.1362066,50.66294,-14.455593,-36.49616,11.160231,-9.988505,-11.114206,16.439249,-11.955262,8.9583645,-8.314721,-2.7073128,-15.998709,-20.653028,92.237785,-38.86194,-15.402456,-29.764366,-4.5629807,-16.547039,-12.938634,7.777257,-5.131958,8.393944,-23.660105,33.05319,3.539646,39.32122,-14.161958,-16.892456
LUAD:C3N-02421.N,LUAD,9.443597,5.023387,16.419432,-10.133442,-9.5261965,10.378013,3.4890401,-0.9160866,4.381962,5.470645,37.99963,-2.3116415,-5.3425107,3.0695875,-5.103986,-3.5363216,-14.610819,9.023782,-0.49993083,38.355915,10.196067,10.157736,-3.402229,21.204235,-8.017147,3.5263276,-43.63269,5.987909,-14.565821,-2.050793,-11.139118,11.561364,-8.101013,7.835266,3.1311073,23.140232,-1.9540349,-13.774314,-0.30507714,-3.0543354,-6.481084,22.45459,-21.52289,0.78801954,6.1289296,3.4628515,-15.881732,-16.917494,65.52447,-34.68224,0.28603512,-32.203476,-7.051695,-10.330851,-10.874972,9.154195,0.39434093,-6.969327,-10.797929,17.940084,6.401081,23.299206,-8.208817,-3.3896117
LUAD:C3N-02423.N,LUAD,2.1696148,5.7607393,8.810767,-15.666975,0.17906885,9.578852,6.870243,18.634712,-6.8908944,2.4985838,23.64326,-0.7880054,-15.973436,1.7595366,8.969836,46.734825,-34.7795,-8.22153,-11.871413,9.559353,17.27722,-2.379076,5.8645806,10.757517,-9.873234,-0.69750905,-30.822517,-15.326162,-14.116334,-3.5776782,-4.6427503,25.32096,-6.8196864,-6.64637,-12.433071,30.896885,-9.96112,-23.788158,-6.6699767,5.602616,-2.6014874,12.619915,-12.903477,-18.10514,-11.127956,-4.188668,1.392176,3.9249034,68.47352,-33.6105,-29.198858,-42.434227,-5.546411,-14.116978,2.258388,10.913387,-7.2013397,3.4245982,-26.757576,28.76246,-11.794211,-7.3737497,-24.66496,-20.278584
LUAD:C3N-02424.N,LUAD,-2.1202264,4.911375,-1.0771289,-21.365244,-10.973957,6.3212523,-1.411948,16.675299,-6.089498,-9.385709,25.828577,6.38379,-13.125998,-5.6524024,1.2392565,43.05961,-20.582632,5.004882,22.4345,22.760122,-0.72191226,-4.8063436,11.028509,16.580023,-12.804476,-6.914942,-34.90044,-5.8073277,-5.8526187,-3.7339761,-10.457133,11.975884,1.1889149,-10.878517,1.7197986,36.158764,-0.22506917,-19.667135,0.76535857,2.066263,3.6449006,20.106194,-13.230354,-10.186298,-1.9180176,-9.8254,-10.887359,-6.199029,50.730164,-35.546608,-18.514181,-32.9795,3.1642418,-5.3240366,-17.295742,0.5431563,1.0746174,3.46939,-5.264335,10.642572,-11.730597,19.181622,-9.693524,-8.714388
LUAD:C3N-02433.N,LUAD,-5.988814,1.7275683,1.2101202,-10.841333,10.49861,2.9588075,-6.7225666,35.13343,14.920586,12.324991,41.596184,16.414354,-12.883345,4.146484,-17.42825,45.426346,-22.442236,-8.472303,0.94731593,21.63968,4.146076,-0.24562049,10.327341,27.465714,-7.0039053,-2.7105877,-38.9355,-14.335503,10.384363,18.539951,-6.251351,14.313537,1.677497,-10.145216,-4.698162,-2.1455224,16.717646,16.709349,-0.15001781,-0.034672137,8.43211,5.09781,-4.705755,-13.4457,-3.6195323,-1.9508803,-2.8283064,8.191045,55.69198,-31.787365,-8.735929,-31.1547,-5.236896,7.3342385,-6.7370024,6.675003,-13.377469,14.483261,-3.7748632,14.616976,-5.740453,-12.558387,-8.075875,-24.571743
LUAD:C3N-02529.N,LUAD,6.996726,26.097456,3.2641528,-22.421696,-17.347757,13.508249,2.772094,10.831169,-14.091731,-2.127975,13.688957,-1.6482027,-9.112152,5.4647245,4.4260473,43.83193,-30.328558,-2.52233,1.2075503,18.63015,13.359952,4.9919786,4.875596,7.743744,-17.04954,-2.518699,-37.95787,-1.2196822,-20.061703,1.7926348,-6.225657,28.40397,-12.335377,1.3041519,-4.056906,28.481598,-2.829467,-27.486477,-2.8382123,4.861172,-5.991638,13.503857,-13.0143585,-15.892745,-12.531072,-2.0632968,4.0817003,-2.9295337,60.7743,-31.981182,-26.704283,-36.00763,-5.5577207,-20.635208,-12.954607,4.8853483,6.286941,1.941033,-16.933582,39.33669,-15.300179,23.130741,-28.465546,-14.649164
LUAD:C3N-02572.N,LUAD,8.918125,13.759709,5.52916,-2.6242127,0.35845378,-1.6779203,13.559228,5.6717005,-7.7138968,19.05,11.914651,-3.03062,1.0630116,-7.271315,-1.2088596,16.960112,-35.309937,0.9230777,-26.933123,-3.2460265,25.799175,7.549152,-10.637308,6.9834986,-13.880144,6.1486115,-4.039786,2.3967178,0.18965149,-8.543733,-6.0714097,-4.3176203,3.2549129,3.7948053,-8.267999,-4.05243,-8.168918,4.421948,-16.48499,-0.46577618,8.344452,-6.412148,-7.278311,-20.634869,4.058147,-5.508775,6.826011,6.839837,14.697919,1.3206997,-11.837414,-9.269528,-6.051561,1.0463539,-7.5100536,-4.34768,0.3365426,-0.4568354,-4.959094,6.6373396,-1.205725,-5.2439365,-19.361845,-6.2673573
LUAD:C3N-02582.N,LUAD,20.418194,-3.9794009,8.408575,-12.877133,-1.6338437,8.791723,5.9287558,11.554943,-10.135854,-4.465522,25.888254,1.4524946,-10.718144,3.118152,-8.529297,21.339529,-38.943417,7.2255063,-3.3164368,22.0942,3.6366,-13.668513,19.78807,5.4943867,-8.650666,-5.2530584,-45.69101,-13.78714,-19.982159,5.057595,-3.227066,16.259043,-4.822332,-5.514365,-10.237732,32.61131,-17.592154,-24.3916,-2.1027162,-2.7335813,-6.836686,16.12205,-12.712385,-4.499777,-6.774198,3.4410577,-13.853915,-8.023566,76.17219,-26.418837,-19.773352,-39.507046,-3.1718295,-15.149395,-1.9961843,-0.97310656,-3.0103884,4.0021715,-15.970302,29.808744,-1.6401894,11.115879,-13.11567,-11.843965
LUAD:C3N-02586.N,LUAD,7.061971,12.497764,17.406713,-7.268275,-9.428753,2.3475242,-0.23493709,5.2684207,-15.296756,1.6423477,18.928371,-13.113104,-5.818267,0.84458613,6.074795,45.792004,-31.749662,-5.8952236,-22.2293,-1.5240501,4.576601,1.5623715,2.8735788,-3.330396,-9.8800125,-0.5284382,-28.549545,-16.805305,-17.342262,-8.414348,-8.944858,13.495884,-8.310699,-7.942183,4.560928,28.484287,-2.4726338,-28.224499,0.089352295,-4.490065,-1.7513863,6.013786,-26.79578,-14.488862,2.3451116,-3.0672517,4.8935804,4.3971763,51.322998,-23.012096,-20.168007,-25.781004,-5.6176643,-20.146952,-2.316084,-2.2774336,-7.3413377,-6.88138,-16.628496,21.132347,-10.1039715,6.6406116,-39.107273,-10.627984
LUAD:C3N-02587.N,LUAD,9.906985,-2.74976,13.798732,-17.298273,-5.851126,14.329376,6.9585085,2.3729725,-4.4060965,2.660964,38.891705,3.0313919,-10.478883,6.5056434,-11.925284,3.998236,-34.89531,8.591052,1.5614288,44.161625,4.9691076,-1.6871097,4.437247,10.917866,-7.2716107,-1.0453275,-52.96369,0.13008589,-24.688568,5.5156775,-9.690122,12.705667,-9.657381,4.994232,1.0019948,33.463562,-16.722633,-18.901886,1.2221359,-12.249034,-15.486056,17.69723,-24.888744,2.889526,-7.989055,1.8512065,-17.003176,-18.027302,81.05355,-40.88275,-4.2726254,-46.458733,-10.263718,-26.394468,3.0539742,7.309022,-0.030008443,-1.5744301,-5.4604964,26.611792,0.080500774,21.903023,-8.771112,-5.1131043
LUAD:C3N-02588.N,LUAD,4.288198,4.888981,20.369802,-13.079838,-1.4612172,15.32819,4.822096,13.028674,-2.895411,6.096273,26.880758,-7.8241506,-15.108996,12.55932,-22.097689,2.4794142,-21.784672,10.295376,0.6170151,40.493137,4.7554083,-4.7320895,2.3229768,9.677965,-10.19516,-0.14204301,-47.546913,2.454781,-19.13351,7.358909,-13.751557,11.453305,-8.329634,1.747388,5.206047,31.242723,-17.63153,-30.556942,4.9437857,-4.7399526,-3.8913476,21.782495,-13.1037,6.525703,-4.2442174,8.56826,-22.641224,-7.6808014,68.44069,-30.667583,-3.6560926,-36.939293,-3.3907905,-3.6909404,-6.069406,8.998205,-7.8450665,1.7779473,-9.2772045,21.395765,-2.8672874,19.615704,-1.9608076,-3.2289515
LUAD:C3N-02729.N,LUAD,7.3485456,-10.31608,9.600786,-11.041735,-6.833609,8.764537,-6.024304,4.340433,-7.8348613,-7.157696,41.4739,-3.2903633,-19.81274,5.127038,-7.6529083,21.346771,-33.354176,0.7631992,-1.6858041,32.00173,7.3013463,-9.512589,9.490089,19.041023,-9.48667,-6.4688606,-48.7859,-7.1363783,-18.018885,0.40877753,-11.135053,12.71457,-12.568558,-4.7501693,-3.7840254,25.376785,-4.0774546,-16.614391,4.896637,-3.4840143,-11.526697,22.687185,-23.246393,1.0891212,-14.108958,-1.2225646,-15.410088,-14.884141,82.56257,-39.995934,-19.071201,-41.090763,3.6391654,-14.214663,-3.103767,0.6871999,-4.666051,6.164568,-8.255092,27.436628,-1.3309896,5.6827183,-12.637089,-11.4642725
UCEC:C3L-00006,UCEC,4.625309,35.464207,5.6585627,11.559643,-12.509375,13.270518,-0.29477194,12.086861,-8.895875,7.0306067,16.223299,-7.2952003,13.927531,-16.995564,-28.261965,0.5310772,-2.9261878,16.880169,-10.336157,10.161828,6.5102205,-10.234414,-3.5742266,18.226948,-7.634564,18.738085,-22.80143,-3.8375661,-0.61720467,16.844261,33.509556,17.568365,10.873994,0.30026856,7.199792,26.68567,-9.502917,-0.95058954,3.8192537,6.456285,-32.76284,-8.377902,-22.509665,-19.098911,-0.20218265,-13.533226,-24.26838,6.4724903,44.112377,-10.894109,-19.63813,1.3247993,-8.551284,9.112127,-16.916609,-1.9626844,19.275927,-0.65964735,-10.219977,-5.0837245,11.005232,19.99081,3.369154,3.043255
UCEC:C3L-00008,UCEC,-21.587675,11.82631,4.597914,6.3109884,-9.172894,9.60574,-12.298743,16.615349,3.6189942,18.336348,4.588975,-11.529022,10.304518,-1.5210942,-18.925554,18.52327,13.486527,-4.6822968,-11.475057,-12.4733,11.129765,1.274056,-17.838383,11.93112,-1.3759844,17.108551,-22.127903,-17.845003,0.08776641,-0.20419282,10.615564,7.9441996,-16.609053,-5.533362,11.565467,13.869284,-19.64534,-6.1349893,15.117086,13.374416,11.242607,-7.816999,-25.53142,-44.74443,-9.277957,-0.9683957,11.0838375,13.963833,9.628413,-21.22713,-18.536554,-16.074999,-8.663617,3.3957877,-14.499109,-2.390661,-6.818339,-16.22328,-32.485855,-3.75945,-22.545532,2.4811373,3.3147202,-1.6321042
UCEC:C3L-00032,UCEC,2.4930613,16.955582,-4.8664274,-2.6731277,-13.210547,6.546376,-4.980587,27.400646,-4.7210317,2.9896295,-3.166157,1.2740812,10.778314,9.113125,-11.801999,22.77879,-11.012163,6.645644,5.066675,14.358127,-4.8580093,-3.4082234,-6.4711285,-4.0173655,-31.759842,13.191212,-49.123344,1.1474223,-3.92784,-19.473948,9.89608,13.405125,-8.712526,21.64066,-1.9896191,23.00671,4.5577917,-6.7587724,0.08429353,9.549689,-10.566805,6.6176124,-15.004709,-15.378975,-9.840253,-14.053713,-3.7682965,16.390335,26.056522,-11.4763365,-3.458288,-6.8357644,-2.0172248,-40.12661,-21.501816,6.9426394,-14.524971,-20.42868,-17.125914,8.37837,2.2259305,25.550552,-7.04503,-3.8644798
UCEC:C3L-00084,UCEC,44.45329,33.23891,-0.5053916,-12.800796,-13.490731,-39.218716,-24.616304,59.117275,-2.1323314,1.3709767,71.87378,11.930006,14.162029,20.999588,-17.04014,69.838165,-15.040009,18.810862,-30.113832,-33.798367,4.472652,-23.198336,8.926204,10.365399,-9.639669,-1.9874693,-113.92034,-33.64378,1.5264895,46.664234,-64.23447,14.790525,-26.27617,4.478279,-40.150833,45.434464,20.480282,-1.4944494,37.541496,-22.16886,-16.884043,-18.911493,-50.43185,-31.399754,13.35078,-13.879953,-18.214542,-36.405266,66.58942,-70.79203,12.714068,2.6762054,18.068506,38.800495,12.980471,-37.363132,12.099804,-26.597569,-3.5637991,-6.116147,-2.2797663,108.63974,-14.937223,-56.711338
UCEC:C3L-00090,UCEC,17.56306,11.3225765,5.63293,8.27418,2.4148538,5.2930055,5.6391234,28.36998,-10.439472,22.690922,6.909549,11.794964,16.369532,-16.062454,-32.497044,6.328543,-15.420966,-10.237157,-10.8176775,3.698851,-14.97234,10.284258,11.931001,4.391222,-11.151966,27.425743,-34.571735,-20.067331,3.7339509,-13.787899,17.907425,-9.870996,-11.741321,8.876821,4.745768,5.3980837,-16.4889,7.251987,20.015892,-24.644163,-13.058086,-5.036071,-45.17521,-9.9874,0.9943841,7.127089,1.7846314,-4.5246077,38.637146,-14.695571,-17.897312,14.0152855,-9.439397,-4.5643897,-26.63224,1.8894956,23.541498,-11.606494,5.1040964,-41.237225,21.140306,32.61292,-20.142076,15.879388
UCEC:C3L-00098,UCEC,8.174819,9.243808,26.17427,3.1306057,-19.778671,2.8927708,-14.061133,19.64329,-6.9770074,-9.78725,54.36841,-2.3804412,15.845743,30.26565,-25.618332,19.635017,-18.223392,7.77387,-17.979406,17.374174,-20.754534,6.6949215,5.2409663,5.6134567,-4.193809,-1.268619,-34.16924,25.69395,-12.776272,8.186765,2.9486558,-32.672966,-10.286337,-24.331596,-13.117385,16.509258,0.4739492,-11.786213,1.0609246,-16.910707,14.617218,8.995722,-41.414997,-6.4411016,-18.105623,-26.402737,1.9199849,-18.861052,50.12052,-15.263935,9.803182,13.196617,17.06151,-31.31352,-31.513304,-14.507404,31.624414,-4.5032988,-8.755891,17.761528,5.8375835,36.715015,-10.722163,-10.499307
UCEC:C3L-00136,UCEC,5.124569,14.252008,6.8431497,15.497575,-21.44185,9.750354,-22.283104,4.973355,12.438857,9.699693,16.045315,-7.309507,-3.9800177,-18.905704,-25.845615,12.293705,-13.93498,19.426298,-0.048506364,-16.036745,-1.9603711,-1.7044947,-13.119697,6.9345007,-17.815535,18.387394,-39.79434,-2.6476202,-6.1140895,-15.833203,28.970158,-5.304748,-19.839842,-0.26729998,-3.9175298,15.569228,-15.469597,25.007637,14.576915,8.065185,-0.43145305,-4.367314,-49.38612,-24.526468,-0.42901132,6.233328,-4.2473407,-2.9681718,44.471565,-47.141094,-4.637038,1.8857541,5.424429,-10.441557,-28.126768,-6.6873627,12.853824,-20.571245,-4.308685,-3.424651,-17.273771,52.63882,-11.90341,8.089994
UCEC:C3L-00137,UCEC,-6.0210423,15.165891,-11.585672,10.510208,-8.307116,-14.20009,6.178833,-17.409544,-2.3116956,0.7156502,-6.5825987,3.5678444,12.705847,2.3776708,-24.93777,38.975918,-27.081388,-7.7011914,-19.391003,-13.507583,-2.1294003,4.120022,-1.8382952,-4.785481,-6.533137,12.212454,-17.625439,-9.096576,-19.806181,9.828734,15.391691,8.23351,-13.553371,-15.095242,5.8221364,10.768381,-20.323702,4.959951,21.547287,-4.5357356,5.6991663,2.2635674,-35.82787,-50.79472,-39.977528,11.11519,18.977253,5.5282354,26.410843,-49.328175,-29.284624,0.053477373,-10.811644,-13.546574,-2.0367045,14.11646,32.950325,-2.189582,-21.571655,5.054488,-3.6067822,31.653803,-29.736998,-2.6918607
UCEC:C3L-00139,UCEC,27.888412,8.445596,5.61856,-11.273394,-23.267033,-16.735779,-7.505875,30.967953,-16.014559,0.30148822,49.400032,-3.2815924,2.5481055,25.244707,-9.387029,27.344303,13.50322,22.493156,-14.172948,-4.6911244,-4.889831,-5.6105995,-6.381522,0.26683706,-19.13649,3.665532,-76.98571,-19.999426,5.4376655,16.666363,-26.834484,5.329547,-25.004766,-6.9819336,-30.1255,25.096975,8.211422,-7.9829144,21.75182,-11.82595,-0.88524276,-12.605724,-32.331345,-20.39727,-4.741631,-3.795086,-12.93338,-26.60209,25.064497,-33.43735,7.8243246,-6.9184155,9.050586,13.225824,-9.462671,-19.418459,1.6506709,-18.575325,-0.18706812,3.341076,-1.201813,61.091213,6.732599,-26.968676
UCEC:C3L-00143,UCEC,0.786121,7.1215305,26.775408,8.815521,-6.0298996,11.513725,-15.155732,-2.953268,-10.837083,3.5333042,31.354498,-4.6737204,3.0778215,10.0734005,-1.3236274,16.422441,-28.74344,5.36606,-19.166086,-5.3510594,-21.593365,11.344934,-5.131508,-6.657697,-18.513723,-5.880677,-33.648216,11.024682,-14.023072,0.3385082,19.045578,-24.15064,-11.83165,-5.040183,-1.7790521,11.222954,-6.2650485,-12.237956,-5.566019,-2.2236316,13.502077,-4.9991713,-33.425186,-13.484063,-21.441755,-16.891188,1.8849566,-11.482279,39.361935,-29.608898,-18.231451,8.345951,7.6408324,-44.993202,-20.729551,-9.5172,17.670103,-2.414355,-2.6857936,18.584219,8.328978,32.791718,-24.556335,-4.460957
UCEC:C3L-00145,UCEC,3.3344638,7.0247087,6.476308,13.311507,-6.0569334,2.832129,-3.4453285,-10.344615,3.718766,15.930116,16.405293,3.1175318,2.1621554,10.660379,-19.058477,-2.587849,-21.288946,14.3831215,6.4903445,4.2150145,-6.102425,8.057303,-5.223428,-0.14856543,-0.009334236,16.754305,-22.76889,-1.2006067,12.757748,-9.722609,2.8178103,-2.618365,-9.575076,-6.4956665,10.907792,-1.3843,-17.822895,-10.014569,-0.5269386,-5.8356338,-1.3635854,-4.72826,-24.38534,-17.440329,-9.549223,2.1551733,-15.115995,-4.1847816,12.847821,-9.651005,8.404224,3.747948,-1.3766092,-9.132755,6.8492117,9.339449,3.7884579,-22.00346,-10.598237,-14.364201,1.8965259,20.37841,-1.3160447,-0.11958495
UCEC:C3L-00156,UCEC,4.072785,9.877682,-14.374322,7.9987836,8.040899,-22.510166,16.260122,-12.803263,-2.3246956,-18.304468,12.19732,-10.568545,20.2148,7.2795625,-12.085103,24.67183,-11.544309,-7.8314447,-21.272654,1.1152185,12.608303,-20.487154,7.7902694,9.335287,6.9157825,1.3869311,-15.2082,-23.49491,-26.83272,6.3394794,2.2158785,13.324925,14.051588,0.6051785,1.4924878,18.489994,-12.95328,-8.534184,18.853285,2.9513047,15.118916,2.4618113,-10.018684,-36.14207,-22.893303,-6.340986,6.4600544,4.3337135,7.3378773,-24.290665,-22.295046,-4.570979,-13.4117775,-12.592191,4.2411776,13.698157,24.470146,-4.226305,-45.224335,-8.892428,2.8071477,2.9478655,-24.411581,-8.724125
UCEC:C3L-00157,UCEC,20.803104,44.05693,-27.09018,-13.379716,-41.01594,4.8228507,-6.233676,65.51201,-22.92964,-34.961796,56.931854,5.5649,-7.7383,2.5333436,5.0498867,78.7106,-12.042574,14.099503,8.32774,24.058853,3.184087,-56.39634,26.617321,-1.172987,-60.990143,-26.192547,-97.62562,-3.2481563,-8.965627,6.5392294,-7.0384116,-20.624065,-8.386355,-31.206251,-56.98828,18.293602,-14.243039,10.217918,-2.823354,22.8948,0.8727495,7.983399,-21.976221,-17.375727,30.875885,-42.612137,-19.53503,-39.362873,63.14308,-46.328037,-0.25999922,-16.602716,3.8834853,-51.295994,-40.68718,-50.23187,-28.067993,-53.963425,-33.021,54.087166,-26.00789,91.49671,-65.06172,-43.206505
UCEC:C3L-00161,UCEC,-6.095953,-0.45155072,4.9786625,8.546258,-3.959748,-12.428625,12.888858,18.09725,3.9469335,13.48134,-0.2868713,-16.017296,8.125108,22.578634,-6.161951,5.1894774,-7.244768,13.081528,-25.762505,-4.4507475,15.0005665,0.29788446,-6.639929,7.562986,0.93538404,0.30633768,-17.787409,-23.713474,-5.623364,4.6897225,-4.5074964,-10.600151,7.2857523,17.374123,-1.9131304,-14.266664,-7.383348,-9.216808,-12.47464,11.455743,25.391134,-26.269838,6.818785,-11.123186,-1.0560286,18.678947,14.174761,9.746949,2.6581166,-19.291264,-0.7040903,-14.9593315,-2.360056,-3.8949766,-3.631174,-13.412989,-1.3601067,-14.02194,-4.2702622,21.766424,-6.0326924,10.12592,-0.5937738,1.1348579
UCEC:C3L-00356,UCEC,17.38745,19.49055,-0.5451901,15.544586,-8.494525,-1.5471374,2.3178318,23.765686,-12.209076,2.969593,15.282314,-15.56976,-5.729929,9.867458,-4.031,11.699555,-0.81131285,10.720356,-22.778791,1.0001024,15.120983,-0.08846832,7.7770586,4.4057627,-20.452763,13.851208,-37.943474,-11.368483,27.68484,18.648874,-5.7541018,2.6649616,9.116951,-8.96411,-25.662964,4.8119254,5.006524,-4.9347825,17.550503,9.542528,-4.3028593,-10.821797,-25.762321,-29.088081,0.5515657,13.350635,-22.873497,-15.152804,19.70831,-19.852354,-1.2542564,-10.207415,-15.7246685,24.44531,-3.1796079,-21.888721,0.97031784,3.9745514,16.81795,0.9900367,5.4455147,32.685833,-4.052993,2.7731042
UCEC:C3L-00358,UCEC,-22.198162,29.603178,-4.8889756,13.343073,10.568335,2.6080074,-6.531145,-0.42815942,17.374329,14.436859,-2.699349,-5.729702,3.7500823,4.1092424,-42.396534,-20.926067,-15.983337,14.45455,-18.76644,12.716193,14.459787,-7.954629,2.6874597,28.468733,0.20873305,40.424614,-21.965906,-24.289438,-3.3705394,4.4599404,23.482729,-22.99028,17.39884,-11.092572,25.172482,33.599087,0.38112366,-4.441331,42.399063,5.733375,-13.037809,13.609705,-23.559675,-44.032112,-14.253006,21.718346,-17.182772,0.70773923,52.57315,-18.73683,-9.398482,-10.499317,-14.24001,25.350174,-1.4557321,10.992473,1.0704225,13.951422,-4.195747,2.2661386,11.408785,39.909595,-34.18705,4.643124
UCEC:C3L-00361,UCEC,-6.525575,15.417296,2.3387027,-16.77753,12.843032,6.2381287,1.6047232,6.3099813,-0.6157441,15.999908,-7.402712,0.96675104,13.488451,11.552347,-3.94924,0.024762966,-5.122407,6.0255303,-8.817065,13.3534565,9.071733,-8.901796,-6.391923,14.926603,-14.624913,-2.1510077,-19.573786,4.3169346,-17.841473,-4.1647925,-9.212235,3.3090723,6.7672024,17.613419,13.570952,-2.440585,14.885917,5.754128,-9.244986,-2.397506,-3.117283,-4.7997785,-10.958353,-39.190758,-6.2889557,20.29782,-6.6873965,-18.097513,0.6642904,0.70626897,4.9394016,1.274596,-17.18285,-8.137939,4.5488815,13.468733,-1.3353875,-18.725283,-14.373545,-14.387803,16.908262,8.179379,-14.98833,2.389296
UCEC:C3L-00362,UCEC,-21.50123,42.472313,-0.5926666,3.3254132,-42.53356,31.895824,5.602454,20.57511,-8.794088,15.680645,21.989033,-19.88726,7.809884,6.8682823,-11.945296,34.493214,7.812626,-22.447441,-18.366661,16.934616,1.5316236,12.569786,-31.875614,21.314756,20.527418,2.934845,-5.460247,23.001287,-7.9599032,28.202309,4.092172,41.190365,-29.5367,27.207127,40.834583,19.461344,-24.590414,-22.103859,-13.598638,6.3301725,-31.213732,-17.177448,-31.635239,-62.030132,-0.36054918,-10.037955,9.124027,14.477931,18.24991,-7.710414,-12.02636,-18.710377,-18.14148,-24.108704,2.6758223,3.1679304,15.142926,-0.44383538,-38.866207,-19.397314,-26.765661,-12.746887,-19.027353,7.142926
UCEC:C3L-00413,UCEC,1.720071,4.246546,-19.158892,-3.2306392,-25.467035,1.1020314,6.6998563,29.546436,1.1014695,-7.680429,4.587188,-11.991246,1.6622249,10.084925,-12.863668,15.383574,-1.5477577,11.22967,6.101709,-4.668718,7.914624,-12.399338,13.175895,-13.453942,-29.53652,2.6358864,-32.729534,-11.058826,11.994174,-0.6175242,17.449974,3.022569,4.913675,-10.853537,-15.731541,9.089591,-10.157826,-10.390314,12.819992,21.279839,-8.241964,-15.612294,-4.7414994,-15.008763,-6.558085,2.4669948,-10.559166,15.454888,14.781659,-26.948956,-5.025316,-14.2909355,-2.12868,-12.896217,-18.438585,-5.5706773,-4.9218745,-5.788749,0.20549235,33.023895,-20.323084,38.889965,-12.884283,-7.2484975
UCEC:C3L-00449,UCEC,10.610917,49.539024,-0.04007695,-4.393289,-31.184801,12.763992,2.4894865,34.86826,-6.0410523,10.16906,18.871199,-2.669881,-0.15431662,3.1821241,-4.966699,17.219444,-19.296974,-2.2609665,-7.6221066,3.7646017,5.8346643,-8.068886,-13.800138,0.7143174,-2.7015638,-6.437119,-29.307812,11.194154,-0.88827443,12.979602,-8.464594,27.344133,-5.321947,10.0384445,2.005153,34.251194,-28.36628,-10.519713,6.174595,15.386073,-7.762532,-13.2925415,-15.038699,-20.604443,-0.9405202,-8.482426,-4.2954884,-2.7490041,23.020098,-21.951822,-8.622274,-11.770383,-9.140733,-16.335852,-6.602591,2.3367312,-10.344817,-15.134011,-30.101454,16.993332,-22.202936,12.891973,-14.81286,-19.95464
UCEC:C3L-00563,UCEC,17.644459,1.2043582,1.968785,5.440674,4.667215,-7.390328,3.0650494,-0.13652962,-13.658837,17.324766,18.64425,-9.813771,-5.2412295,3.2404027,6.870553,13.291517,-4.11648,12.387405,-0.035474032,4.2204933,4.2822514,11.324335,-9.991104,6.8288593,-2.3724928,-0.71926284,-29.737766,-11.370126,11.436402,-1.6844909,-10.306935,11.5918,-7.1204095,6.607852,-5.3177834,-0.27388686,10.50007,1.7721115,13.553156,-9.031095,-1.823333,-10.617844,-16.388826,-9.434497,0.28551283,-1.8626772,-14.79668,-5.3585587,1.2010027,-8.436746,9.036536,-6.7947364,-9.76275,14.269642,-4.3354907,0.6640144,4.3817344,-13.513716,6.264526,-17.253328,17.140474,20.994366,7.674408,-18.155357
UCEC:C3L-00586,UCEC,-10.467037,29.759535,17.487717,-12.205847,5.3567314,-19.969595,-4.3464465,-2.386801,0.72868943,1.2845632,3.434982,20.986694,18.26454,-3.332699,-8.29843,25.50064,-16.360004,15.859392,-21.275873,8.910075,-0.8314556,12.746023,36.685474,16.270731,-2.0695148,-11.813079,-20.998478,-7.776468,1.478967,11.385533,-22.733253,-2.9927118,8.760487,21.623777,22.289745,-8.428969,-22.675003,9.27506,3.1259432,-15.230275,13.201126,-4.3822517,-14.297327,-33.755787,-17.639057,18.314436,3.3647354,3.8997824,22.676363,-4.9229693,-12.360186,-4.6554947,10.137801,0.5059836,9.561841,-4.0282426,10.767982,4.067385,-21.127602,-7.0366364,-6.738424,-10.933495,-23.911833,0.6808147
UCEC:C3L-00601,UCEC,-13.380393,20.43245,39.271908,-4.53752,-9.696773,-5.5101247,-8.434604,-2.9210865,4.3865848,-11.20335,28.527029,11.611829,15.93991,-4.026647,-9.49764,16.071953,-18.227196,22.357752,-7.77558,10.797762,-12.740556,-4.847109,27.562489,18.006338,7.590235,-10.124309,-40.11262,8.332896,-14.989962,10.275529,-11.525004,-0.36492687,-17.84738,3.2222,20.616674,15.141735,-10.810109,11.883793,4.3173976,-17.82186,-18.289133,0.21998084,-47.137314,-31.40682,-13.546599,17.263115,-3.3227425,-6.342034,38.131992,-18.983564,-5.802512,-4.8118334,23.427298,-8.42721,4.824597,-21.535944,18.418957,0.39785862,-13.494633,-7.4883447,-10.313153,0.17681865,-7.7015777,-10.602054
UCEC:C3L-00605,UCEC,11.995303,18.979956,-11.696582,-3.7820992,6.653281,-12.259728,7.848883,17.32233,-1.5534946,16.5152,3.1995814,16.841496,10.411093,-2.0318267,-9.5986805,-0.7065681,2.0333676,-7.5182357,-3.193699,-7.24988,3.9221802,7.3195906,-2.989522,6.10381,-11.229787,15.89752,0.89782435,-11.443611,-0.7507356,5.784975,3.3899965,-4.1096287,4.526912,1.5652837,6.673281,11.853051,-16.888712,-8.5111885,10.805311,-10.590795,0.9733774,-1.4664222,-15.732846,-5.1976633,-2.2112334,-2.6155598,-3.517467,4.5899153,15.7944355,-4.7915387,-7.791584,1.4521272,-12.80872,12.070492,-2.6248868,-0.11648533,1.6240594,-7.537303,-15.992885,-9.953161,-12.291706,19.712318,-6.8658533,5.83429
UCEC:C3L-00767,UCEC,9.600899,22.707067,2.1005623,-2.1645722,6.177724,-2.4941459,17.88098,21.944113,-3.2165759,23.014317,4.622817,18.857033,15.286984,9.962247,-24.213972,-3.0450819,-19.490152,-4.869558,2.7072031,9.006374,-1.4847215,-0.5908015,1.7994285,12.504373,12.204851,20.972523,-5.0084586,-12.61316,6.0706806,2.2017596,17.934668,-14.147014,-3.4296408,-3.7731087,12.816188,-2.648938,-27.725008,0.927118,21.25961,-25.400595,-12.275471,-12.034746,-31.023638,-16.759674,10.995678,12.567944,7.828987,2.3844953,26.077333,-3.1207345,-1.040592,7.8074594,-19.140123,16.437107,5.866452,-2.458186,23.561226,-22.781765,-8.256164,-31.434294,15.263195,31.390715,-10.64236,4.916903
UCEC:C3L-00769,UCEC,-2.0273793,9.3113985,2.7736373,0.3480899,-7.7069254,7.4292,5.529669,-3.0418022,-10.211858,9.522893,4.813262,-6.78116,0.73506314,0.764905,-6.7732096,3.3028731,-9.152449,-0.59627366,-9.703885,10.119105,1.5394561,-3.0610132,-6.545225,0.14941876,1.0732646,9.64192,-8.097216,0.53155684,-5.0073695,10.387406,9.789706,14.553528,-3.3510435,1.4853638,8.164306,8.498749,-8.4017725,-9.067751,-0.8536318,1.0417131,-13.317584,-3.8502781,-14.763544,-13.968257,-9.071115,-3.8598857,-2.6080353,5.444826,19.589731,-5.5952806,-14.425685,-4.8290505,-5.164807,-7.005141,-1.6420292,1.3417457,10.01211,1.9473102,-4.4710984,-1.5417511,3.4483917,4.7245646,-0.73898596,2.374241
UCEC:C3L-00770,UCEC,26.136917,55.87622,-18.516125,-36.19655,-33.246735,27.173307,-16.396797,38.115414,3.694378,-30.09297,46.803787,31.84002,2.7002313,63.262978,0.65255564,42.51725,-66.30268,45.55154,-31.129017,2.645597,-3.9932878,15.234446,41.798176,-9.047681,-53.08385,-23.017132,-101.84548,-16.759672,12.79479,-26.925714,-53.060284,-6.704292,-16.07788,7.7231445,-20.10058,27.455044,-81.51027,-28.246117,3.248171,-20.599148,-10.615593,-23.553589,-2.040951,-64.04247,-26.321003,-34.372868,4.2909794,-19.035358,56.334717,-44.644238,2.4094987,-2.6522346,6.4715905,7.1286283,-25.136631,-42.815933,-30.81265,-89.46431,-89.94411,15.0596895,-80.966156,99.00578,-45.72417,-34.718956
UCEC:C3L-00771,UCEC,19.723404,-8.473003,2.2000375,-16.273169,-16.131052,11.028347,15.457465,6.3576026,-20.944925,2.736176,14.253504,-1.1779084,-9.430816,12.098963,-6.288106,31.818338,-29.774685,7.15038,-14.742071,18.95667,9.940157,7.000085,32.608105,-1.6980484,-0.72979546,0.42594084,-43.159634,-7.3373237,8.003529,4.965058,-1.269198,-11.274308,4.5087442,2.238761,-13.134528,22.358658,3.5618238,-7.103974,-13.388072,-2.5138261,-17.42374,-0.23168695,-23.170467,-15.919627,-3.679388,2.6866193,-9.672155,-5.4333086,40.117523,-22.065365,-0.08422583,-12.581827,4.163091,13.930322,10.558055,7.20019,-3.8864684,4.0306325,3.7205455,11.51811,6.1544833,27.785675,-23.362978,-3.374533
UCEC:C3L-00780,UCEC,22.65252,69.67423,-7.5002522,-7.205705,-38.016895,17.353777,-2.1979167,27.104145,14.723554,17.089405,33.77849,-9.378074,10.179753,9.507398,-0.8785085,20.265312,-15.520458,4.092449,0.06293014,19.135239,-0.66898715,0.0040326044,-11.638851,4.9820557,-10.303952,-7.147853,-47.168625,3.2259169,21.171173,6.252203,-1.3946403,17.364115,-2.229138,8.096595,-4.8057275,30.657421,-19.011227,3.9695523,20.388098,25.904348,7.658904,-14.073645,-31.548254,-8.601268,13.199464,-17.682903,-4.805896,-7.829089,45.584312,-33.854767,-3.4790223,-3.742824,-3.905993,-32.4268,-26.19077,-7.3646812,-8.351971,-33.239834,-18.846464,28.048365,-36.528107,18.899555,-40.91278,-23.309387
UCEC:C3L-00781,UCEC,10.080285,24.40434,5.1409345,13.877205,-10.429257,0.9156656,-17.606344,3.9862506,17.116114,16.93612,24.62622,-17.215143,21.241037,-3.8453963,-25.836487,19.531157,7.2689233,8.832994,-14.407176,-6.928718,8.186135,-4.173868,-19.320314,29.767986,-9.802454,1.2149531,-28.502867,-19.709297,2.038388,1.9330596,5.2482524,-9.107289,-6.0220366,-5.799908,4.5759807,9.849617,-16.00219,5.1822734,16.267094,-4.4452558,27.947744,4.1647263,-28.460337,-29.719608,6.470649,2.3486946,1.1764742,-12.04416,26.807798,-40.04579,-0.28004235,2.2444353,-0.24477153,25.732168,-22.820469,-25.87486,-0.80475104,-26.22906,-17.368849,-0.8071306,-21.043253,34.99716,5.338787,1.2412326
UCEC:C3L-00905,UCEC,8.4094515,26.078707,-8.947251,-1.8967595,0.53754026,-30.670767,-13.962907,34.613052,5.1086354,-6.865346,25.100157,2.3460588,-3.8574421,26.241156,8.809133,10.929272,-27.43105,1.8976659,-12.504977,-20.473164,24.14495,-9.973781,-9.541811,21.88129,8.632345,-11.434826,-23.773273,-3.5298705,-22.233963,-11.053414,-29.880928,13.788237,-6.2900314,27.508425,11.756887,1.3406289,2.292217,-6.9453306,-6.6524773,-7.6432023,18.988583,-18.364273,4.634115,-24.39636,-20.33184,-21.083996,16.683025,-5.7482543,11.032952,-15.5217,-26.960405,-18.413965,-2.0225017,-9.718954,6.2101126,-24.245464,18.530945,21.45737,-38.577312,30.9127,-27.333666,-10.23316,-26.249353,-15.43084
UCEC:C3L-00918,UCEC,6.2582645,46.43896,-12.322369,-3.9567933,-17.899395,7.0272846,11.212376,14.605505,13.899952,19.206663,15.018709,-3.037735,19.39406,9.0932045,-14.511188,-12.609272,0.71562475,-0.67977536,-18.145714,7.656709,3.1685524,12.3643875,-9.73925,14.663007,3.7631464,12.256859,-22.123814,-21.386225,19.236095,10.321561,-0.32955688,12.586206,-5.904313,13.400199,17.832035,29.568716,-18.351665,6.3552036,25.37674,12.103548,13.2679405,-9.122218,-8.574386,-19.68282,4.8338366,-10.513409,1.2841088,4.192429,24.590181,-18.183523,-7.729232,0.051500525,-5.495872,1.1510592,-23.681416,2.2728708,1.4312487,-5.1078453,-24.173918,1.7621131,-18.38043,7.6153398,-4.0521574,-5.660046
UCEC:C3L-00921,UCEC,1.3490057,6.405394,-11.430318,8.392483,5.351552,-21.63994,17.506914,-5.6019583,-7.9018044,-15.185514,25.772722,-22.60931,19.90392,24.702353,-5.6653905,21.792137,-20.320475,-14.289749,-21.480742,-2.470488,11.779604,-6.1882877,-1.6918513,6.3379965,1.3963687,-12.434573,-10.121415,-13.329306,-35.01247,2.0760002,-13.432151,10.369849,9.710915,9.202732,-1.2939454,11.182011,-8.665797,-0.7774322,18.00094,-3.1745694,15.363052,-8.079745,-9.976807,-38.2721,-23.309685,-7.070076,15.7114725,0.15157247,5.8293967,-24.79957,-16.659575,4.8264146,-2.9172742,-19.66544,6.109675,6.5043216,32.185482,5.0068884,-42.80246,-10.28817,0.56184745,1.958504,-27.026281,-6.449488
UCEC:C3L-00932,UCEC,4.7709455,-0.48031178,13.905713,-5.287286,-10.986819,21.20368,-6.670206,2.5321085,-14.001098,1.2271769,15.855332,8.4152975,-10.466269,-2.202839,-1.6884493,-0.556951,-21.558615,9.207523,-16.019695,25.835169,3.7169807,10.059763,0.37800914,0.97870284,3.102549,6.799222,-26.259655,-1.0010785,3.1449525,8.270788,7.5628123,7.6222506,-3.7348757,4.4238553,7.4638457,11.122429,-6.537531,-1.6917839,-16.474316,-12.877767,-9.472513,-5.907912,-26.50059,-10.78472,-4.095535,-6.385035,-3.3787043,2.9117963,34.761356,-14.425716,-8.587466,-13.203619,8.163537,-13.762536,4.4513173,8.651834,4.967147,5.3456535,-1.9267304,0.27451515,12.921703,16.204391,-5.452979,4.3895445
UCEC:C3L-00938,UCEC,10.827007,13.583658,-3.3145065,-7.9771,-3.9265661,-13.424756,13.824219,-11.748988,-1.887456,-12.961117,20.761675,-13.895786,11.214851,7.8551555,-15.228578,19.541851,-38.86223,0.85749424,6.6759715,6.9674726,-2.9816475,-13.333799,9.772268,-9.2696705,1.9158461,-6.480291,-29.514954,-4.7667546,-2.327732,5.50236,-14.397955,6.9036036,14.89248,-23.288942,-0.2572323,34.278156,-27.383434,-7.0204854,7.782005,1.255563,5.30817,5.556469,-12.264178,-16.697197,-7.8343005,16.52102,-0.48975906,-4.316992,33.69818,-19.482483,-13.588285,-16.917534,0.26457027,-10.368484,-2.41309,21.383121,3.4924426,2.2295277,-17.863256,10.349587,-2.6247618,22.151081,-14.383512,3.5331275
UCEC:C3L-00942,UCEC,-21.116837,13.611558,7.3156676,-4.8025365,2.2740555,-1.3814191,-7.4614143,4.183598,-5.092156,-1.3120569,17.06511,-7.9101295,-4.4405737,17.129425,2.8935127,0.028010704,-24.173254,-7.3008614,-11.2754755,8.235801,7.850114,0.32356954,-4.639041,9.064245,7.3622117,5.9990416,-11.031052,-16.78254,1.0917282,-14.46534,4.8406315,0.10733266,0.12354955,0.6977134,23.195307,17.54646,3.190634,-11.4795475,15.355557,4.785577,-10.062421,-4.2392383,-3.903163,-11.198211,-11.357566,-7.202934,-4.9148116,9.260879,17.822363,-4.754402,-3.101738,-11.655388,0.6886615,-6.411104,12.612316,1.4194005,-0.4782095,7.7663116,-8.062469,5.8627586,1.3151354,-2.2181807,-21.903019,-2.9245245
UCEC:C3L-00946,UCEC,-2.3431149,51.493595,-7.7246447,-15.354399,-19.096647,18.72241,-5.0936975,34.072105,-10.538337,-16.990557,20.159252,-4.8109374,-9.801301,27.323841,-18.27036,31.95066,-10.388134,8.111742,7.885473,5.3383265,6.688089,-16.752913,5.3503933,-4.781059,3.5168493,13.924049,-36.981407,-14.53076,-15.889654,6.9257555,-1.486842,20.88643,-10.80114,26.238634,-4.4995127,0.977061,-9.754351,-10.405592,7.560303,18.131157,20.249395,-7.9712963,-19.616697,-31.298647,-17.354107,-25.410307,-25.37224,-13.330483,6.598667,-20.983532,-5.82481,16.589745,10.067517,-35.834034,-2.5643888,-13.273637,-14.931256,-15.356018,-13.76842,31.08896,-21.0758,42.478252,-36.897305,7.122888
UCEC:C3L-00947,UCEC,8.604119,12.089042,5.978982,15.060469,16.421118,-6.8378754,-8.408509,7.496506,7.265805,14.137042,18.989693,-16.206228,7.3631907,19.180386,1.8126708,17.968107,-25.152948,-5.0566344,-36.779457,12.746188,13.315834,0.105237715,-3.6271572,22.266539,-3.6211228,2.4227514,-26.598522,-21.13774,-7.931161,7.0644145,-7.2648134,-21.56336,9.02347,21.806665,10.538117,12.660665,1.6520413,19.419468,6.403967,-3.5941556,3.6145756,-22.846807,-1.4968004,-37.372227,-14.867213,-3.2238965,2.9768531,-2.743235,15.608178,-23.504553,-8.748287,-7.3155107,-23.278189,-0.4474601,10.424943,-21.752949,-0.3681152,5.3015223,-26.968494,-0.69470936,-1.6118338,9.861751,-6.628025,-3.985097
UCEC:C3L-00949,UCEC,-5.3990455,7.962512,-0.20032308,-2.9927416,-1.0142744,-5.5332484,-4.251606,9.997252,-3.4680266,8.403402,-4.4964232,0.64254755,6.0960546,9.508707,-6.2674007,7.1693783,-8.258999,-4.149775,-6.6725965,1.741259,-0.0014971262,-0.08280123,-6.1894593,-1.8493687,2.9268355,-0.5547174,-12.00869,3.5004864,-8.749765,-3.4989617,-10.132611,10.2657,-7.5364866,9.175727,8.38599,-3.052831,6.0097985,1.7031239,-4.65217,4.4553533,0.5217158,-7.075099,-8.989513,-14.185379,-6.167619,-6.7368207,8.544847,2.306375,3.9763951,1.9724333,0.631982,0.6275006,-5.059475,-17.644829,1.2092015,-1.644091,2.1704113,-3.1844816,-7.7608657,-3.4339838,1.1832652,-3.9009428,-2.3300648,-0.092690855
UCEC:C3L-00961,UCEC,-2.2300901,8.634181,-0.85728765,-1.2048533,-4.8336177,10.626621,-3.8865607,0.8937443,-10.073579,5.631586,1.6868316,3.0540786,-1.081835,-1.5263422,-2.642775,4.6372437,-1.845667,-0.37877584,-10.821343,17.095018,0.8014166,12.207354,2.4200304,-1.5268462,5.398705,-1.4252648,-6.3234215,2.415644,-2.6780899,11.12385,7.6590667,8.317086,-2.749305,8.410603,8.063891,10.705447,-4.609668,-2.902705,-11.48321,-5.840491,-6.201783,-3.3371563,-11.828178,-13.097604,-0.29480734,0.07045315,-0.38898656,7.7788353,17.192722,-0.0063688443,-3.0347476,-6.369937,4.8993435,-0.9815235,1.7727927,1.9088459,10.58837,11.268312,-5.2994275,-1.6049662,7.474871,8.815813,-3.0859187,8.744655
UCEC:C3L-00963,UCEC,11.729357,37.302883,-12.757372,-3.6521542,-15.031955,19.29315,-6.693013,23.01989,-4.0408072,-12.430646,5.659492,5.7047977,-0.9298381,-8.72507,-9.631432,26.663094,-7.2100296,13.434608,-8.237287,19.317863,4.543348,6.2521377,7.3689237,5.6864185,-7.7770977,-6.1928,-21.376085,4.0116844,-1.7179711,23.59684,9.528988,3.5870705,-1.7717575,16.647734,-3.6266687,20.510284,-12.219394,13.507455,-5.168864,-11.772455,-8.279455,-13.056789,-17.409048,-26.125647,4.034637,-2.0154452,-6.667472,-8.715282,21.422453,-14.130682,-4.1266475,7.3712745,6.3448024,5.7965064,-11.492333,-4.9976425,1.466048,-5.4902587,-8.885153,7.928299,-10.675619,39.484646,-20.410345,12.060899
UCEC:C3L-01246,UCEC,13.006156,30.737097,3.4395926,-3.7646422,-24.654049,6.3872685,14.003875,2.9474943,12.770539,15.16996,16.835903,6.8668942,17.746944,16.458073,-23.111576,-18.149939,-24.895922,3.1604717,-8.648855,29.26606,7.730367,15.117649,-2.8701792,12.259616,11.645986,3.8069596,-27.643637,-16.96399,14.158441,12.58578,4.5522504,-23.122803,-10.06994,5.516998,24.058924,7.190131,-31.059278,5.2876496,9.544909,-4.799572,-4.371357,-13.546834,-20.563408,-22.51488,4.0873904,1.6802708,10.247653,-10.941664,20.120752,-9.193806,0.91266817,3.1041577,-0.2441657,6.951455,-3.6353676,-1.1616647,8.057027,-9.151936,-18.63161,1.0156693,-2.9930534,24.025034,-5.1163216,13.4320545
UCEC:C3L-01247,UCEC,14.123343,10.972207,9.815275,7.1399837,-29.467646,-8.267338,-4.403849,3.5751865,4.578731,2.2156935,18.233946,-5.670083,-5.0301166,24.8294,-13.635692,3.2303345,-30.797194,5.0598,-7.2893047,12.518866,25.568558,3.7847207,0.9568914,9.524883,-3.0493736,14.327374,-27.53058,-4.016174,18.387955,-0.6567362,-1.9237188,-12.997587,15.225743,0.57873523,-0.67946637,6.5644364,-12.424883,11.173485,-6.229247,2.5931118,-16.079714,-5.8688126,-23.95858,-9.731052,5.6391907,12.207399,-13.054138,4.8362966,38.50403,-11.660597,-10.21295,-10.6039,-0.9800715,3.6492565,8.520019,23.695168,-7.452086,2.6814873,-12.966936,18.063337,-4.1744637,8.580044,-21.370865,22.571495
UCEC:C3L-01248,UCEC,34.77296,35.35095,0.8609941,-5.2743,-8.869029,11.209899,-0.38156012,27.473377,24.696447,6.797975,58.20987,12.092373,8.810574,48.46669,-7.480822,21.982746,-48.150745,8.748578,-2.6665432,26.310486,-16.597176,-24.759579,6.9448805,-10.478826,-27.374763,-15.118923,-59.380684,3.7713585,2.651694,5.1514688,14.8695345,-16.858778,-7.4464235,-0.4428464,1.7771405,11.616757,-41.87878,-14.5936985,4.3067026,1.1822667,-6.3039646,-18.032982,-24.93222,-32.060448,1.2619094,7.2681913,-1.9017807,-10.582373,55.294525,-41.80166,2.2175322,-3.1958752,0.6149573,-44.626514,3.6525848,-7.3269563,-1.7257762,-18.755537,-31.755934,27.730425,-21.847843,70.78541,-31.369038,7.9909525
UCEC:C3L-01249,UCEC,10.283766,52.19911,-30.130295,-24.33774,-38.196907,26.74362,0.7471768,36.18527,-0.75096846,-28.702902,16.139793,23.727873,-0.33992022,7.625099,6.5180497,71.823166,-9.3701,17.960476,-4.3633633,19.776516,-4.6619287,-18.705107,15.81983,-13.71806,-67.40663,-15.024416,-82.98832,1.1116657,5.5985208,5.0624027,-17.147526,-9.897822,-15.436054,24.287725,-29.655552,24.669674,-25.392946,1.0999181,-26.436375,11.699628,-17.941957,-20.232729,-5.0226045,-46.20632,22.28143,-10.981541,1.0671884,-18.675482,34.690067,-38.226883,18.742079,-23.118212,-12.040465,-58.903984,-29.457806,-12.699494,-29.824726,-65.45564,-27.34857,27.277937,-20.194132,87.79536,-57.85787,-29.600307
UCEC:C3L-01252,UCEC,10.973467,12.752083,-6.019237,0.47239465,-3.119904,14.431013,0.39584014,24.68425,-4.723676,7.0602336,31.447668,-16.04984,7.845106,28.624218,-1.983693,31.814476,-45.90353,5.200634,-10.487695,17.892693,1.3697586,-3.5287573,-7.9622545,3.282865,-11.473415,-8.135153,-29.07859,-12.473826,-3.5733812,1.0552214,9.858186,-6.840438,-7.666955,6.3701935,12.059627,27.807896,-1.0765312,15.289979,5.6486816,-8.75749,-8.832131,-17.343718,-15.469598,-29.495085,-18.68142,-17.459295,7.8575616,3.6017795,43.7972,-33.05444,-8.863677,-4.472567,10.984416,-33.986717,1.8669276,-15.732852,15.662736,8.264403,-15.764596,1.0715337,1.6571614,38.459904,-9.791052,-8.4281225
UCEC:C3L-01253,UCEC,0.96312356,-7.293768,15.475017,-16.766186,-34.133278,12.252069,0.6957361,12.349081,1.6843529,11.927868,24.779846,-0.59950835,-1.8665187,25.733982,-9.497601,11.325169,-24.834337,3.0326912,-2.222782,36.29429,23.575907,6.9321256,-5.8215027,24.807762,4.462729,21.272858,-26.773806,13.385333,13.342718,0.15134126,-1.6601781,-18.133154,5.800442,0.652833,-2.022013,14.960672,1.3671716,11.97501,-17.995558,-6.8214355,-17.128828,8.49284,-28.812742,-12.895246,9.626112,20.825619,-17.845177,4.943305,51.014675,-19.878891,5.9343195,-29.404806,12.995987,15.698839,-1.6527151,29.561138,-11.980381,1.9904794,3.9260833,6.9002733,16.590029,12.677002,-14.872942,21.72918
UCEC:C3L-01256,UCEC,-8.406648,18.666388,4.0859423,-3.202824,-5.0497494,-2.9048362,3.0054228,8.193296,13.717067,11.389551,14.478273,-1.1966674,15.374849,-5.3882527,-4.896083,-6.6624866,-32.56794,8.914154,1.0003735,23.483967,10.790539,2.6589887,-6.7830887,14.599432,7.1068726,21.57768,-8.918803,-2.2419066,9.399252,-8.068794,-3.017028,-14.0160675,14.427254,-9.948917,29.652424,16.93984,-2.637631,1.2337914,9.589485,-7.6342154,-1.3006982,6.100245,-4.87003,-13.044991,5.1535697,15.856191,-12.333321,7.705599,26.17852,-6.252267,4.2670646,-9.918704,6.586958,3.407385,0.6274869,15.5436125,0.4999231,9.785805,-2.8556728,-11.322388,11.25305,17.019444,-23.773373,10.60688
UCEC:C3L-01257,UCEC,18.422632,23.48934,11.078739,0.61800444,-9.42814,-0.6647935,13.515197,-6.3641644,5.3168097,21.075554,19.978924,-2.5644934,1.4887755,13.170309,-14.2009115,-16.316183,0.17380996,4.4486914,-9.5576515,18.435099,-2.3910878,19.175135,0.24379808,6.9811225,4.292615,11.644977,-24.793312,-26.269627,10.391508,0.7544804,8.48148,0.1442072,-4.769475,16.86392,19.98801,17.449982,-9.000176,-5.3242917,9.307534,-2.4840138,15.081475,-16.623283,-14.813578,-8.533916,3.9555092,-12.910714,-4.470708,-4.709138,16.565132,-11.765833,-13.989904,11.645121,-8.636487,-8.19667,-7.079688,-1.8812082,15.236396,-11.5035095,-9.515938,-3.054902,-1.5205355,13.454414,2.804841,-0.795723
UCEC:C3L-01275,UCEC,18.140327,27.011755,-6.4752917,-2.6291919,-4.949685,6.6778355,3.2369254,-3.519642,1.2438138,6.349055,40.743416,12.968346,8.680908,50.646324,-23.639074,25.119461,-51.83961,23.833303,14.809197,-0.8769542,-6.427122,18.997398,20.410952,-7.531042,-2.371742,-7.256836,-45.93439,-0.4239002,9.276016,-25.944729,-3.8683329,-13.00239,-20.718004,15.963371,1.0141462,-1.1102177,-38.34034,-11.361664,16.626617,1.4433595,16.32852,-8.620482,-22.041807,-53.549973,-22.970892,-5.1379213,-12.494551,-8.132842,30.631071,-23.321608,5.2625437,9.114777,4.1385417,-4.3864026,-0.850955,-5.4681954,3.585818,-30.419588,-20.452637,-3.5928593,-18.98998,42.91338,-22.494574,1.6527479
UCEC:C3L-01282,UCEC,-10.697687,15.941358,0.030701898,-17.940836,-16.388536,18.434515,-1.5500572,14.907581,-1.3510692,-11.065722,24.854242,-8.295447,-9.9035,36.073223,-2.3020504,38.88731,-52.44311,-16.173412,-1.6304452,-0.4949195,7.665997,-9.5975275,9.334988,0.4951797,3.3391461,1.5974971,-48.740517,4.1713324,-41.824276,10.858814,-19.969467,34.984585,-18.006842,18.818775,9.4570265,-17.80233,-4.3067794,-12.076523,13.26783,10.113791,34.207485,-10.0326,-13.779379,-34.80544,-22.179852,-7.4947677,-7.2122226,-25.693277,18.43476,-19.470356,-8.444462,19.137262,13.766379,-41.52846,11.78083,-18.676908,8.869523,36.788784,-28.607618,18.24642,-4.4105964,22.470978,-38.90024,8.10055
UCEC:C3L-01284,UCEC,30.827518,69.54004,-20.374706,-15.139681,-43.028694,3.8842266,-8.292115,44.998325,-12.957233,-37.685097,37.78002,6.8203096,4.2519393,2.3348255,2.918978,54.35649,-9.030373,16.754864,-1.7557967,4.656437,-1.0334672,-26.566435,0.9230085,3.47928,-47.2682,-10.011641,-78.06638,0.47214884,2.4010594,6.127306,-15.858252,24.453014,-11.615829,8.155312,-38.622025,29.429777,-20.4711,-32.867527,10.851871,27.491467,-22.792658,-12.132912,-19.112516,-2.245224,25.297062,-25.327007,-25.763739,-20.768261,50.230934,-36.334595,4.8197365,-30.166456,-15.364613,-43.145733,-14.465983,-11.400874,-21.7084,-50.651596,-29.493567,24.908762,-30.806,78.14345,-43.940662,-42.596146
UCEC:C3L-01304,UCEC,-9.405423,18.57187,5.9438863,-6.9478126,-19.626673,8.733497,-13.291401,21.555485,-4.2355695,-5.944371,23.339045,-14.862897,-7.130605,32.38392,-11.792115,29.729448,-40.462555,-12.801373,7.0211163,-10.326135,7.327032,-6.482051,-9.513945,0.6398631,12.547834,15.256205,-30.983799,1.3026874,-24.154083,-7.2149405,-7.403041,23.656755,-24.455153,12.584211,12.580155,-11.51326,-8.884632,-2.7528355,16.233946,11.0689535,20.495075,-7.4843554,-24.626394,-27.282236,-19.157549,-14.324236,-11.568666,-13.346332,13.646455,-15.474654,-7.443329,22.417812,14.168574,-35.95435,-0.20001745,-14.150056,4.9971323,11.196908,-12.78459,13.329803,3.2950008,33.371437,-36.85869,9.799889
UCEC:C3L-01307,UCEC,-11.139558,14.585138,3.2129385,-13.423952,6.8157706,-2.4046483,-2.4853556,15.529443,1.756182,-8.556019,11.40126,-7.323086,-2.823946,30.099932,-0.06403716,27.396194,-35.12163,-7.8978024,-0.846591,0.82813764,12.883841,-11.806113,9.690041,14.656067,8.5878105,8.550991,-35.371933,-8.307642,-29.543774,0.83957034,-13.1715355,23.577433,-4.1825967,21.176153,9.702389,-12.587448,2.2688992,-6.4195447,7.497119,7.4758687,33.028976,-4.2321258,-9.413307,-30.575735,-20.669004,-6.284804,-8.354036,-15.373088,7.3589664,-10.978022,-9.768802,6.053483,6.529909,-22.356653,13.214684,-18.26686,9.184792,16.90611,-25.416553,17.041384,-6.0550337,9.98342,-27.177965,0.86329645
UCEC:C3L-01311,UCEC,-10.779112,21.09645,-5.4104915,-2.490139,-0.13357563,9.0521,3.7182834,16.576311,11.937243,9.490559,28.213406,1.0193412,10.219704,7.438759,-16.401491,-4.025967,-28.170942,28.3418,-0.36094376,21.883137,-1.255897,-16.570816,-0.04013747,35.935955,-12.5959635,19.631046,-21.181196,-13.607739,11.832772,-8.162112,24.61253,-23.737661,-1.3772589,-1.8658764,37.193413,25.93694,7.5178447,23.15259,21.054369,-3.0687892,-6.1082783,1.9504278,-30.101105,-30.940317,-16.415064,14.691439,-39.71154,-20.879261,34.12914,-36.987522,3.232085,-5.700532,-9.301866,2.2014847,7.0962553,-9.020873,-2.2493048,2.7036583,21.207527,-20.075962,-6.495584,37.898083,-44.794914,-4.5236444
UCEC:C3L-01312,UCEC,-1.4923427,39.98694,-19.104225,14.315987,-17.479677,9.06893,-5.233622,11.708134,-19.231,-14.435097,17.492537,-19.788498,-1.8377366,-3.4683893,-9.606339,28.604694,-22.66908,7.124031,-24.356092,24.860378,-3.9506621,-0.7016561,6.06513,6.580332,-6.9984174,-19.48404,-11.740711,-1.239868,-7.263,22.105072,9.85156,2.2094715,-0.5016787,18.436947,28.09175,1.5992924,-15.99107,-12.09483,-14.022721,1.7132726,-13.77885,-19.684025,-4.5978184,-28.825718,13.092881,0.49824664,2.629192,5.563838,12.890388,0.5591915,0.45113617,-8.44811,-2.396184,4.205308,5.6808043,-1.1596572,22.606647,0.2529286,-24.266514,-18.313745,5.614485,21.644194,-22.371996,2.931088
UCEC:C3L-01744,UCEC,-20.880371,20.915026,20.391972,1.5123489,2.2275164,-12.492746,-27.367579,3.7006085,-13.076413,-10.698517,13.102192,-26.159054,6.832018,18.83652,0.9383518,6.982741,-8.157128,-29.090511,-15.155658,12.908623,1.5637217,9.804339,10.538969,-2.6101797,-6.8159666,-17.227901,-19.757215,-19.101183,-23.696861,-1.9210845,-7.6708627,-10.236287,-7.8499765,-0.024526926,13.650264,33.64045,5.214456,-31.606026,17.846521,11.202149,-0.2698415,-12.260193,3.6520596,-22.072077,-12.793593,8.507954,14.46088,-1.8392897,9.67505,-1.0055082,-4.1193113,-15.8759775,3.0059295,-5.6458797,15.543834,-24.215565,16.762352,11.928835,-30.145174,16.218548,-3.990576,12.918616,-36.76273,-13.481454
UCEC:C3L-01925,UCEC,6.5974803,52.89107,-12.173196,0.5913395,7.3228607,-22.087614,-2.313042,-33.08521,-5.098143,9.239628,-26.11667,4.655205,18.2326,6.8355603,-49.37898,44.46864,-41.86102,-1.4845887,-32.689377,7.458697,-3.1753795,-5.0238304,9.773905,-16.539234,-15.88786,6.004003,-24.492678,-24.739847,0.022616629,10.775535,19.348715,-38.715103,35.121113,-29.268305,14.138293,2.5127423,-36.931095,-7.443208,9.602243,0.41513836,0.8698599,-7.4112167,-28.89332,-70.89904,-24.780556,30.379765,5.324032,-10.164647,63.196983,-55.616417,-26.245564,-26.14408,-27.082699,-2.0370011,-7.5889406,0.8859566,24.045609,-6.6742296,-3.7364051,26.294397,-15.67918,53.072742,-74.691666,-3.7591825
UCEC:C3N-00151,UCEC,5.1845317,35.454144,-4.8476152,-7.5024214,-25.748518,-5.771194,-7.8979845,25.41681,11.2766485,5.9133987,23.622662,11.690984,13.781736,-4.258424,-9.315261,19.223465,2.1108122,10.127968,-0.52961516,-7.0849996,-5.1541214,-23.14982,-16.75436,25.507767,-7.578942,-3.8894343,-29.675638,-5.090732,-0.53812194,-7.8513193,-10.342039,-1.5883245,-23.995935,-2.222519,-9.655833,22.188793,-21.165148,8.525811,18.833307,1.7322645,11.974244,-9.865471,-19.163126,-34.60061,-0.3178029,-8.138105,1.3298327,-8.553977,22.538446,-36.81916,3.6172369,2.095149,18.857527,2.1820498,-23.396633,-12.433522,-1.0465529,-16.65889,-33.124443,-0.4123943,-26.687223,32.96069,-3.8746138,-19.84796
UCEC:C3N-00200,UCEC,1.9135271,26.734097,-2.6060636,10.148069,5.202381,17.106016,-6.052329,-4.2125998,18.082573,27.5133,11.479464,6.049601,12.47974,5.847917,-15.582879,0.4757212,-34.998615,25.867039,-17.94307,31.130886,7.964884,6.654973,-14.774177,16.482212,-1.7708216,12.621923,-11.024069,-16.964804,12.852347,8.106816,-8.448132,-9.337743,-1.358792,-17.153877,30.702005,-20.771704,-16.196362,-5.8375983,-11.598085,-33.82363,7.9043503,-21.04651,-10.794882,-38.19667,-2.924326,21.491102,-3.7376263,-8.136582,15.992368,-22.581308,21.535364,-11.931232,-20.009535,-0.97326756,8.7380295,11.019486,-6.055549,-32.540035,-25.05508,-26.388605,15.339884,20.965942,-11.408949,-11.774176
UCEC:C3N-00321,UCEC,-8.668716,-2.707372,-17.368088,2.3548806,-20.457273,-7.291498,11.57494,34.193836,24.303852,38.656628,3.3671122,5.1289654,23.887869,16.753391,-26.255842,19.278004,-10.881306,1.1528567,-4.85471,19.990654,8.478052,0.16558194,-12.228987,19.807377,15.052474,27.728825,6.3944936,0.6120433,10.605076,14.084244,18.313208,-10.610032,-19.15672,14.137257,19.126543,6.1134996,-20.342659,25.909973,4.478568,-16.051931,-9.152216,-14.312761,-21.334719,-49.368546,17.07793,18.771488,-4.3281136,-0.15724158,18.373098,3.042794,25.230906,-2.3931527,16.01871,11.315682,3.9135494,1.9671035,32.524082,14.560154,-19.855146,-21.246698,14.632126,26.744194,-21.687178,10.334454
UCEC:C3N-00322,UCEC,-5.3559947,4.309059,3.98954,-12.367128,-21.819206,8.768605,4.148218,20.802353,-1.3429594,0.48178324,39.466545,-11.916325,-11.216541,39.041374,-11.761426,23.713085,-41.810066,-9.907864,-2.582652,2.37674,10.595565,-13.037411,-1.7017953,3.5381439,20.129612,14.614738,-29.499763,-7.74604,-22.351387,-3.2881575,-21.25888,30.165808,-21.15608,20.48414,7.763125,-2.327163,-6.1743317,-15.540029,11.541735,7.13496,18.8914,-2.1497557,-19.691021,-26.165838,-20.82953,-8.251703,-2.833009,-14.79139,18.649958,3.9606636,-9.921806,8.724387,20.777294,-36.138588,7.85445,-3.2948987,-2.6658397,14.452656,-30.5559,16.21462,-1.0505792,23.074265,-21.06737,-4.0583754
UCEC:C3N-00323,UCEC,22.840317,30.552029,5.9566483,5.98573,-16.330797,-1.8241012,10.315403,3.5398295,5.4096265,19.922222,35.290024,-0.57483405,7.2280087,24.537815,-12.695701,-6.1716447,-25.785463,0.5506228,-9.788841,9.523402,-0.7464713,17.037642,-2.523191,24.608143,13.054643,9.838574,-11.774537,-36.04375,11.587604,3.3110914,-1.5244495,12.64653,-7.3519735,17.575754,12.384608,22.776575,-11.479077,-5.102698,10.564198,-7.9717073,14.688238,-12.546411,2.004349,-17.529419,-1.5851765,-18.95932,0.2769386,2.219145,30.722221,-4.6105127,-13.962651,9.944883,4.752331,-8.960612,-6.632518,-5.0804434,12.93548,-4.452056,-23.057547,-13.868303,9.70497,1.6790612,4.0632415,-14.762812
UCEC:C3N-00324,UCEC,23.53757,52.91695,-13.658207,-10.098785,-35.809017,1.6804886,5.689211,36.42911,-11.317414,2.2926676,27.485659,0.07622918,4.169142,7.4927783,-9.538442,21.841671,4.3481293,2.7014346,5.120243,-3.841711,6.3415785,-7.097893,-22.003902,-0.7404725,-24.483711,-3.4677327,-46.99488,-9.292667,5.664429,1.451926,-23.123486,34.184284,-16.13175,16.82823,-19.663883,28.5033,-7.8442593,-20.865393,23.592754,13.564576,-7.252518,-13.98122,-19.252037,-9.574073,1.4224464,-14.998676,-16.091608,-5.121608,28.07924,-22.564346,3.8801367,-9.987626,-1.7111096,-20.499485,-5.1319776,0.44898394,-4.8210816,-23.069523,-36.26396,18.231194,-24.615925,38.151325,-7.5988793,-36.577076
UCEC:C3N-00326,UCEC,-4.3335185,18.024256,-17.713312,-4.1181808,-3.178874,8.0971365,-3.1946826,15.736481,-14.197486,0.34885463,3.1826427,-4.919913,-5.3341613,8.81794,-7.7562237,26.67106,-1.8348658,-4.1414475,-16.367868,23.750551,-1.7484831,14.890693,9.819086,4.7086334,0.8317869,-18.626984,-12.673347,-3.0191636,-13.953066,23.49118,4.091079,9.866963,-16.212503,31.604818,14.304168,12.049445,-12.008826,-0.20838997,-7.4537563,-12.975514,-4.656412,-20.241741,-6.1694465,-33.57282,-2.3979948,7.743389,1.5498229,4.8418455,16.752739,-1.0403905,1.3939972,-3.4088783,5.568641,-1.0230069,7.712786,-8.643744,27.56592,21.961666,-17.881685,-3.8695555,-2.5188763,20.585636,-20.718836,7.8654485
UCEC:C3N-00328,UCEC,12.657071,28.489672,-9.77324,-6.6215096,10.502447,-6.7732544,21.19447,28.026054,7.65756,31.984339,14.296989,28.075676,31.919043,-24.070807,-20.91148,-0.018424653,-9.708061,6.2723756,-2.6480615,3.8038015,22.97189,5.1195765,-18.710863,6.2983027,-13.351904,23.716492,5.133949,-23.235708,8.28703,6.7513437,3.0633888,-1.7245595,15.402073,2.5771852,15.559323,5.0739517,-17.648544,6.078592,10.811395,-20.97674,16.708569,-8.212438,-22.271992,-7.45004,-0.93421763,-13.762138,-12.199144,-10.93541,17.1398,-8.887895,-13.914605,5.7969375,0.5640206,16.518076,-2.688901,7.857836,4.6486826,-8.551232,-3.2758157,-33.30914,-2.6188955,21.490524,-16.50487,-2.1960163
UCEC:C3N-00333,UCEC,18.051891,50.29262,-1.0347743,-17.81141,-39.752884,-6.325976,9.080034,33.86599,-6.1346674,11.077776,44.224033,3.4285886,-3.4497101,4.0246267,-0.0855573,38.88877,-28.770815,10.0575695,-1.8659866,-12.637451,10.314711,-17.721882,-11.138067,13.916651,-12.922575,-18.7844,-39.065533,3.4404364,-13.398821,5.1138124,-20.586357,16.367664,-7.5585837,13.600569,-26.324825,29.278255,-16.21258,-8.099406,0.8114538,9.313802,-10.521881,-8.68188,-8.841474,-16.552153,0.5143381,-15.352882,-5.7963414,-23.890102,26.532846,-33.29326,-4.6605263,-5.042357,-0.5561245,-10.307528,-7.5556784,0.955581,-22.85651,-24.989567,-33.07956,20.693733,-22.269608,22.456352,-10.46573,-40.0913
UCEC:C3N-00334,UCEC,11.925538,7.377004,2.1866562,-0.96192676,-14.49706,3.7324433,8.103945,6.5979214,0.10620107,16.57353,24.14543,12.068774,0.09777801,14.867291,-2.0014715,-3.5628424,-7.669489,-10.50303,-19.851831,-13.16402,1.7926272,1.1828086,-7.392062,30.887741,-3.9362268,17.154066,0.36141598,-14.714243,5.997772,2.280688,0.2845984,6.0946884,0.11094436,6.444254,-10.4896345,36.237503,-31.13955,3.0114071,15.867081,-0.12412154,24.62995,-8.820818,7.2462893,-18.794174,-5.198912,-3.3452477,4.1889486,5.2902613,13.505625,-13.85867,-12.296053,-6.884445,7.9912457,4.769224,-12.726811,18.62728,21.029167,24.59972,-29.224865,-6.8323994,3.833382,12.896284,4.157334,-14.8605385
UCEC:C3N-00335,UCEC,2.6281796,15.221959,-11.753427,-12.583948,-6.5181246,8.013039,-1.8958337,16.98242,-4.063565,9.155905,13.520959,6.76814,3.3742719,1.0169504,-14.356273,27.433273,-0.73317677,-1.4560186,-10.916893,9.546519,4.979258,5.8672304,-4.4351134,10.719858,6.303058,-2.3889754,-4.2741895,-5.8558116,-9.1076355,12.069623,1.4411886,5.1722784,-8.23289,20.840677,-2.1053226,19.420925,-2.4804194,-8.033954,-4.061693,-14.295012,0.69010276,-5.230593,-17.943163,-31.854738,-8.195672,-6.21948,3.8092062,0.3353505,16.669466,-3.7836444,-7.480619,-7.1951423,3.6402793,8.89547,0.35636795,1.5302718,11.25603,13.907297,-20.049545,2.1257343,-5.9433713,5.400895,-7.9271836,3.2863307
UCEC:C3N-00337,UCEC,-14.225209,31.969215,5.865936,-16.786884,-23.905752,2.699634,-8.655008,37.30743,-10.509557,-5.2659645,53.597477,-13.518771,-1.6217813,50.399315,-7.2930074,33.905342,-49.475212,-20.331299,2.3059924,0.91287696,1.0410978,-18.768934,-25.120476,6.3061523,39.033367,7.371595,-39.800663,6.155297,-30.484264,0.5327874,-31.781315,25.873306,-35.44481,29.847456,10.91415,-11.608273,-24.124866,-7.145594,28.740765,20.71179,15.888382,-6.6703978,-33.25225,-44.014576,-24.958042,-15.175479,0.51520944,-13.226256,21.357107,-6.38575,-6.714655,4.9721484,18.431095,-39.04991,13.248906,-8.7322235,5.889339,11.943676,-45.70759,31.704716,-20.166311,21.046394,-39.31767,-4.958887
UCEC:C3N-00339,UCEC,-16.047136,44.17674,-4.215915,-24.36669,-2.7251756,-5.7361827,16.807364,0.56098634,4.315206,11.405318,7.4409213,19.504225,12.3805685,-6.12184,-9.083747,31.174107,-5.736836,3.605909,-3.4092114,8.246148,7.0475082,14.611174,15.508849,22.615784,0.44511077,-17.437845,-14.7312155,13.982315,-21.541084,15.522947,-15.112387,8.580815,-11.773743,18.266104,20.799797,-7.4216566,-6.545664,16.409168,-4.24767,-9.815707,10.442925,-7.8412676,-16.881516,-44.08637,-9.448581,16.189083,7.185355,-12.113126,16.060102,-4.1757317,-0.39482263,4.567694,9.104356,2.396661,16.480742,-22.531094,31.756573,17.75895,-24.870394,-6.0581236,-10.364105,2.5401776,-32.485855,-13.008896
UCEC:C3N-00340,UCEC,2.0427282,22.120543,-11.978595,7.640549,-39.319836,-19.467487,30.428389,40.229923,36.04318,25.667763,-11.3582325,19.847229,5.3304496,-9.991345,-14.738206,11.246166,-19.350279,26.078938,-1.3570826,16.063322,28.117178,-26.90258,-13.95359,2.5049727,-9.053806,45.61717,-19.501116,-3.4712856,20.779808,9.000661,26.897505,-49.352566,23.031439,4.381706,-18.5534,-0.75566846,-28.180988,32.100292,0.6098358,14.767947,-13.418356,-22.32898,-16.465225,-21.575739,18.407158,6.321429,-52.50796,-4.850401,33.655212,-21.947922,3.7430394,12.191826,9.191026,14.76067,11.41503,7.436573,-6.222577,-15.718676,-6.8725104,19.068563,5.630533,42.45488,-54.29155,18.395288
UCEC:C3N-00377,UCEC,6.61589,-0.039723262,5.6605678,7.7637124,15.015577,-2.3434772,-1.773077,30.308521,9.988636,-1.1276826,42.43414,-12.231467,21.941797,29.558552,-22.135954,14.855691,11.075701,21.676464,-58.463516,-1.5353161,13.518698,18.924458,-19.92274,11.601819,-15.240948,6.746272,-24.356728,-2.796938,-9.84978,21.394882,-14.346972,-0.6893967,0.063566655,-13.1367035,-2.5926135,-1.1060188,-22.998028,9.593756,-12.813942,-7.780728,23.135672,33.431072,2.7422688,4.1744223,-9.376321,-17.521688,-6.664464,4.8597956,26.669256,-42.240005,1.7599988,-9.737758,10.25367,-0.48269582,-3.86195,-11.003125,28.131077,-5.1981616,0.98626477,3.1440434,13.14597,3.646547,-0.0935771,-0.13764521
UCEC:C3N-00379,UCEC,-5.9563336,15.400249,1.4375002,12.936948,4.814575,6.593801,4.5523887,-2.8003352,21.294512,30.861729,0.17537507,10.996396,14.415633,-0.76793647,-25.20033,-0.8487321,-30.978775,22.378105,-14.034478,10.577203,13.237587,3.9895222,-11.882335,9.524263,4.574213,26.295185,-5.604684,-10.073015,12.070677,2.2886784,-1.1896083,-15.877797,3.7569625,-6.540253,25.411993,-9.101009,-11.072652,-3.7026813,-2.9939802,-20.504253,6.289114,-5.035067,-16.323423,-31.614809,-5.2924905,25.720573,-15.229168,-6.9761972,15.074959,-11.259233,12.711904,-1.0802238,-10.522906,5.4143414,14.654041,20.257175,-5.8598495,-20.397312,-13.470247,-18.892115,14.546003,19.611584,-13.347301,0.59969807
UCEC:C3N-00383,UCEC,-1.2156932,28.06834,-13.863203,-5.8137455,-2.5633361,3.4475486,3.2957647,30.755283,7.5218596,13.3963585,-7.22955,8.966761,21.365284,13.160006,-7.2825937,5.91005,-27.641949,20.611647,-6.4891787,12.489997,4.28832,-6.515821,-18.018852,5.014318,-7.385489,17.377409,-19.726986,5.8885016,17.507616,-9.124571,-6.661133,5.705536,2.6943855,-1.4181947,17.061783,9.501941,10.716236,20.746319,2.9814215,-6.162661,2.248606,-4.1997814,-4.32758,-31.441805,6.0273113,25.028019,-0.9702934,8.738541,17.020863,-8.979836,10.977855,3.7335086,6.924832,-11.230669,-16.79179,17.684757,-11.49074,-5.729448,3.2675018,-19.456877,29.85113,25.064058,-9.515189,13.502958
UCEC:C3N-00386,UCEC,11.3074875,13.48895,-11.977488,-7.5497584,-11.27435,1.588717,0.33049247,6.0987806,-2.1276236,24.073734,19.425364,3.2475624,-6.76418,27.201366,-8.503212,9.9997635,-24.727583,5.585112,-5.869356,-3.9129467,7.911447,7.3278217,-11.713404,9.112016,-2.1951456,2.8691297,-21.962542,-19.966389,7.2075105,-15.549253,-21.879887,11.346339,-13.476931,7.9083166,2.6253543,-7.8008547,-28.600853,-7.7602053,-0.4721052,3.7758415,5.8908715,-23.035849,-15.558254,-49.949944,-13.514344,-6.7879972,14.5607395,8.880974,11.489386,-5.7511935,1.4874234,-12.971765,-10.190507,15.91605,-3.3902366,1.4540331,-11.777805,-11.1787195,-43.817535,3.243902,-16.246243,2.6040206,-15.535827,-23.82801
UCEC:C3N-00388,UCEC,-5.3975887,-4.294605,-11.682083,-9.309052,-18.628391,-17.442343,-1.6716938,27.682318,6.389112,6.610865,5.3123264,3.2132173,8.305025,22.261389,0.1357979,-1.9671363,0.6266798,2.1992366,-19.282354,-12.656787,8.510851,-14.051904,-8.475676,-0.6932684,-10.838686,-1.7300161,-14.112524,-11.214435,1.1071614,3.3881874,-9.235305,1.9732394,-4.811187,12.375102,-1.5338413,2.8197808,-8.3393755,-1.2625594,5.494644,14.597728,-2.574297,-27.338797,14.835049,-28.475134,-12.127946,7.9740987,8.956163,7.4317703,-6.133977,-6.84236,1.4009624,-10.307206,3.226348,-6.497752,-12.042505,6.380039,-3.8792853,0.46430576,-20.664354,13.27792,-16.181149,14.607666,5.0841594,-7.029149
UCEC:C3N-00389,UCEC,-20.203997,24.43241,6.8489647,-0.24943167,-6.4705505,-11.816804,-9.910968,18.628675,-5.391317,3.0487607,14.549431,-6.389784,7.020076,23.923225,-0.6908515,12.255697,-2.7070374,-17.256111,-12.529614,2.5383968,7.5517745,-4.705932,-14.495143,17.460636,1.5302265,8.642288,-10.4921665,-15.536616,-17.236574,-9.93062,-5.6051717,17.74818,-17.50201,9.3272915,10.252126,25.967484,0.8334266,-31.881975,14.425105,18.181232,0.6593988,-15.247707,7.435837,-38.516533,-19.558039,9.381058,9.338984,7.952397,7.095549,2.4871309,-1.4681292,-26.25055,-6.383921,-4.4832525,2.4911902,-4.8668447,-0.35891604,9.158927,-31.842686,15.33036,-0.17673635,-3.359506,-18.83488,-14.4608755
UCEC:C3N-00729,UCEC,10.241923,35.13181,-17.759836,-29.129667,-24.309698,7.959565,2.730707,17.888405,20.232027,-27.822699,19.954233,11.957204,-3.8625338,-24.966576,-12.703122,27.759575,-21.36268,30.664371,-22.177616,45.3933,-0.058250327,-14.578045,33.667194,13.6200285,-36.692387,-10.837973,-49.913094,-7.365495,-14.435055,23.998589,4.413191,-9.9434,3.976965,27.195951,-7.6724267,17.886684,-44.70445,5.3783317,-7.708912,-20.497877,-18.15567,-14.727079,-23.810743,-25.281382,-1.428324,-9.754926,-17.260523,-29.371637,33.247505,-26.672989,-6.797935,2.012886,24.783255,-6.190521,-15.798591,-11.27805,-14.130747,-31.101185,-22.861212,10.787999,-6.482489,65.841415,-50.07201,-10.528261
UCEC:C3N-00734,UCEC,15.212914,35.51987,-9.6982155,11.852573,12.571442,-10.2824335,1.8661258,19.053713,16.814817,20.975513,6.9032545,-7.259635,16.597364,22.652832,-14.691031,24.860405,-16.753162,4.401434,-38.58529,30.103855,13.679466,-12.8176365,2.9555666,17.36277,-22.798012,5.619251,-35.72204,-24.003109,0.047418598,14.16873,4.960772,-40.872406,23.853014,28.78355,21.118633,16.328903,5.3968663,20.145573,7.286237,-2.9730608,-7.8110294,-29.215982,7.108944,-40.914875,-11.980033,-10.260471,-3.8854978,-4.239848,24.412819,-20.52269,-0.45417064,-7.065229,-24.995617,-7.5829716,2.8647761,-20.527395,-6.964021,1.1511267,-24.782799,8.650618,8.710623,45.723495,-22.854033,1.3734717
UCEC:C3N-00743,UCEC,0.08235003,22.64209,-1.2981012,9.359365,20.837553,-0.3886058,4.204336,5.415782,1.5576589,30.14654,3.9568164,8.454895,20.668358,-1.758902,-16.879293,-0.81188786,-0.59859544,0.49142122,-22.386587,22.00923,10.900616,-2.6922843,-8.111208,14.738104,2.966126,12.265612,4.5592446,-11.142038,5.229247,17.125332,-2.7534585,-8.810214,2.9044998,-0.4764758,31.767345,-10.266793,-2.8174162,-8.584354,-1.0639362,-19.788553,0.9662501,-17.715017,-19.160141,-29.938005,9.576814,13.995571,6.45785,0.089105606,12.443202,0.74020725,9.3901,-5.6668305,-21.25088,11.713463,3.3610406,-1.0628211,9.012379,-6.322795,-16.41784,-29.949633,23.73829,11.06669,-10.33449,4.7420993
UCEC:C3N-00836,UCEC,-3.0639212,58.954624,1.8405573,-57.552216,-39.4272,-4.9243126,11.775715,43.094765,26.710102,1.4718953,51.436745,40.31194,11.547953,4.4074035,-34.66258,48.151627,-55.22342,45.817616,-10.827487,41.743603,14.071314,-7.887916,-14.071881,41.689175,-0.3422723,3.8805923,-85.54478,16.623707,-20.589622,28.706993,-28.92175,-14.077241,-53.940617,40.656628,8.442388,42.576008,-35.242947,38.444164,10.682041,-9.104874,-29.117052,-11.9079485,-56.602837,-39.890953,1.4076369,1.4815269,-12.475965,-39.36214,72.41767,-34.20354,-2.6606703,12.767435,63.31383,12.929541,-29.697746,-17.221596,3.1429448,-34.700043,-36.791344,-2.4775229,-45.217327,92.18132,-37.9468,-7.7947774
UCEC:C3N-00847,UCEC,-12.795998,3.6459348,2.750159,15.538542,-13.678424,-5.56876,-0.90078634,11.118502,28.13905,29.888845,0.839836,3.7470088,16.985641,-2.2003706,-36.205242,-7.6306496,28.467482,13.062576,-25.561186,-1.8446985,8.027492,-5.4860096,-21.618967,20.995499,1.2562041,22.786871,-11.262977,-20.205097,0.49209642,0.98298824,0.9297429,0.6490125,-17.26534,6.4725075,17.562593,-3.6116116,-10.243059,-1.1569637,2.5355985,4.6315784,25.511183,-25.114168,-13.764811,-22.218126,5.372625,17.173185,8.757029,-5.4462066,14.118281,-17.783594,2.5466647,-5.140408,-2.6138313,9.10255,-14.415357,9.435143,-1.3239065,0.52486026,-24.568586,-11.728097,15.234051,14.902032,11.9723215,14.165475
UCEC:C3N-00848,UCEC,0.5454067,61.06546,-25.86749,-0.23781163,-5.797317,-35.265903,39.452446,-4.603791,21.771538,-14.51235,41.94508,6.8509207,56.94962,17.863438,-30.66083,71.52744,-46.521255,-8.002995,-43.281925,-23.421516,12.722329,-33.39845,3.5114896,19.876402,22.11099,13.977535,-19.21196,-26.028372,-50.406326,28.26072,-13.11651,15.574851,24.361258,-13.455849,-1.3694168,62.958763,-40.71149,5.03383,19.419203,-11.433124,46.930607,3.6255906,6.3542786,-113.596344,-21.51186,2.8802648,41.3591,7.533103,28.844206,-43.227962,-8.212832,5.9589906,1.9852679,-30.366703,-10.615402,40.97979,29.659931,-3.9897616,-90.78579,16.61519,38.04575,27.369158,-55.28649,-20.01616
UCEC:C3N-00850,UCEC,14.33125,20.227827,-4.664395,12.908288,8.186673,-7.2606535,-8.15213,17.45805,4.408599,20.117697,21.19235,-9.223296,19.825155,24.774328,-9.745336,23.69659,-13.537832,3.469946,-20.933586,8.209477,-0.33250573,-3.5774972,-10.090855,14.189718,-25.665314,4.5972023,-30.882698,-20.11526,0.20175433,-3.3419945,2.090983,-8.988119,0.032284826,24.738516,16.161245,26.023262,18.182274,14.622898,8.70652,-5.7181277,7.460651,-24.449242,13.82342,-31.286966,-22.298626,-12.91034,-2.0004406,4.626166,26.785349,-14.969883,-10.312595,-1.451694,-7.136736,-20.724915,-6.1239395,-9.2927685,8.325993,10.235937,-23.455332,-4.615779,21.857454,30.191929,-3.0462942,-16.990028
UCEC:C3N-00858,UCEC,12.390832,14.1013,2.1070535,14.068382,18.550348,-4.799795,-14.86313,17.540375,-7.955341,1.603779,34.006565,-15.769454,9.099283,32.061882,-9.594956,22.902843,-23.428568,-6.01184,-15.073513,16.966938,-10.887531,-5.23629,8.175495,15.527882,-23.59499,-8.074119,-40.98613,-20.987606,-13.183345,-2.2778485,0.7926679,-14.136466,-1.5372623,13.081577,1.8117203,27.524557,9.273683,16.567411,18.33945,-7.921334,3.2120006,-17.725786,-8.324772,-31.354471,-25.495895,-14.629895,1.4331352,0.23403716,31.440008,-26.245554,-18.148104,-4.023322,-4.8996954,-12.848132,2.5211854,-34.266758,13.301262,15.231133,-25.927736,-3.0209394,5.081432,16.565384,-3.8589926,-15.89923
UCEC:C3N-00866,UCEC,-3.2054956,21.582514,-12.031409,4.149139,9.30491,13.200727,-3.0005631,10.970375,-13.416722,-2.1769485,12.375947,-4.236709,-15.643859,6.1690927,-8.533166,12.424538,-12.456299,1.614925,-7.651247,18.374313,-1.5008738,0.8041551,12.070848,13.648357,17.111656,-14.671512,-21.440853,2.717258,-18.968395,14.078531,-4.810259,16.883951,-17.035545,29.361074,20.52675,1.3388064,-1.6489536,-11.19409,-7.281103,-14.558561,0.015478067,-13.859152,-16.973373,-34.472557,-0.11608728,6.997951,1.9494525,3.350147,16.028206,-0.94878274,-6.4515424,-9.738216,-5.429287,-7.9410343,15.560867,-7.5056496,14.904145,21.17741,-14.487705,-0.34964025,-0.64852434,8.562392,-16.626326,6.972727
UCEC:C3N-00880,UCEC,6.004913,14.406823,10.137753,0.09577221,5.4839215,-1.3476956,13.99117,23.93094,-8.470387,17.447153,29.969854,7.6236944,10.989344,-1.9516883,-20.814018,8.428252,-13.682475,-9.34362,24.139576,-3.9024415,-14.60377,-8.165893,6.3925457,15.313222,0.5567827,17.150501,-19.502462,-9.8651085,-7.3682246,-5.606269,19.31674,-1.6341074,-12.312511,-7.1109867,4.369003,12.681928,-19.746582,4.2616696,34.417118,-15.514041,-15.762451,2.7585423,-48.310123,3.001501,5.3762274,-9.143953,-7.2982855,-7.272865,33.331882,-15.329217,-11.49775,12.753973,-6.857924,-4.7945385,-2.8402083,-12.198008,17.277283,-17.658743,0.5336583,-29.818048,1.0214475,34.5405,-11.140067,-4.084307
UCEC:C3N-01001,UCEC,-16.46846,16.780489,-13.694659,-3.5833745,-10.555901,1.6223913,-14.701259,30.761536,-1.5399201,6.0826573,0.8926927,-0.71566826,20.607582,23.084421,-5.3688507,23.356945,6.36905,0.81537044,-9.595641,4.8908696,-2.2184741,-3.1291199,-16.543558,10.759073,-6.3466043,-0.9489862,-20.112347,7.2988973,-6.9915843,1.8595401,-7.2937436,7.170519,-14.729819,18.439531,1.4049529,13.433912,8.684377,3.158547,-4.0568547,8.776264,-15.010214,2.7446454,-7.3269906,-35.743553,-10.953031,-0.1454847,10.62999,8.216119,11.512801,-0.43267605,-2.8713236,-10.4559765,-0.73439103,-15.545973,-16.469563,-1.7712884,-6.6721525,-9.637741,-25.4601,-7.171773,0.052662365,5.6714025,-10.738161,11.142482
UCEC:C3N-01003,UCEC,13.557138,-5.019694,31.13652,8.696533,-11.061243,6.728188,-9.252288,0.17243546,-6.194741,19.915125,37.570614,0.5166699,-3.4890413,-1.9532145,-22.875433,-3.8430564,-24.031136,14.558875,-0.7603049,14.029715,4.5114875,6.75397,-3.3726418,-3.8810632,3.8167462,22.780907,-55.187454,-5.2305255,8.295397,-12.50019,7.7950664,-3.5121868,-10.99215,1.6343766,6.4244213,9.437912,-4.3239727,-19.025637,-9.005929,-10.643673,-7.4829817,-1.4340465,-37.87374,1.1021005,-10.180824,-9.11667,-17.99803,-2.077313,33.035435,-12.9428,3.2475805,-6.188176,-2.2203193,-30.715227,-3.3680415,12.189792,-0.42391354,-18.772465,-7.6487317,-3.6292975,12.188695,21.761694,-2.8951063,2.3093143
UCEC:C3N-01211,UCEC,2.3695843,30.94813,-10.348603,14.13273,-24.405327,-37.9206,12.264284,29.518627,32.217213,27.221642,-18.49213,16.716772,17.475075,-8.836044,-27.486073,-8.759137,-24.84441,26.098589,-5.9800463,7.5919347,21.381142,-10.037052,-3.1752326,3.8119311,-3.0307863,47.795296,-9.869753,-9.10826,13.401324,21.944265,5.8259687,-50.99933,24.164385,-0.64844906,-3.2394083,8.687487,-17.585196,22.691551,13.077488,4.0105667,-5.9495525,-9.812357,-35.43399,-49.473846,6.206286,32.659264,-29.639647,-3.3847592,44.123474,-15.167533,1.5263958,8.557064,-7.639484,28.940943,0.79256415,8.821133,10.422181,11.895166,-18.580435,1.4498749,26.917845,46.755795,-38.765903,22.086819
UCEC:C3N-01212,UCEC,-21.653156,49.477013,-8.258067,-39.410515,-25.122114,-19.145126,2.3290198,26.812107,4.3124843,6.4154897,2.884701,18.444725,-8.724991,5.723039,-6.720308,35.56655,-11.444393,-7.530296,-4.9461174,2.3371673,2.8400383,-19.162798,-2.931356,10.381462,10.952654,-11.796298,-42.11237,31.440504,-21.662298,15.709909,-25.757746,3.1799853,-45.912052,17.421415,7.6873403,11.572722,-19.139101,13.620922,10.1252165,18.61354,-19.004871,-16.112215,-41.55168,-19.199053,-6.0008526,-4.493214,17.460808,-14.10311,22.68347,-10.94919,3.634777,-4.842091,18.352701,-16.47309,-6.8232064,-17.077274,2.688909,-13.178454,-26.674349,9.320111,-26.923803,25.612774,-39.258564,-11.841428
UCEC:C3N-01217,UCEC,24.85089,35.345768,0.8545864,2.4648976,-23.228558,-2.9135327,4.5992823,7.657481,1.276628,21.994858,21.947367,3.1460686,14.114741,21.718964,-9.352672,-5.695657,-30.691126,-6.1726093,-4.5289664,13.05242,-2.1761522,13.869925,2.7048166,0.5792765,10.921064,-5.246918,-24.30676,-15.516326,9.154819,-1.4590722,-9.733911,6.172888,-10.379184,12.779779,9.585353,21.023352,-34.346073,-22.598011,10.413667,6.111051,7.866523,-12.141381,-7.9401646,-9.363374,-2.1196299,-17.37269,14.437778,-4.8140893,28.68999,1.9406574,-16.178368,-0.2169635,3.9696863,-8.917204,-15.713008,5.9058657,5.8298545,1.8970097,-38.272118,1.5207472,9.981708,6.256026,-6.968643,-10.065682
UCEC:C3N-01219,UCEC,13.870349,18.53924,-1.1752352,4.9073896,15.901799,-10.383309,7.6892276,8.663879,-8.516917,18.68835,10.379574,8.819428,14.647426,-3.9655073,-6.780551,-6.6300554,-7.1045895,0.40815055,-22.695456,0.9187325,14.7362795,4.187138,-0.7410822,5.9936023,-5.273471,15.06853,4.788957,-20.594631,5.2439537,3.0875084,-7.41808,-5.709214,4.171812,3.9590282,12.628203,-6.261649,-7.00668,-10.106753,3.5318232,-19.452742,12.512119,-3.5826783,-14.549976,-5.57566,-5.0003695,-6.4021134,4.143997,-2.6579485,17.945261,-2.2925012,-10.927602,-4.989054,-9.43587,8.84114,-2.7900662,-2.6192186,8.621975,-5.1332965,-10.403285,-23.71223,9.853927,8.385563,-17.26067,-4.057781
UCEC:C3N-01267,UCEC,-0.9629692,13.899161,4.870044,2.8201144,-6.4800735,-14.222622,-2.9022615,7.2376785,-1.184846,8.63687,-1.547252,-0.4702355,0.7133909,0.9470582,3.4991968,4.749669,-20.259197,6.315808,-6.7810783,-4.3897276,13.502854,-1.5748148,-2.1886857,1.0473969,-6.588425,18.865969,-9.668383,-7.3827405,5.9310017,-14.205775,-4.7504067,-10.03574,9.894074,9.051252,4.726464,-6.870779,-0.7086841,5.4614635,-7.886591,-1.6913551,12.952423,-3.9666526,-7.072873,-22.10195,-1.0888691,-3.3561199,-4.4901805,9.43222,8.5025015,-4.8030343,-18.574074,-9.86358,-0.005449336,1.7429237,8.7554865,2.4638045,6.0692716,2.1176312,-2.9741294,-1.9282207,4.5516,-5.244924,-22.02666,-2.4127655
UCEC:C3N-01346,UCEC,-3.2796037,2.1111858,-6.7094426,-5.533144,-23.850739,-1.3900318,-8.751527,15.936045,1.4579105,-13.057077,5.548505,-0.0362368,15.011965,12.124401,-31.344116,18.901009,-22.101955,-5.2449017,16.774174,13.111297,-7.988445,0.9194596,11.481265,-29.527403,-13.049287,-11.862761,-46.685406,-2.509682,-2.3396523,-2.1907995,-2.4194398,-24.77633,7.936503,-32.442932,-10.677438,16.899109,-13.582773,-31.82682,-0.5424445,3.9702628,-14.167367,-13.466524,-33.58633,-17.044079,-5.591644,2.0427308,-11.062073,-1.5522981,41.832954,-29.121788,-4.396796,-0.5982724,-5.270574,-15.622152,-19.82107,5.0472684,4.174674,-18.865376,-16.559868,33.769596,-54.200916,43.874012,-29.716383,13.440145
UCEC:C3N-01349,UCEC,16.077427,24.693594,9.923063,11.973211,-1.8781164,18.255058,-32.076984,14.447602,-19.26626,-10.032204,43.59335,-7.6372805,16.25728,15.187059,-21.125013,33.76423,-17.112452,1.5531151,-28.294786,15.748258,-16.825306,11.71219,-1.4390318,-0.7319688,-26.95325,-13.257603,-46.790104,2.4596667,-6.4634137,12.380452,1.9859776,-35.0537,2.2479906,-45.102497,-13.557338,30.963629,-28.69663,-15.459263,12.556035,-11.211988,8.694817,13.123969,-48.88956,-28.79442,-2.420404,-7.6462293,-1.4835056,0.23709345,52.11679,-41.32712,-23.466995,-1.4020295,-7.2129006,-14.719514,-25.114164,-14.121003,8.944828,-9.614046,-16.731157,31.597666,-26.049665,31.061636,-48.28394,2.522493
UCEC:C3N-01510,UCEC,-3.5197508,13.131293,4.599622,0.97731036,14.79075,-9.693582,15.686587,3.631798,-1.3365669,5.96191,18.117798,-3.1196885,3.2747838,14.199421,-9.47155,-9.316446,-5.9919844,-0.8937262,-42.560524,-10.729541,-8.374653,-2.5190094,6.1000423,8.274142,-9.677687,8.958794,-23.860382,-17.638487,-13.025908,15.751222,-17.832981,-7.087076,-0.8937801,7.1221747,1.9708217,9.485552,-13.204693,0.22528377,9.945473,-10.593574,32.7833,4.680777,0.63464606,-0.8353727,13.504605,3.9004035,-6.6443567,5.8520503,10.537632,-20.601105,-9.936282,-12.023431,-10.964921,-4.46959,5.598987,2.763256,-1.1084347,19.893963,-6.079618,-0.12939596,-2.8515363,1.950896,-6.9732003,14.448325
UCEC:C3N-01520,UCEC,12.187394,22.727812,-7.36245,1.7682459,19.968317,-21.515783,4.3500195,17.555853,-11.937774,13.93133,18.247988,11.59567,4.736828,3.9022717,-4.8295302,-1.4620408,-4.591136,-12.412754,-7.553005,-4.656625,7.1827507,3.856809,-4.468487,15.376179,7.54419,6.2176666,3.1713276,-14.3101845,-8.228294,-1.2604514,-11.995252,9.6982565,3.6154292,9.372549,13.973784,3.2977216,-7.423131,-18.431746,12.153344,-12.086705,13.522324,-13.977843,-17.768978,-11.843769,-11.470428,-13.527191,4.953958,1.162205,11.6322775,0.5825134,-16.036678,-2.581964,-17.5684,11.508635,14.798016,-8.670833,7.5228724,-2.4478621,-28.128172,-11.594878,-8.675133,3.051451,-8.616778,-5.3511524
UCEC:C3N-01521,UCEC,23.668053,5.6043653,5.3139973,-11.8455305,-3.3165162,-8.7137165,3.5459044,4.9767103,-9.152233,14.659376,31.508081,4.4301443,4.4024305,10.813523,2.4561548,-16.16863,-4.332717,3.4423375,-16.772816,-24.878815,3.9893503,8.836431,-0.58418673,20.158428,-9.44759,-2.8352613,-10.557838,-18.692991,-11.3442745,-11.810765,-2.397591,2.799401,0.4830452,4.1183167,-9.740742,20.125483,-3.929783,2.2379043,-0.428258,-4.5271707,30.439318,-15.099488,7.7668304,-4.5049796,-10.933148,-16.214806,3.4950552,-19.414068,8.0147085,-19.897072,-18.743692,-1.3615584,4.9797792,-7.3582754,-4.2482586,10.406158,23.751905,7.6265106,-23.446997,2.0136404,-5.469416,13.435112,-4.065883,-14.394338
UCEC:C3N-01537,UCEC,-2.8739235,-6.8578315,-5.7789583,0.2751876,-7.2255497,-21.780016,-7.750907,-6.597763,-3.939002,-6.693019,-2.6755033,-2.2545023,-1.148247,4.4749913,-2.1604056,5.7893414,-6.429792,-1.1869519,-5.1582413,-11.183299,9.717485,-12.0806875,1.8629595,-13.10705,-11.553651,-3.753879,-7.88079,-16.951498,-1.9988282,-0.09671252,-5.3803587,-12.481181,8.468803,7.4656096,-4.093637,-1.6220942,-1.6634339,-2.9710803,1.358491,8.206635,1.5628812,-14.342928,4.170265,-18.678408,-5.676696,5.5915866,0.29563704,4.261251,-4.465101,-2.0873432,0.37670344,-9.397679,6.3101554,2.7473438,-2.8927455,-0.10052702,7.1404595,-5.5063367,-4.438551,7.2483644,-3.5919056,22.297953,-7.825247,-4.64934
UCEC:C3N-01802,UCEC,84.28565,140.61092,35.47184,-64.26265,-43.131634,18.851248,-58.194878,37.459908,-1.8157287,-23.400545,143.54832,-28.353304,2.7575438,25.258104,12.372501,102.42874,-148.02557,9.510678,62.46371,23.792456,-22.44656,-36.590733,-7.2841134,66.48084,-50.84244,-34.90927,-142.77649,75.500984,-68.2889,-54.44213,-60.844044,-52.05544,-71.80133,-45.820423,-92.89505,108.09322,-68.55616,91.6987,31.797306,-5.6526666,7.1797047,84.68556,-128.1699,-46.48704,52.290657,-7.811721,-6.8630123,-104.03078,201.56041,-152.75003,29.066751,63.04729,70.51835,-10.275372,-86.948555,-100.927315,1.8942018,-67.75125,-40.365894,29.39211,-84.51344,149.29065,-106.21892,-60.471764
UCEC:C3N-01825,UCEC,-0.17998146,10.017715,-15.384641,5.8980846,-20.162096,-13.918435,6.693549,15.4243145,13.411378,19.114489,-0.35873282,6.428651,16.73176,17.843018,-12.942021,7.6386323,-20.9661,11.888318,-3.402784,5.9036546,17.157974,-1.3416278,-4.4568377,10.195666,-2.3373532,24.130583,-9.575474,-2.311761,16.82769,4.6814446,1.2656926,-29.893131,12.169843,3.7036808,2.4176874,-5.71318,-7.564435,13.549348,0.9834382,2.7946935,-2.4576395,-6.5761833,-13.34084,-31.927729,9.670523,11.379537,-8.165331,3.0168595,22.374275,-8.488736,-1.322279,-4.332773,6.62752,22.342415,7.5285726,7.9821186,7.632501,15.32647,-1.1814367,8.256001,2.4764106,13.09506,-30.142828,13.199883
UCEC:C3L-00006.N,UCEC,20.248888,8.008026,10.672594,-26.127008,-17.508938,9.590401,13.37167,19.719084,-12.954172,-20.44327,65.88797,0.103398465,-4.5883346,7.094422,13.590884,59.494434,-62.259335,-12.857363,-4.2746844,24.318335,8.067619,5.0487976,0.72485477,4.004704,-14.482661,-14.683914,-22.1871,-21.930231,-12.38469,-7.939675,-38.126095,3.1891725,9.289918,-15.256264,2.323971,45.376354,-3.794576,-16.064531,-5.2105722,-22.298752,12.3268385,20.411594,-33.30655,-47.11016,11.511189,-4.894158,19.654682,-2.7229304,58.512863,-30.769741,-9.405823,-17.85544,20.838665,-31.116652,-4.3817654,11.541868,-13.717875,-4.892931,-27.851927,6.45096,-17.089924,37.484203,-32.214302,-2.8645153
UCEC:C3L-00361.N,UCEC,5.9023976,6.8757114,23.39578,-22.404797,-42.165474,5.084519,0.5175006,23.878487,2.4192252,21.193426,31.89219,-5.1891613,15.385977,9.566483,6.151044,31.030603,-41.245754,2.3670034,-1.2651919,32.658447,15.216972,16.474648,-12.484431,-8.358244,7.8946624,-7.187557,-40.91253,27.277338,7.264458,3.8644192,-19.290422,1.9144692,10.148202,-18.825125,-4.983819,35.73675,-3.0968022,-24.847908,-25.871645,-14.99443,-10.445939,1.0846298,-5.6556563,-27.292868,4.905214,22.296312,16.673248,-0.21643162,39.948433,-2.8581784,2.32947,-23.320808,13.654625,-4.5956836,-24.179844,18.678993,-15.92332,-4.2836733,-34.139534,3.282133,14.304904,29.891966,-30.257679,11.923742
UCEC:C3L-00563.N,UCEC,40.654453,-9.70441,22.066408,-24.526327,-33.592884,16.33613,-2.2407954,15.264496,-35.215496,6.816845,64.54988,0.80514926,-9.095274,23.031057,-2.4016626,52.988953,-50.403522,5.0642214,-38.100838,10.757896,15.974064,18.52071,43.984383,9.444336,4.632167,-1.7652382,-62.842552,-18.640648,11.982491,-0.018645458,-24.947369,-15.154798,-5.6683645,20.695747,-29.844477,33.627804,14.441127,12.476798,-25.188408,-18.774843,-10.554499,-2.515823,-25.037123,-36.658855,5.284814,-8.394539,0.025253639,-10.16211,66.389946,-26.923943,9.909361,-18.836761,14.938854,9.735956,-3.0735903,-0.22468922,-14.073681,-14.746201,-11.127626,-1.4006333,5.5281844,33.154873,-12.935853,-22.684229
UCEC:C3L-00586.N,UCEC,39.745514,-14.469171,37.21974,-17.080198,-44.483578,-25.694572,-30.410585,13.314849,-17.033033,17.181452,33.997063,48.69374,-24.410522,24.451637,11.66597,31.305954,-52.605934,10.753458,-16.502821,5.3575063,6.5106397,9.522686,51.603275,9.485467,15.398262,-19.407078,-87.15293,1.7225428,-9.312868,-8.71937,-35.102844,-23.900806,-7.875086,4.525958,-1.7708484,25.89464,-9.050698,-3.5222023,-14.546914,-20.933834,-5.0134597,-28.118895,-43.47519,-34.539536,13.88025,-7.903422,23.08011,-3.08586,73.351776,-10.717783,-19.111988,-12.857387,13.9056015,-14.14588,-22.884445,3.1514428,-7.2812953,11.187576,-41.339005,60.895157,-24.139374,41.73469,-39.067375,8.391834
UCEC:C3L-00601.N,UCEC,19.594578,-18.059978,26.102795,-33.277863,-49.20518,-10.727407,-26.04899,14.973179,-6.2417893,17.92934,44.608692,34.10208,-7.382634,29.464573,11.104749,28.255657,-36.770878,40.87914,-9.175656,7.892631,-2.670529,6.382262,33.475166,20.62184,17.380966,2.7441077,-83.3296,13.8144455,4.144379,12.580678,-28.326532,-25.193766,-19.042673,9.2419815,-7.3326383,29.218416,15.04741,24.509394,-28.663269,-11.376833,-12.588604,-3.5677671,-20.219461,-41.620388,6.6968536,2.9100137,9.224388,-2.11775,60.740135,-25.496555,7.9767866,-32.401573,13.674478,2.671349,-42.377987,5.684412,-8.258604,3.2595203,-13.598747,15.403657,2.317478,56.511333,-13.879341,10.203997
UCEC:C3L-00605.N,UCEC,11.381906,-11.698293,10.145325,-8.325375,-27.64674,10.772773,5.6796713,7.0754724,-12.139189,8.472108,25.878387,2.476706,-11.454337,17.735119,1.2049342,30.91774,-42.836906,-5.9348383,-21.402796,14.013145,20.324383,11.381668,13.909023,13.3021,-4.403311,1.1761839,-29.379522,-6.8374352,1.2075453,-4.2514687,-0.3228678,-7.8858247,3.3115509,6.3354063,-11.25436,13.761839,-4.2288065,1.8080918,-9.947464,-10.527626,-14.233329,-0.69717526,-22.652363,-20.037786,-3.4100044,0.43640277,0.6305816,2.8297298,46.60958,-9.67455,-14.810813,-18.199123,6.0712724,3.0780888,-4.077936,14.267201,-9.074418,7.0629644,-5.030405,12.089286,8.586627,7.610023,-23.593046,2.2401333
UCEC:C3L-00769.N,UCEC,8.962302,-0.61312973,10.654728,-18.327898,-14.9996605,4.9337354,10.875305,8.736648,-11.711795,-11.598015,41.544197,-1.8884052,-4.549882,5.2145414,12.320754,38.829395,-51.159527,-14.599081,-4.7082515,27.876898,4.292986,8.328313,-7.38187,0.518042,-12.266954,-7.0714674,-17.181225,-16.165316,-8.876858,-6.532963,-27.90384,0.53540534,9.037125,-17.07797,9.491795,32.638668,-6.998116,-17.476847,-7.3622537,-19.56526,4.768084,12.4072,-26.985197,-37.146763,0.72577864,0.5922859,14.97586,-1.3365943,43.122078,-26.823122,-8.094339,-19.743433,15.373683,-29.695875,-2.5877576,16.268955,-8.197313,-1.1169263,-18.87535,7.0897527,-13.028104,29.465652,-22.44861,9.074463
UCEC:C3L-00770.N,UCEC,20.239265,-18.287603,23.559422,-10.1624365,-37.236256,13.240429,-8.117343,7.7680326,-16.759218,2.2334998,42.85546,8.117013,-7.668276,14.872158,-9.130751,41.59337,-46.062344,-0.77416813,-6.0216208,16.61471,28.99011,3.596761,39.349712,23.491426,20.216122,-9.312149,-54.816395,-10.538757,-1.9093474,12.8159075,-7.903965,-11.409476,-9.638949,9.534807,-10.051799,16.484789,3.7775676,-5.2744584,-21.566875,-21.332708,-13.564314,-2.6240876,-33.275787,-20.262234,-10.384086,0.46862075,7.1933575,-5.7153864,42.69951,-10.480146,-9.470447,-21.478653,8.246381,9.17832,-11.3016205,19.969997,-16.230444,5.3761044,-25.54084,10.254643,21.160002,6.7796354,-10.072924,6.2746367
UCEC:C3L-00771.N,UCEC,24.352325,-8.980092,6.458452,-22.34913,-23.123077,15.256535,14.039775,16.407143,-29.953169,2.443892,27.646614,1.3866391,-9.411112,13.185558,-5.0233765,42.079277,-36.101345,6.2771034,-16.530243,15.881702,7.6607375,9.729644,37.45945,-5.1244564,-0.068027526,-2.940175,-51.751488,-12.439446,8.047664,-1.8170458,-5.319182,-6.961488,-2.1940436,7.055665,-13.987588,32.413055,5.602904,-12.131093,-19.770508,-3.2912657,-16.89966,-0.24554586,-30.254381,-14.686019,0.14914921,-7.6081343,-9.405499,-2.2875102,49.03124,-24.29506,-1.110687,-15.818152,9.1168165,0.3865099,10.068066,4.710035,-5.6161637,-2.9179337,-1.4991823,12.160043,1.2801982,36.44104,-24.730436,-11.875502
UCEC:C3L-00930.N,UCEC,10.689501,-8.797596,20.010813,-6.181791,-25.780195,0.6861665,-6.4910746,19.024273,6.197229,22.304613,48.752632,12.049278,3.0483685,14.896837,1.925686,9.434003,-37.370678,11.366726,-19.596684,27.455261,18.69347,4.3840065,-6.6731863,34.208897,27.836538,10.033179,-51.39516,1.7263999,12.830582,6.81749,9.747166,-9.993876,3.3686984,-0.77004206,-12.154745,16.015156,3.595412,-4.6258817,-15.94944,-10.086453,-29.213522,-9.794364,-20.78509,-6.7438664,-3.76033,-0.15498783,0.6813253,-2.1696336,56.514034,-6.017019,0.10724294,-17.819574,20.277641,2.5590162,-19.712337,6.159796,-16.535793,-1.6770092,-16.047749,13.2851925,25.467459,5.3191485,-5.6519675,-7.867755
UCEC:C3L-00932.N,UCEC,9.35884,-7.6896276,13.856476,-10.509664,-14.572036,19.102957,-6.4935007,3.5051682,-18.545116,-1.8650793,20.943392,5.4139485,-12.8540535,3.2269082,-3.7193065,8.299946,-31.237877,5.5385685,-11.698457,23.1421,12.216764,6.5778394,4.6623225,-0.895431,2.47759,5.09628,-27.154274,-2.0632942,0.85382557,4.712005,2.5948265,5.458347,-1.7417372,2.8284214,6.220487,11.893946,-4.9573317,-5.851054,-18.138405,-10.163444,-7.7642603,-5.3321195,-26.7481,-12.587484,-4.462097,-7.257324,-2.2052767,6.0716877,34.95768,-14.247651,-11.663154,-19.696186,6.325821,-14.360384,5.058668,13.311793,-2.695307,6.323038,-0.15793806,6.138667,6.3175,11.399058,-10.210975,9.765487
UCEC:C3L-00947.N,UCEC,26.548985,-6.013108,19.794323,-14.685051,-20.463923,21.39779,3.8197792,6.74578,-2.5302672,2.0923488,52.563686,-5.122279,-1.992101,9.640511,4.927264,24.547016,-71.2516,-2.2268043,-17.437412,32.082363,13.755442,9.217858,8.488545,-11.942244,-1.3627148,-11.677911,-32.502827,-6.017385,12.76292,-8.998665,2.6957498,-6.3240104,9.520033,-21.465778,15.272868,22.695005,-16.589622,-21.337742,-12.971069,-20.82511,-0.09354479,6.1278358,-30.321005,-26.034378,1.5299282,5.798427,10.336032,9.956501,58.562706,-27.324602,0.9994231,-19.734097,22.488409,-34.133724,6.5899067,12.810514,1.6053672,0.7686256,-16.544638,1.144639,-8.808054,40.010483,-19.146315,21.970457
UCEC:C3L-00963.N,UCEC,19.593695,-4.2907033,7.4608784,-17.403349,-20.901735,24.1147,-0.8593983,12.260395,-18.559408,-1.9995297,32.67157,-0.6372437,-16.070955,1.8251977,-2.6107247,38.021664,-47.66148,3.0534866,-20.289768,23.926865,22.354897,8.8531885,6.38198,4.748741,-1.62257,-0.9898083,-18.569752,-12.5856,8.480491,8.462982,-6.8979635,9.40715,8.921215,4.5732174,1.0509399,20.953829,-4.8830056,-6.204667,-24.0092,-15.036369,0.7858781,-4.064466,-22.164898,-26.294098,-0.92177373,-8.3860035,1.0066911,8.5711775,39.31639,-11.384287,-12.786865,-19.297777,9.346426,-6.2697887,7.467555,12.055524,-7.102245,14.51705,-2.7703757,4.547027,6.82293,18.336803,-17.804575,1.7658312
UCEC:C3L-01246.N,UCEC,16.888283,-5.314934,16.414276,-11.241328,-24.358774,10.332119,10.28123,6.356763,3.3981366,17.021555,28.582611,0.33551744,16.32541,3.767689,9.699647,12.02763,-60.615726,-5.3105173,-5.5097485,33.19928,28.907663,11.246217,-2.735928,10.351551,14.241627,9.343412,-47.02133,-3.2238228,9.358871,0.497621,9.205296,-1.0028597,8.203898,-14.412099,1.5987204,28.388065,-16.998713,-10.937054,-16.974121,-10.721902,-20.514206,3.9614675,-16.73097,-4.8052063,-1.3965895,-2.832008,9.702434,-1.3367555,56.657322,-5.856529,-11.740039,-26.899212,17.819757,-6.954223,-20.006693,21.881351,-6.6657195,6.149804,-24.342392,2.3930783,26.97254,15.438812,-10.72252,0.3274945
UCEC:C3L-01249.N,UCEC,2.0021167,10.251185,23.592724,-17.008944,-29.135195,9.6264,10.383762,25.055376,6.1761622,16.923998,17.26719,-5.3024893,16.55028,7.495668,-1.0221661,10.657325,-42.848553,-2.971873,7.701631,40.97952,11.470552,14.111472,-8.613894,-14.40707,6.271798,3.3426967,-37.08571,22.720608,9.810926,-4.756526,-14.47404,-7.382381,12.844807,-32.35367,3.4146154,30.955986,-10.2414255,-25.120825,-18.15752,-9.446525,-15.607409,9.107435,-11.597942,-9.499755,10.005404,24.848803,8.549282,10.187228,52.006313,-7.7139053,8.071655,-24.196589,4.1269956,-11.411728,-18.70827,24.293137,-13.972963,-5.0512524,-19.176363,3.0689952,6.4088364,24.92083,-27.572432,21.244526
UCEC:C3L-01252.N,UCEC,21.08087,1.863648,4.8078628,-9.411512,1.1509879,12.405756,5.7845383,23.098959,11.010586,2.5526109,56.919277,-2.7791138,-9.224899,10.093735,4.828292,46.90975,-63.898464,-1.472973,-6.1651793,24.011244,15.611428,-2.6752813,5.7545576,15.302,-8.923382,-5.601953,-25.495031,-13.221732,11.992502,-5.458492,-20.122814,1.2417198,9.553053,-10.848982,4.5525618,32.064804,-2.513366,7.759711,-4.203696,-15.416298,14.65039,17.208591,-11.789078,-25.151848,-3.0886042,3.8791983,-2.8562465,9.471268,64.01397,-42.930573,-8.402051,-33.552364,12.595439,-14.520603,1.8764887,14.840539,-6.156081,7.936675,-17.537268,1.72596,-9.493719,22.390457,-9.273987,-8.050318
UCEC:C3L-01256.N,UCEC,9.903824,4.8683453,7.924826,-31.80901,-26.127495,-6.4063997,8.374356,15.52441,6.5430417,1.247424,42.871765,-4.4363537,9.28439,1.2125967,12.5421715,27.064665,-71.4757,-2.9451716,24.231169,43.76263,14.0258,14.250768,5.5354395,4.761849,3.838834,-11.310215,-35.307056,-2.0708575,12.121273,-12.336898,-26.699795,-10.959285,28.087154,-24.903168,23.96957,39.93482,-7.867377,-20.177399,-9.408582,-7.579763,8.992383,17.179203,-15.877236,-22.347631,13.675464,8.1337595,-2.696839,11.979916,60.26461,-23.55372,2.9863353,-26.567394,29.481512,0.8901086,-11.8063345,31.235777,-9.410786,14.410973,-18.236055,2.912417,-3.6487076,44.95198,-31.382662,14.261194
UCEC:C3L-01257.N,UCEC,16.33565,-5.0245667,24.029272,-6.3107567,-24.83152,6.4064617,-1.7841461,7.024328,-3.9932423,18.801105,24.965897,8.268738,8.9030485,9.215461,4.739726,0.78083885,-39.579994,-0.81619585,-9.175981,27.477722,17.6647,14.96578,-3.78126,4.136379,10.486015,14.317697,-43.452534,-3.9521987,10.26598,-15.850027,5.033103,-2.0730526,-3.4548013,-3.8544197,0.8532988,21.00943,-10.15712,-15.052561,-15.605069,-5.460178,-20.611565,-3.5008028,-18.991558,2.5352716,-2.1651862,-10.377964,3.0961983,2.8942764,47.958366,-2.6930335,-11.712887,-18.833267,12.246816,-15.48856,-16.877724,7.685675,-8.751644,-7.8215322,-14.688882,11.4,10.036196,1.1034822,-8.99781,-0.5222053
UCEC:C3L-01282.N,UCEC,13.818578,-8.675394,14.430882,-17.103685,-34.96518,9.37585,8.608062,21.016212,4.8060675,2.1414642,41.985962,2.261753,2.640724,12.320789,2.110924,30.855804,-52.115036,-4.3740025,2.7760718,16.356861,18.41505,15.228874,8.168993,6.6918993,21.277222,-4.8868856,-28.132023,6.0438538,-1.0937035,-12.485679,-14.764099,0.71521443,-2.910194,-8.253612,-2.6232924,10.444521,0.5778936,-34.13158,-16.493303,-13.474427,-0.34163457,1.5452483,-18.06237,-13.625067,-5.539194,1.6405053,7.2493763,3.1252744,42.163956,-4.806646,-4.532492,-13.3304405,15.578179,-26.006813,-9.839715,25.55998,-10.368584,-0.9065534,-26.245571,12.457301,-5.1730585,29.327576,-17.225615,21.881178
UCEC:C3L-01304.N,UCEC,6.166122,1.6817625,13.18146,-20.3865,-30.501558,2.6203337,1.7628568,16.841015,7.427362,-4.622602,35.6617,0.602848,-2.369775,12.163244,11.054113,55.614693,-50.81917,-16.25599,14.080249,13.300506,14.723793,22.216269,4.1549797,12.193945,8.664374,-11.434793,-23.883568,5.579678,-7.4237323,-10.369632,-21.086618,2.9580154,3.155376,-7.6349792,-5.1155086,15.739378,8.437667,-32.7168,-14.192038,-7.2783155,10.683267,6.7523737,-15.957135,-21.015188,-3.4354455,10.296448,17.048555,-0.31765914,47.900932,-16.999928,-13.40699,-15.033136,10.920814,-13.366828,-20.766422,23.240746,-12.506784,0.56142604,-24.660704,26.070837,-14.692381,31.991974,-26.247637,18.210426
UCEC:C3L-01307.N,UCEC,14.055756,-11.955111,19.266901,-20.079111,-40.700314,10.677849,5.8649187,23.276049,13.7077465,8.591274,46.21083,6.3204894,2.9948442,14.054617,-0.2804812,35.459213,-51.29934,-1.05789,4.332924,21.129354,21.695778,23.054562,15.270422,8.529932,25.353855,-10.365751,-33.562126,12.0630455,-0.2193228,-7.6933403,-13.060214,-8.749183,-0.6074728,-6.1057215,-8.757791,14.671097,0.5213231,-28.806684,-24.107433,-14.559315,-2.3013117,0.2758553,-18.786814,-9.210464,-3.183907,8.970396,12.595077,-2.20846,44.61753,-4.941155,-5.7228794,-14.569621,15.274955,-16.275227,-17.057678,30.643812,-12.069128,-4.5101585,-27.2433,17.177319,-1.3355057,34.380386,-16.550484,24.61795
UCEC:C3L-01311.N,UCEC,6.414093,6.4171906,14.662741,-21.705688,-19.574574,-3.962823,-2.9927168,11.899432,1.4039497,0.8475883,28.070602,-0.05870936,11.572301,4.415367,16.79791,24.37225,-51.72326,-12.372147,10.912918,30.714344,12.293409,14.373101,1.2779875,2.9439185,0.25695306,-5.1310883,-25.260551,3.3694139,6.6224704,-16.54636,-23.62739,-5.449312,19.325003,-20.872087,12.7870245,28.33302,-13.35119,-25.494875,-13.4067955,-3.3421423,9.740971,12.596267,-10.963213,-18.789652,9.851038,4.9579735,4.023194,13.52831,42.517395,-13.994021,-4.833131,-19.17347,20.219376,-5.670011,-9.231654,28.482489,-3.5632312,1.9867204,-22.703386,7.0756116,-11.073353,16.431177,-22.951908,11.035281
UCEC:C3L-01744.N,UCEC,19.73864,7.655694,13.823628,-39.077915,-35.95851,-11.860931,-1.1097167,11.87574,1.1603937,-6.136821,43.060867,-5.683618,28.179785,-1.4276426,20.38476,37.265224,-74.12748,-26.360123,10.024912,46.987694,27.422047,16.83879,11.693041,-22.087582,3.1918402,-21.843296,-49.620255,0.434421,26.639612,-7.9415646,-51.88843,-17.35769,44.04878,-32.28187,27.386072,44.60497,-37.087368,-31.131706,-17.221628,-3.1948636,17.010218,11.928424,-28.105303,-43.369114,24.515448,-22.520502,4.2533426,13.560631,62.310696,-12.641854,4.043513,-22.077503,39.214497,-16.756603,-13.800453,29.636765,9.043543,10.015673,-25.86603,3.6323805,-28.588634,35.318455,-41.256184,3.2803555
UCEC:C3N-00200.N,UCEC,17.523674,-3.8887599,18.492285,-12.243687,-36.614502,2.2007816,-5.2139297,20.748947,-4.34664,18.071856,53.010136,6.7995114,7.905211,31.23276,-3.908903,38.29916,-46.717754,11.1659775,-21.491388,7.466026,36.397667,8.456132,11.573604,37.126904,24.531654,2.3048396,-44.73108,-5.5581307,8.851521,12.733667,-23.117731,-19.864931,1.3261663,23.557827,-19.15936,12.025155,12.2207775,0.68970037,-30.546885,-14.096434,-13.406417,-7.8984637,-26.762571,-28.546568,-13.828717,17.635265,4.745327,-21.056492,42.010387,-11.630511,-14.558164,-17.174088,16.378778,18.114414,-15.268907,21.938671,-27.37111,3.589619,-35.319817,9.922007,22.731812,4.976113,-17.588675,5.265989
UCEC:C3N-00333.N,UCEC,26.535528,8.451652,13.89752,-16.319065,-7.4641795,-3.6254635,11.64133,29.745464,-8.57477,-2.674639,74.266716,-1.7139018,-6.4040513,9.356715,2.5805485,61.761444,-63.925785,-1.2876474,-11.111592,21.948055,12.526064,-0.54231584,2.3275223,9.030292,-17.066813,0.028071504,-29.298126,-19.122004,-7.3966346,-12.235001,-40.550827,-1.4755946,24.281157,-6.829847,-4.076801,53.752983,-6.205159,-11.091543,-7.8978806,-13.744596,17.956903,23.672758,-36.966927,-48.34398,11.878395,-4.1190424,16.048296,0.32965875,60.248127,-27.39501,-10.594284,-20.67593,18.227709,-42.417625,-12.334923,25.11002,-21.00177,-7.6911516,-29.768084,9.179992,-18.472574,37.75883,-27.24908,-10.327575
UCEC:C3N-00383.N,UCEC,-7.651507,17.38654,7.8645654,-15.634225,-19.068888,1.4963034,5.0451703,31.434944,20.197159,14.604303,11.229897,5.5126286,16.647734,3.1512682,8.22352,19.828217,-28.428053,6.506828,-3.2345607,25.397125,11.738661,3.8006449,-15.417582,6.521757,-3.3388472,10.828882,-28.027742,12.888707,17.54703,0.6873563,-23.249722,-5.650142,11.361579,-13.021596,9.453265,26.112024,8.417394,8.0050535,-16.18787,-11.218929,2.1110485,-0.1291871,4.0998316,-20.10557,13.829448,23.018465,10.348118,9.046487,37.168537,-13.696059,1.3268764,-23.761417,8.300676,-9.592336,-24.555527,28.083794,-16.986425,-2.8562152,-14.469138,-3.0866532,19.364704,16.035803,-11.578815,7.04521
UCEC:C3N-00729.N,UCEC,60.222225,-19.805933,23.925814,-25.491104,-48.44246,-27.760523,-19.34436,17.334597,-18.353788,25.960657,48.2384,10.046508,-24.352528,29.923256,-12.285878,63.000576,-62.791092,56.901203,-19.670607,-1.2053133,-15.758313,-1.011956,72.35411,14.379801,6.400871,-3.5099273,-102.93678,-27.521482,-4.6985226,10.149235,-36.81995,-39.3465,-8.73077,33.837204,-2.2384164,52.86379,5.2018332,-0.57770574,-8.934858,-17.363516,1.9404641,-1.3578258,-35.319435,-54.191635,11.145653,-24.040714,6.8134794,11.92297,91.68427,-23.524813,-12.147488,-21.722193,9.301345,10.540697,-17.68624,-3.1548045,-22.836197,-0.1266767,-39.70909,40.273857,-18.536175,102.437515,-50.685497,-15.488124
UCEC:C3N-00858.N,UCEC,33.987705,-10.303446,11.99509,-17.430597,-6.6830263,20.554373,15.315484,15.673414,2.3130803,-4.7428956,69.94749,-8.547972,-20.793325,0.9586477,11.292375,35.06653,-95.23233,10.014212,-11.397048,27.963987,13.690224,0.18502069,2.5637634,2.3868148,-9.485634,-14.446075,-38.337753,-26.618935,8.556305,-12.984039,-4.600799,6.762971,8.0518465,-28.897556,8.637747,34.710155,-16.362728,-22.819443,1.0553255,-24.534906,5.2113605,17.149824,-30.270468,-28.22445,-10.678166,0.010494214,-2.4704082,5.5237913,91.19624,-48.037937,-3.1432085,-43.84551,20.930834,-35.6935,13.676561,11.699471,-2.8443484,4.4853406,-20.224611,7.728719,-15.930748,41.25657,-22.266523,-3.707975
UCEC:C3N-00866.N,UCEC,23.83807,-9.078566,18.227478,-13.751467,-24.197544,23.94567,-3.694219,17.119661,-22.726116,2.8351398,36.99912,6.5749974,-19.121956,3.160751,-6.129602,37.870983,-48.51105,8.142541,-23.775599,22.083206,24.055862,2.5578418,16.762466,9.59478,6.67929,2.7355864,-31.94424,-12.62909,9.569129,1.7693948,-7.1650524,1.2862554,0.92157376,11.350328,-3.6575572,30.27409,-2.6106153,2.5282404,-25.829037,-14.734679,-4.4890647,-7.9346814,-30.24523,-25.200214,4.374994,-13.651745,-2.0301309,12.202481,51.2248,-5.7702928,-13.743522,-18.639894,15.418345,-9.527674,3.23088,8.013709,-6.605312,8.347631,-6.5407925,3.3332574,4.400887,17.423115,-15.705989,-5.002481
UCEC:C3N-01211.N,UCEC,7.6040483,8.43698,1.1429604,-2.030903,-32.452675,3.03267,3.5931518,10.259299,0.57253075,7.60514,25.930593,-9.821582,-3.2083836,31.89401,-0.05450805,34.539124,-37.558865,-0.733642,6.920282,15.36206,27.575302,-5.5874634,20.99916,10.358183,1.5940561,11.277241,-35.26082,2.7199464,19.536087,-1.0607761,-10.198165,-19.438648,26.775211,-5.906025,-6.1212482,26.442358,-10.972545,12.187594,-12.8720665,5.6333003,-11.248762,9.496117,-24.643152,-17.414398,7.9483685,14.523107,-15.591097,6.721977,41.527977,-24.009754,-16.847605,-26.2598,6.4068227,8.842628,6.911431,32.903675,-18.502472,4.398864,2.027136,32.631176,-2.6949475,6.209955,-38.02078,0.4616341
UCEC:C3N-01346.N,UCEC,12.704177,-8.188833,7.7255583,-20.03098,-29.637411,13.840804,1.2771854,-9.556739,-6.1156735,-16.814707,32.138756,-2.0848346,4.9315457,19.391743,-10.0912,43.882137,-52.478237,-19.68519,36.59248,26.438433,6.6819606,11.157824,12.937353,-10.081378,5.5664935,-25.189468,-44.238697,-4.158701,-7.047635,-1.6095787,-8.088919,-15.022725,12.894735,-18.979883,1.204533,21.238998,-9.4982195,-27.3799,-24.227898,-13.467231,-2.2987268,11.877299,-28.702486,-16.1815,-6.422617,12.361507,4.0109754,0.9556134,61.351204,-38.691746,-6.4520335,-21.835701,14.571308,-2.5285053,-17.100252,20.550909,-8.002697,-2.7352803,-6.66974,42.362183,-27.760344,30.130209,-30.338434,16.127014
UCEC:NX1.N,UCEC,-0.41002297,2.3122985,4.891235,5.9117002,-23.720377,4.227976,-5.6755095,2.3515193,2.3147292,-11.105629,15.542815,1.0280232,21.209301,9.860688,-20.757526,10.178303,-36.305466,-10.9761095,23.79437,19.951187,-6.9166346,2.0889316,-6.351342,-34.426796,-2.147382,-8.190792,-52.901653,2.7683525,-0.944783,-1.1875155,-4.583318,-13.645797,-4.025698,-23.623638,-3.5622032,9.863249,-13.304347,-27.92979,-14.435928,-6.4938064,-15.353228,-15.849785,-36.08421,5.2530975,-8.38974,11.302082,-6.6379094,-0.8011497,44.39541,-37.017002,2.6478102,-8.117695,-5.190843,-21.755966,-11.952549,11.419453,2.0958815,-13.178415,-16.776196,32.176968,-35.71928,18.871017,-20.744905,14.505385
UCEC:NX10.N,UCEC,17.648434,-3.6834095,12.945587,-0.48759466,-10.928075,-6.15333,-2.014885,6.1028614,-27.394392,-0.15177575,10.2638235,14.545828,-11.597381,-3.0432508,-11.615417,27.058659,-62.257267,-9.625006,-6.175794,-12.116624,-1.1150883,1.6723883,4.735718,-14.951405,-19.039576,-4.079707,-51.79541,-25.920784,-11.355553,-11.082459,-40.757053,8.610557,-19.376017,-6.58785,21.225176,14.945215,9.87901,-5.907162,10.849763,-23.871756,11.943426,6.167383,-48.578182,22.354115,-13.995755,-17.694618,-0.99078643,19.708557,48.15206,-59.924168,-17.174742,-3.6133533,4.9076896,-42.200207,-3.7576103,-1.0670063,2.0158956,20.498486,-4.136109,5.301505,-28.738539,32.11278,-18.918968,-16.987633
UCEC:NX11.N,UCEC,18.713392,2.2333395,17.685959,-1.7389786,-37.671234,4.9134645,-2.941746,21.789396,-22.138577,-8.725929,10.197252,20.500402,9.7245455,10.8359165,-19.9638,37.036785,-43.58363,-4.0406046,2.7399614,0.5684248,7.5981016,2.5355122,2.3672884,-21.15843,-21.999905,7.680044,-63.292206,-28.914465,-6.0838256,-10.830612,-38.386524,14.522185,-37.826057,3.0917583,27.87225,19.17511,9.192765,-27.960335,3.0020688,-29.714403,23.302881,8.613972,-54.469646,31.771048,-11.421668,-15.827165,6.4474773,11.571713,34.82595,-52.87076,-14.835564,5.395434,-6.3532014,-50.66336,-17.218609,0.61024934,-7.3834863,11.671423,-16.056646,10.286757,-25.563429,32.20946,-12.391589,-4.6156206
UCEC:NX12.N,UCEC,9.607312,-1.9648832,12.071969,27.95925,3.0235093,-22.182402,-14.390179,9.441335,-7.23892,6.17212,3.6159847,12.660888,5.3304024,10.581324,-15.147763,18.682135,-28.99796,-4.7326717,-11.616224,-6.923082,1.8122927,7.0289893,-1.2761887,-4.8676944,1.4678749,-0.83478934,-38.7589,-16.12571,1.0430875,-6.3887787,-33.85457,8.664959,-9.67396,2.9055374,20.909494,-7.8244014,3.9152248,0.49051598,5.823193,-2.3969307,3.471454,-16.244862,-35.002968,19.626503,-0.035095654,-14.068192,1.8542157,25.719439,17.69715,-40.257343,-2.3548663,-7.096293,-13.37856,-20.347439,7.085066,8.285199,2.5084739,12.898886,-4.958466,4.77738,-30.16756,4.4822955,4.5178304,-12.532078
UCEC:NX13.N,UCEC,15.308312,1.317794,14.25388,5.759935,-24.908287,1.2439454,-3.3503664,23.630037,-9.365385,-8.250205,16.512,14.332236,12.02148,6.6216526,-24.499163,34.9945,-29.527412,-5.441988,2.7928302,-5.7951922,9.924119,1.9706242,1.6756921,-15.512947,-16.951582,9.121456,-59.084427,-26.49682,-0.6805413,-5.8266444,-40.36158,17.227331,-30.225784,5.307472,25.42176,20.407883,13.253213,-20.727062,3.7916596,-23.530552,20.873564,10.50901,-53.21351,31.143276,-6.534643,-10.939808,2.193148,13.139552,27.917337,-56.136242,-13.723348,-1.9443328,-8.002439,-43.660904,-10.023428,9.339669,-10.915748,13.051742,-16.61384,8.010401,-34.982815,23.479809,1.889945,-9.320056
UCEC:NX14.N,UCEC,15.416579,1.8853146,8.970668,6.3818536,-23.272623,-7.9284687,1.4728377,8.412009,-22.76194,-7.3078094,9.898581,18.548023,4.6408806,14.23554,-13.237491,16.770052,-44.773754,-2.578982,-4.6745234,-12.4940405,-9.461518,0.66660285,-3.2864459,-24.100784,-14.972679,6.8399663,-53.599327,-20.009905,-3.7443092,-1.7696573,-37.168972,17.994658,-27.812479,-4.329201,23.1264,1.9148501,8.085399,-19.966434,8.141991,-16.23355,9.1104145,-3.6138043,-39.899292,28.628643,-10.327693,-15.600797,3.5814033,22.776983,33.633476,-37.648357,-10.393983,-0.7103699,-6.720569,-51.72731,-5.168532,5.20964,-5.0978327,14.804775,-12.538636,4.9020634,-15.588551,25.73803,-6.3999224,-9.658888
UCEC:NX15.N,UCEC,22.308916,2.3423836,16.708206,3.8679388,-22.821276,2.905963,5.6572986,16.453106,-17.215929,-6.337046,14.760549,11.153196,12.075045,2.0694287,-24.978615,16.644669,-34.93669,0.34209383,7.4638863,-8.662126,-0.75119054,-0.8043487,-1.665756,-22.613087,-22.769592,10.806542,-62.165127,-23.104284,-8.77468,-2.4410787,-33.346874,14.2707205,-29.57139,1.453801,25.59164,22.021275,13.396774,-23.669003,12.007469,-22.020239,16.65177,8.006785,-52.49249,32.95735,-13.587872,-16.00842,-0.9871782,12.310495,32.624477,-48.924595,-16.267328,0.36246634,-11.383038,-53.04792,-9.4764,5.736391,-7.5075617,16.126625,-13.404603,9.36467,-26.261728,35.542355,-5.6497803,-10.488187
UCEC:NX16.N,UCEC,18.963707,-8.916804,19.199863,1.6982319,-14.664669,-2.9129887,2.5242264,3.1354234,-24.018675,-0.9026071,15.932308,14.04961,-1.6039565,0.84883666,-15.866557,18.921381,-56.365257,4.898071,1.2967708,-5.982516,-4.8427777,-3.822501,4.434491,-19.823769,-13.676441,3.5912838,-62.56215,-23.683214,-12.109953,-8.860886,-31.5251,10.048507,-17.987665,-7.121418,22.623396,21.8149,3.7204506,-6.636404,11.02701,-20.958803,9.840261,5.873368,-48.388042,30.274597,-11.169904,-22.215752,-7.054549,14.467315,48.48136,-49.01354,-17.64758,1.6477603,7.405991,-52.448307,-3.3903112,8.405193,-1.2411549,10.538553,-5.4000945,2.7222114,-23.015959,37.77459,-13.784733,-16.898836
UCEC:NX17.N,UCEC,9.284713,-8.3576765,11.846869,12.538876,4.2290297,-16.996395,-5.384687,2.766428,-15.891137,19.428503,5.9672523,13.00498,-8.92136,10.07334,-6.795392,21.173843,-47.811275,-1.2449714,-0.91917443,-9.958664,-8.362646,5.519972,2.0387475,-2.5466924,7.417397,3.8338518,-48.05356,-1.470684,-6.133967,-9.022412,-35.386673,5.564572,-12.976576,2.822333,6.095298,-0.036743455,-0.3628825,22.754942,19.061855,-4.1629004,6.1165457,-5.6086807,-47.562527,15.546022,-1.7778194,-18.248093,4.4890537,12.94968,36.803307,-42.773582,-8.97453,-0.9719701,5.6757364,-26.4172,-1.1724072,2.0486963,18.241276,9.332077,7.3195357,-2.2522342,-24.746061,22.431171,-8.581647,-28.072435
UCEC:NX18.N,UCEC,12.790627,0.62500155,12.222384,6.317358,-19.919874,-1.1413403,-0.7309254,11.808576,-14.812043,-2.0634828,8.069553,12.243302,9.041677,7.7675104,-19.613602,20.556767,-30.11263,-2.4178145,-4.0353093,-8.395711,-0.76373327,3.0521452,-1.7337105,-16.567041,-19.68163,12.895864,-51.469383,-22.833654,-6.761039,-2.1782908,-30.89188,16.894745,-30.14807,5.1793213,24.80162,10.443522,15.298678,-20.221083,6.925207,-16.821585,15.447561,4.1215405,-46.238415,24.45444,-11.226054,-11.312765,6.7321615,18.15553,22.006433,-43.33524,-12.362699,0.13058099,-10.481253,-49.04962,-9.369578,4.7821608,-6.713401,13.534063,-10.073444,8.022734,-24.688446,23.599838,-2.3764405,-10.135496
UCEC:NX2.N,UCEC,-1.1742841,-7.0512047,-6.3203063,7.8110695,-12.681795,4.5927067,-12.292341,-5.912661,2.64881,-12.542317,29.13582,-12.294288,10.727854,27.93163,-12.3086195,31.675205,-64.56971,-22.263916,25.576998,24.501009,-16.330786,15.168896,-1.8300946,-24.742002,2.3955216,-23.093225,-54.17199,10.985478,-9.00166,-7.777328,-11.856288,-15.379458,-9.589053,-20.746725,-5.722384,-2.0651033,-17.833525,2.0988998,-2.974,5.3863735,-3.6371396,-15.292323,-39.618618,-18.222063,-12.039029,9.721555,0.21097866,9.574228,41.659008,-59.490208,-2.9892592,-1.4198282,11.015897,-10.036415,-8.165942,6.3015842,5.850901,-9.72022,-12.553795,44.91841,-45.067905,26.16055,-33.251827,-3.4910464
UCEC:NX3.N,UCEC,12.092963,-2.6725123,30.431,-10.501082,-16.15411,24.087225,-2.2543252,-12.363344,-24.237343,9.584738,35.371666,-8.082663,-3.8669133,-5.1438894,-3.1278512,29.3649,-71.906555,-2.3566844,-12.24399,28.559189,6.3112555,3.6840703,2.1502707,-28.932154,-18.510471,-6.031067,-51.84738,-10.747698,-14.687578,-1.9483863,1.3393055,-0.52546865,2.3172922,-19.182566,9.105332,29.908115,-14.110028,-30.845669,-19.253845,-16.187777,0.35785788,2.3097746,-40.63153,-17.13013,-19.467659,-10.523846,6.1075716,-15.228085,73.22631,-31.938868,-14.757451,-23.840765,9.760264,-33.789078,0.9040941,6.408338,6.4668655,5.993326,-20.097107,20.791868,-7.9298024,29.482946,-42.385048,-0.44018775
UCEC:NX4.N,UCEC,-1.1841341,2.6466844,15.628545,6.338259,-0.34948084,17.875734,-3.8758483,-3.5326786,-13.661177,6.724786,21.455385,-3.81283,5.5994062,11.170507,-4.117446,22.274796,-28.739347,5.079642,-17.022772,3.421017,-6.479015,7.0131845,-0.655505,-5.6772847,-10.345317,0.9777081,-23.451544,0.45270532,-10.998949,6.612274,0.50323147,-6.8938227,-6.6393895,-12.88703,0.48274028,4.436365,-2.3040657,-5.8590016,-7.0950747,-9.409562,11.897472,9.672181,-21.602003,-3.633685,-15.0214205,-10.422341,2.03907,-4.1663885,39.93972,-25.544872,-14.558442,-5.1129427,2.3535643,-24.018179,-9.60211,-0.996175,9.75182,1.2851025,0.8098658,12.456784,-3.2678468,9.947255,-19.338717,-3.2909849
UCEC:NX5.N,UCEC,-0.5245584,8.697684,6.647594,0.76550716,-17.538424,-9.760649,-4.64514,-28.417112,-22.964432,-6.160029,7.370095,-3.68667,1.5662997,7.017157,-13.045676,34.92379,-60.592888,-2.9948409,0.8319609,-16.24311,-16.566923,-1.1593208,1.7496017,-25.014174,-9.946571,-0.2504365,-50.201805,-5.318695,-21.938667,1.193479,0.496244,9.948009,-28.52228,-16.432478,5.1067243,11.110878,-18.258057,4.9900827,13.47071,-12.895766,-1.9202152,7.351462,-47.1875,-19.930677,-35.93031,6.551456,9.618837,1.3326507,48.063953,-56.518745,-26.44045,-2.1772242,13.322559,-37.428192,-6.230006,-4.214205,28.115574,4.1979527,-7.548227,12.41471,-6.878807,49.600353,-40.33917,-4.235549
UCEC:NX6.N,UCEC,4.27772,16.578539,4.9707875,7.7432947,-21.333399,-9.570143,-8.82518,-32.69428,-15.41944,-5.2148023,13.520538,-4.632128,7.9625397,11.373413,-19.17262,23.511755,-53.542217,-0.56584775,-7.8687983,-5.004111,-14.492871,3.9570494,3.6098492,-37.842083,-20.866262,-3.9559793,-46.97127,-8.330207,-11.003361,-0.034827404,7.582291,4.57094,-19.421595,-29.433762,9.482102,14.7705765,-28.66899,-16.501677,0.89126223,-4.410504,-3.6689713,-5.3347287,-34.008553,-4.4205704,-18.734415,9.14613,4.199567,10.46135,46.298016,-35.07787,-27.116262,-3.6642194,8.954088,-29.826218,2.5473657,3.7029858,25.619608,6.4234,-18.177887,12.259282,-6.6289406,27.399527,-27.237661,8.667577
UCEC:NX7.N,UCEC,3.0939095,6.0373707,2.7350008,0.80042404,-20.746897,-8.4058275,-3.4171221,-38.716682,-23.983591,-9.96998,5.936189,-7.3233366,-3.1758263,14.754564,-13.624547,39.10108,-66.204796,-10.115517,1.6517503,1.6252915,-12.882616,7.418725,4.5556517,-37.42771,-23.425737,-10.369786,-51.96823,-13.583238,-19.069538,2.15616,0.8135293,12.271329,-15.297727,-29.069576,6.6887097,15.5096035,-31.57661,-9.132516,10.864366,-8.524595,-1.8622068,4.9642153,-42.8347,-23.587826,-36.006096,15.773741,7.705633,-1.1172769,57.444244,-67.93124,-33.758854,-14.218208,10.745108,-31.084524,0.5645869,-1.2748804,25.63755,10.213734,-6.7483706,26.773897,-18.110518,48.273518,-47.02624,2.7859879
UCEC:NX8.N,UCEC,-6.2307982,-1.5742997,29.69109,2.2842665,-17.899555,14.298559,-12.060791,8.360171,-6.611406,11.859611,23.279707,-4.6730623,3.4696395,-2.878524,-15.54308,7.446481,-41.12221,12.211601,-14.230515,7.9917502,3.2449381,0.486238,1.3811011,-8.532026,-1.3732854,15.008942,-50.728157,-2.698341,-0.24969101,-6.886091,2.9191222,3.1909983,-19.052458,-22.023607,14.807925,24.530483,-6.952131,-15.5721245,-11.809776,-7.7201943,-10.2095995,7.797252,-42.470062,3.3845918,-10.802674,-11.602702,4.352768,0.19858837,53.692047,-22.79154,-10.429116,-12.489432,18.246977,-32.725243,-11.598965,-1.8840528,0.6209872,-3.5603633,-19.88495,8.4013195,-7.145752,14.494797,-15.67801,0.5161361
UCEC:NX9.N,UCEC,13.468069,-3.307141,38.428616,-1.3341601,-23.450956,7.0170555,-13.203181,6.479261,-10.9416065,16.511219,45.433067,-1.2703934,-6.52402,9.597401,-9.4629545,9.966611,-70.69858,21.146793,-25.1551,6.3505635,11.550503,-2.0274022,6.4777546,-4.7214866,8.849171,8.379054,-63.827248,-1.1019087,-2.083308,-7.561767,1.9902779,4.2076774,-15.94861,-16.362463,7.892296,39.583954,-8.799909,-14.355128,-17.7539,-7.393831,-19.13091,1.4036791,-44.706245,3.3611267,-8.787117,-22.761765,4.1776304,5.320337,79.84418,-16.866812,-5.54504,-13.691328,25.504433,-42.808937,-6.685885,-2.082362,2.2830238,-1.2678455,-27.009962,-0.16956815,-5.443956,13.918243,-25.0938,-4.9123363
